Campaign_ID,Customer_ID,Date,Channel,Product,Campaign_Type,Location,Customer_Segment,Customer_Age,Marketing_Spend,Impressions,Clicks,Leads,Conversions,Revenue,Purchase_Frequency,Customer_Lifetime_Value
CMP_103,CUST_0122,2026-08-03,YouTube,Home Care,Retargeting,Kolkata,Premium,55,10517.943155978948,25916,641,164,12,13867.462330003795,2,2245.9324496104446
CMP_089,CUST_0475,2026-02-28,Email,Beverages,Product Launch,Delhi,Regular,24,42986.79231294927,317480,26244,10074,1009,1451672.4432986646,5,9786.554552176394
CMP_009,CUST_1370,2026-02-22,Meta Ads,Packaged Foods,Awareness,Hyderabad,Regular,21,26934.913434104154,134986,4625,2504,178,146387.97744227663,2,2740.976975943209
CMP_146,CUST_0730,2026-02-13,LinkedIn,Snacks,Product Launch,Chennai,Premium,33,94252.39944859796,226953,6302,1770,87,158488.42320059126,2,6492.061642732227
CMP_041,CUST_1181,2026-01-15,Meta Ads,Beverages,Product Launch,Hyderabad,Premium,52,20700.359210985236,165391,3565,1257,48,64091.911939505444,1,2223.610327910179
CMP_072,CUST_0780,2026-02-02,Meta Ads,Snacks,Awareness,Hyderabad,Budget,43,11038.043277172244,49581,1750,828,34,25618.50590301523,7,9972.793872985012
CMP_063,CUST_0864,2026-08-19,Instagram,Beverages,Conversion,Delhi,Premium,24,50160.17120230062,163985,5066,2338,140,189566.79913854887,11,25006.86878939924
CMP_134,CUST_0796,2026-01-28,YouTube,Snacks,Conversion,Kolkata,Regular,18,25751.841535599193,100027,1897,555,21,18386.39178402097,9,12832.244133212133
CMP_103,CUST_0710,2026-05-17,Google Ads,Packaged Foods,Seasonal,Mumbai,Budget,29,51058.84727910341,146508,5695,1759,107,87510.773300052,7,9501.737206598495
CMP_113,CUST_0002,2026-05-10,Google Ads,Home Care,Awareness,Mumbai,Budget,21,44048.51626523197,336487,17951,8764,482,414952.77790422476,7,12097.200573489683
CMP_139,CUST_0752,2026-05-24,Instagram,Beverages,Seasonal,Hyderabad,Regular,58,84353.7370809776,373482,16418,4199,263,240497.43205361138,1,1254.49157047147
CMP_042,CUST_0263,2026-09-09,Meta Ads,Beverages,Retargeting,Hyderabad,Premium,26,21620.71807411394,48682,1085,649,47,66180.28193223954,9,15239.63138726206
CMP_113,CUST_1444,2026-04-14,Instagram,Packaged Foods,Awareness,Hyderabad,Budget,33,62610.760667661045,508885,18593,4681,192,133680.790269155,9,6305.930933301657
CMP_145,CUST_0640,2026-02-02,YouTube,Beverages,Seasonal,Hyderabad,Budget,50,56541.321902715434,196386,3150,1437,58,35369.52660627802,5,3350.573313779936
CMP_046,CUST_1397,2026-01-06,Instagram,Packaged Foods,Retargeting,Mumbai,Premium,20,40165.07652426722,321062,11027,6487,374,492637.57437103614,2,4008.3601254812534
CMP_032,CUST_0854,2026-05-31,LinkedIn,Snacks,Retargeting,Chennai,Regular,43,18307.981447469785,62903,1656,817,44,58689.84016234247,3,5189.31757726443
CMP_036,CUST_0685,2026-01-20,Email,Packaged Foods,Conversion,Pune,Premium,39,66746.57342388769,189810,15713,5787,680,1207626.7616275884,3,8057.052943552485
CMP_049,CUST_0682,2026-09-28,LinkedIn,Home Care,Conversion,Delhi,Regular,47,39218.11093406998,242191,7471,2432,100,121532.40433726177,3,7911.249496697194
CMP_147,CUST_0657,2026-04-30,YouTube,Home Care,Conversion,Hyderabad,Regular,42,30729.06386989705,116019,2051,637,24,16876.53025843695,8,14333.06277286504
CMP_076,CUST_0154,2026-05-24,Google Ads,Home Care,Seasonal,Chennai,Premium,33,20071.41252603665,125717,5080,1437,95,128570.90123862344,10,31151.134858733734
CMP_101,CUST_0023,2026-09-07,Email,Packaged Foods,Awareness,Chennai,Regular,21,63505.75931496057,192686,15117,7090,699,944124.2462194685,8,24046.15727753287
CMP_124,CUST_0957,2026-06-28,Meta Ads,Beverages,Product Launch,Bangalore,Regular,52,82960.75019567576,254044,8194,2641,181,159974.42663024305,7,5802.430425009053
CMP_115,CUST_0617,2026-07-15,Email,Snacks,Conversion,Delhi,Regular,52,70824.58407573424,301443,25738,11370,1232,1619423.3460641077,4,7162.153729238657
CMP_013,CUST_0279,2026-08-05,LinkedIn,Home Care,Product Launch,Mumbai,Budget,58,27632.434478378047,112946,2685,1037,84,76621.09111059128,3,3008.8401541897456
CMP_144,CUST_0885,2026-03-10,YouTube,Packaged Foods,Retargeting,Delhi,Budget,56,32855.02331131613,143811,3375,1778,80,46037.11979906566,10,8722.135419382917
CMP_076,CUST_1033,2026-03-15,Email,Personal Care,Retargeting,Delhi,Budget,46,84511.56805255052,208122,16004,5247,696,588105.8761539164,5,5608.536202132956
CMP_071,CUST_0217,2026-05-12,Email,Beverages,Product Launch,Mumbai,Budget,62,38270.73343652979,108201,5618,2790,286,268676.84028119623,2,2993.855796356277
CMP_105,CUST_1025,2026-07-09,Meta Ads,Packaged Foods,Product Launch,Kolkata,Budget,38,43021.17482284236,154949,4688,1887,73,42632.250758956114,11,17541.538116104883
CMP_146,CUST_0047,2026-08-21,YouTube,Personal Care,Retargeting,Hyderabad,Premium,45,25596.865125716668,117858,2865,1634,57,55835.74852135817,4,6432.563518011778
CMP_041,CUST_0740,2026-07-11,Meta Ads,Packaged Foods,Conversion,Hyderabad,Premium,23,48057.88044873895,367796,9965,4593,178,189597.44963356885,2,3665.1359475176578
CMP_109,CUST_1029,2026-04-29,Email,Beverages,Conversion,Delhi,Regular,30,44069.23607561006,117015,9839,3757,394,561552.1825442854,1,1995.972964564312
CMP_095,CUST_0771,2026-01-23,Instagram,Beverages,Seasonal,Pune,Regular,18,78053.8044421485,180775,5899,2404,120,108340.43444989642,1,1773.8637459888703
CMP_118,CUST_0771,2026-09-25,Meta Ads,Packaged Foods,Conversion,Delhi,Regular,51,82556.64484524092,187871,5159,2049,178,167278.51117096256,4,6230.371398222563
CMP_133,CUST_0797,2026-05-18,Google Ads,Packaged Foods,Conversion,Bangalore,Premium,28,93025.82439034196,329413,14197,8418,436,693876.6009975674,3,7632.964486484009
CMP_096,CUST_1219,2026-06-04,Instagram,Packaged Foods,Product Launch,Mumbai,Budget,43,68417.98515949759,386836,12462,3887,164,105728.54706923751,2,1299.0621533144783
CMP_047,CUST_1145,2026-08-02,Meta Ads,Home Care,Retargeting,Mumbai,Regular,39,12767.108035142832,31270,1057,541,22,18280.790810723403,10,18827.31775674506
CMP_056,CUST_0883,2026-01-07,LinkedIn,Snacks,Seasonal,Delhi,Regular,56,70280.72301331646,176289,4170,1622,78,99786.8898353511,9,28088.007897505286
CMP_013,CUST_1236,2026-01-25,LinkedIn,Snacks,Product Launch,Mumbai,Premium,23,69514.72031872651,182728,3969,1738,88,157891.16302835537,4,14349.32838559374
CMP_121,CUST_1313,2026-05-30,Meta Ads,Personal Care,Retargeting,Kolkata,Regular,20,26406.615782690184,109767,3880,1089,68,70062.36663608706,3,2243.732989756177
CMP_004,CUST_0646,2026-04-28,Email,Packaged Foods,Conversion,Hyderabad,Budget,23,29500.768569269283,167244,14439,6423,762,799616.0299521463,10,12658.637830192632
CMP_140,CUST_0559,2026-01-01,Instagram,Packaged Foods,Awareness,Hyderabad,Premium,27,63008.9040319551,292726,8494,3553,207,229886.6844985341,5,5208.143618248759
CMP_063,CUST_0329,2026-09-30,YouTube,Snacks,Seasonal,Delhi,Premium,31,16086.126093459725,58252,1390,399,19,21374.614727335218,5,10340.028208471365
CMP_001,CUST_1320,2026-03-01,Google Ads,Snacks,Product Launch,Bangalore,Budget,43,84973.73379203584,511505,20965,6442,514,459169.40850267827,4,4413.862826683335
CMP_032,CUST_0422,2026-01-23,Meta Ads,Beverages,Conversion,Pune,Regular,23,46680.74416189221,150306,3690,1609,58,54287.85690490698,6,7375.248914676606
CMP_033,CUST_0478,2026-08-19,Instagram,Snacks,Product Launch,Pune,Budget,22,59449.33067945192,132333,5207,2720,164,114996.8899287676,11,14606.195973087415
CMP_136,CUST_1285,2026-06-06,LinkedIn,Home Care,Product Launch,Kolkata,Budget,28,26778.88254710094,74729,2111,1040,51,51996.707158247205,10,14514.057990637
CMP_141,CUST_0958,2026-07-29,LinkedIn,Snacks,Retargeting,Hyderabad,Regular,26,63088.15236629154,500793,15866,9089,421,619872.5258188118,6,7824.144815179882
CMP_046,CUST_1429,2026-04-20,LinkedIn,Beverages,Retargeting,Pune,Premium,26,22700.483551941466,57270,1166,384,14,26003.75007274857,10,40915.68130345411
CMP_025,CUST_0075,2026-07-29,Email,Snacks,Awareness,Bangalore,Budget,41,50679.51291846199,119784,8945,5093,559,475811.8880201091,1,1327.565276717134
CMP_049,CUST_0967,2026-03-25,Instagram,Snacks,Product Launch,Delhi,Premium,36,48603.95386161624,159928,5689,1789,113,128249.11135763432,1,989.2992645546711
CMP_115,CUST_1199,2026-07-13,LinkedIn,Personal Care,Conversion,Mumbai,Regular,27,55773.30966943846,200077,6196,1772,87,135640.88639046383,10,32558.843753689445
CMP_032,CUST_1202,2026-01-08,Meta Ads,Packaged Foods,Awareness,Pune,Budget,20,7574.119287830932,39193,1303,334,10,7627.30175169416,3,3867.078476280079
CMP_142,CUST_0735,2026-01-07,Meta Ads,Personal Care,Retargeting,Hyderabad,Premium,19,65157.87361654125,179573,5654,2806,205,240993.27592935832,3,6573.762611293007
CMP_137,CUST_1250,2026-02-22,YouTube,Packaged Foods,Seasonal,Kolkata,Regular,49,32974.247156482175,76154,1398,774,29,25297.27882723127,1,1218.0924181166913
CMP_103,CUST_1225,2026-09-03,Google Ads,Beverages,Conversion,Kolkata,Premium,51,66280.1459380863,255747,13412,7214,662,1006989.8269689226,1,2211.0487982259006
CMP_106,CUST_0342,2026-01-27,LinkedIn,Snacks,Product Launch,Pune,Premium,45,90501.77097556999,221609,6886,3324,180,339033.0063988992,10,28680.018593363588
CMP_036,CUST_1395,2026-01-29,Meta Ads,Packaged Foods,Retargeting,Mumbai,Budget,39,41983.08333398777,195026,7027,2487,94,68670.977404791,5,5475.543979337218
CMP_081,CUST_0958,2026-07-20,Meta Ads,Packaged Foods,Product Launch,Bangalore,Budget,20,78236.65935585309,504175,15533,6577,307,194012.48146829088,2,2914.6594422338076
CMP_101,CUST_1068,2026-01-17,YouTube,Personal Care,Conversion,Hyderabad,Budget,32,95272.54861297623,356583,7321,4067,118,67788.70368663469,11,15339.03285911473
CMP_026,CUST_0981,2026-03-27,Email,Snacks,Conversion,Pune,Premium,35,91971.38827086397,700989,46985,26947,3561,6884078.866083312,11,41007.46393116731
CMP_098,CUST_0131,2026-06-20,Google Ads,Personal Care,Product Launch,Hyderabad,Premium,33,37288.12155796628,103816,4540,1992,142,225433.10009224524,10,34011.41746413754
CMP_013,CUST_1165,2026-04-06,Meta Ads,Personal Care,Conversion,Delhi,Regular,64,80884.40739849821,180015,6391,2496,122,126905.41149818098,9,17059.124908914415
CMP_003,CUST_1453,2026-05-22,Google Ads,Packaged Foods,Seasonal,Mumbai,Regular,41,33215.27326321381,82742,4096,1421,102,99668.79260012884,4,5152.5390812306805
CMP_124,CUST_0710,2026-01-11,Meta Ads,Home Care,Seasonal,Kolkata,Budget,63,90853.7768816507,203511,6016,2349,142,109338.47986423908,10,5938.697973271155
CMP_003,CUST_0054,2026-02-16,Google Ads,Snacks,Awareness,Mumbai,Regular,20,25550.782188472585,87795,4324,1474,172,226797.3550739213,3,3899.1116080036663
CMP_101,CUST_1291,2026-04-15,Email,Beverages,Awareness,Hyderabad,Regular,28,42161.12777763608,200694,14599,8004,859,1262790.4745788802,11,17577.513703499688
CMP_037,CUST_1340,2026-06-25,YouTube,Personal Care,Seasonal,Delhi,Regular,51,69909.58254766162,481725,9610,4018,177,128997.58532215565,8,10570.46603275707
CMP_059,CUST_0816,2026-06-18,Email,Beverages,Retargeting,Hyderabad,Premium,59,36730.8434807976,184792,12724,7107,807,1576536.3105588604,10,37022.22719314487
CMP_077,CUST_0295,2026-08-12,Email,Snacks,Product Launch,Delhi,Regular,36,12989.33132445854,57040,3884,1483,150,167804.44712486566,7,15051.340357807141
CMP_037,CUST_0989,2026-07-15,Meta Ads,Packaged Foods,Product Launch,Pune,Regular,31,21506.580154218846,57445,1917,796,53,54776.06273532142,4,6843.150697619674
CMP_139,CUST_1057,2026-05-14,YouTube,Home Care,Product Launch,Pune,Premium,46,40324.18527767884,103342,2031,1179,27,28279.507430567122,11,13089.996656139194
CMP_081,CUST_1406,2026-08-24,Meta Ads,Packaged Foods,Retargeting,Bangalore,Budget,52,7973.719806014044,22068,478,173,10,7499.539940923153,1,1287.7876821188281
CMP_145,CUST_1333,2026-01-08,YouTube,Snacks,Product Launch,Bangalore,Regular,63,78237.57524118494,196193,4302,1273,46,36771.05254783791,9,5414.135308534737
CMP_063,CUST_0726,2026-04-27,Google Ads,Packaged Foods,Product Launch,Hyderabad,Premium,42,61075.07419413413,232249,13528,5254,403,646298.0960675655,1,3592.961486728741
CMP_076,CUST_0889,2026-02-15,Google Ads,Personal Care,Retargeting,Mumbai,Premium,50,18537.076575643754,65126,3591,1601,135,206729.6345976425,9,18658.419190538192
CMP_103,CUST_0194,2026-06-15,Google Ads,Home Care,Product Launch,Delhi,Regular,23,58916.380584848026,169532,6975,2152,168,202774.84998917274,9,23676.4521042813
CMP_084,CUST_1342,2026-04-21,Google Ads,Snacks,Product Launch,Delhi,Regular,59,82408.38580591866,562753,25758,13807,1230,1399327.9800862963,11,24589.68233660938
CMP_122,CUST_1171,2026-02-24,YouTube,Packaged Foods,Seasonal,Mumbai,Premium,36,49667.34630618318,135847,2641,700,24,20832.42398967453,6,8291.979293354889
CMP_035,CUST_0445,2026-04-03,Google Ads,Personal Care,Retargeting,Hyderabad,Regular,45,44747.97992342701,239062,10214,5988,470,553224.9938543658,4,7296.239716559773
CMP_117,CUST_0866,2026-08-16,Meta Ads,Beverages,Retargeting,Mumbai,Regular,47,87975.20761775775,210854,4776,2184,107,105981.88043460979,7,11814.509110853738
CMP_041,CUST_0318,2026-04-21,LinkedIn,Snacks,Seasonal,Kolkata,Regular,22,61327.247984019275,197062,4419,2113,103,165872.56623547894,1,2960.8660391341095
CMP_118,CUST_0270,2026-03-21,YouTube,Home Care,Retargeting,Delhi,Budget,54,54378.52511282168,235189,4520,1523,68,33003.438728072804,5,4800.85389283917
CMP_134,CUST_0620,2026-09-08,Google Ads,Beverages,Product Launch,Hyderabad,Budget,22,15632.363842784149,74789,3389,1958,125,103977.80867710523,1,1371.3968191854703
CMP_043,CUST_0126,2026-08-05,LinkedIn,Packaged Foods,Conversion,Hyderabad,Premium,62,65716.39409247253,161698,4647,1956,40,65053.10118803107,4,15104.557162691384
CMP_008,CUST_0669,2026-01-05,Meta Ads,Packaged Foods,Conversion,Kolkata,Premium,21,96517.94911793791,472545,13957,4681,252,345502.2779621017,1,2212.5590101292505
CMP_063,CUST_1185,2026-06-18,LinkedIn,Home Care,Seasonal,Mumbai,Regular,62,99367.0090490697,269798,6479,1867,60,80725.55407290273,11,22155.099554263597
CMP_076,CUST_0711,2026-05-23,LinkedIn,Beverages,Seasonal,Pune,Premium,63,71069.3846355369,286311,5490,2089,94,188534.0369850475,10,39517.73325616169
CMP_117,CUST_1245,2026-06-03,Google Ads,Personal Care,Seasonal,Delhi,Regular,61,15347.242475439487,90722,3083,1285,102,124699.80937265376,11,20401.786105223327
CMP_025,CUST_0715,2026-02-20,Email,Personal Care,Seasonal,Hyderabad,Budget,64,10725.40207750828,25038,1776,746,80,71816.36157931502,3,5027.581379662752
CMP_077,CUST_0644,2026-03-31,Meta Ads,Packaged Foods,Conversion,Delhi,Premium,59,16579.178867010018,92219,2364,1025,65,82809.96889081743,8,23687.40368642577
CMP_047,CUST_0891,2026-05-21,YouTube,Beverages,Product Launch,Kolkata,Regular,43,62153.12291390146,159231,3048,988,28,20447.647137874977,11,17546.87035129516
CMP_089,CUST_0146,2026-06-13,Meta Ads,Personal Care,Product Launch,Hyderabad,Budget,54,19221.876955910986,73958,2069,1146,45,27715.853667827752,3,3709.921219235628
CMP_002,CUST_1344,2026-09-20,Instagram,Snacks,Awareness,Chennai,Premium,56,71038.73263452141,280314,12279,6045,251,303125.0810312174,4,4340.391321600948
CMP_123,CUST_1094,2026-07-15,Google Ads,Packaged Foods,Retargeting,Mumbai,Premium,61,47028.9439656636,119207,4945,2344,179,289218.99424319237,10,20286.633295154206
CMP_035,CUST_0354,2026-04-26,LinkedIn,Snacks,Product Launch,Delhi,Regular,33,10713.522547074595,35062,746,326,11,15517.499346431618,1,1836.030397880747
CMP_104,CUST_0630,2026-01-05,YouTube,Personal Care,Seasonal,Pune,Budget,33,75032.12137568809,200815,4482,1266,33,21395.883103867905,6,3614.0068183014
CMP_066,CUST_0361,2026-09-15,Email,Packaged Foods,Awareness,Pune,Regular,60,94010.99318795097,310518,21681,8813,675,988695.4420898827,6,13223.835867685586
CMP_042,CUST_0678,2026-03-23,YouTube,Snacks,Product Launch,Pune,Premium,52,64655.255013400405,188763,4779,1431,48,46796.200903167526,2,2149.4260327321977
CMP_025,CUST_0793,2026-09-10,Instagram,Snacks,Product Launch,Delhi,Regular,42,86891.37581589914,204686,9812,5079,231,194294.61992608279,5,4279.7298078801105
CMP_068,CUST_1197,2026-01-12,Email,Snacks,Product Launch,Mumbai,Budget,19,96753.10530955589,368268,29746,12012,772,669912.6721069629,7,6946.027267716481
CMP_089,CUST_0642,2026-09-24,Instagram,Home Care,Retargeting,Delhi,Regular,24,76654.08671266699,236270,7527,2331,67,53697.33453364368,1,1416.1149751764463
CMP_052,CUST_0420,2026-05-04,Google Ads,Home Care,Product Launch,Hyderabad,Premium,24,85561.50909869313,238316,10028,4802,454,686711.1890148686,5,10825.9016523365
CMP_079,CUST_0661,2026-05-18,Email,Snacks,Retargeting,Kolkata,Regular,49,69692.60858763324,381669,23513,12744,1744,1902302.5267210375,4,7156.972825026197
CMP_052,CUST_0183,2026-04-27,Google Ads,Packaged Foods,Retargeting,Pune,Premium,38,51382.90801706893,303115,16030,6678,420,630439.9323091848,10,34400.67797229622
CMP_130,CUST_0572,2026-02-17,Google Ads,Beverages,Awareness,Mumbai,Premium,40,29193.709094374863,73445,4374,2102,158,249852.03294728865,8,27326.150859451394
CMP_008,CUST_0845,2026-07-19,Email,Packaged Foods,Awareness,Pune,Premium,45,13055.241524351306,36632,2577,911,123,224474.633111106,3,5548.428467218963
CMP_112,CUST_1244,2026-08-11,Email,Home Care,Conversion,Chennai,Budget,53,79336.0678335741,406459,31485,18448,1959,1768197.2436907587,11,25430.10483657235
CMP_011,CUST_0522,2026-09-28,LinkedIn,Home Care,Seasonal,Pune,Regular,47,15526.756407081668,48900,1178,521,18,22863.691128923958,4,5636.69310238474
CMP_032,CUST_1246,2026-04-29,Instagram,Beverages,Seasonal,Bangalore,Regular,40,88530.52269979463,431262,19914,6519,409,363375.81874712324,11,12567.351037921031
CMP_013,CUST_1490,2026-09-15,LinkedIn,Personal Care,Awareness,Chennai,Premium,60,17514.23347818338,48708,1121,478,29,60646.198434023376,5,17043.93564722019
CMP_108,CUST_1391,2026-05-08,Instagram,Personal Care,Seasonal,Chennai,Budget,59,46211.04866420332,266992,11204,5709,320,187248.3061229191,2,1462.2472380581382
CMP_112,CUST_1037,2026-03-27,Meta Ads,Home Care,Retargeting,Bangalore,Regular,64,85564.54015742333,215425,7264,3540,231,185789.81835115733,4,7299.074141800751
CMP_054,CUST_0871,2026-07-21,LinkedIn,Personal Care,Conversion,Kolkata,Regular,21,63860.98705868486,269100,6170,2929,187,273978.83279473113,8,20450.4051719965
CMP_049,CUST_1343,2026-07-30,Meta Ads,Snacks,Retargeting,Pune,Budget,35,10562.338278178024,45863,1519,799,52,35166.92791344606,4,2447.0688214589213
CMP_045,CUST_0161,2026-07-17,YouTube,Personal Care,Retargeting,Mumbai,Regular,27,65436.849647282106,172535,3333,1812,54,42756.63069022166,2,1621.499982973945
CMP_109,CUST_0563,2026-09-02,Instagram,Beverages,Seasonal,Chennai,Premium,22,10332.929824539951,25742,822,338,12,13801.85193421119,4,4713.544224761609
CMP_100,CUST_0809,2026-07-01,YouTube,Snacks,Retargeting,Mumbai,Premium,39,26396.251715506525,161597,3585,1488,47,41192.131070769414,7,8645.78580531876
CMP_070,CUST_0841,2026-08-16,YouTube,Snacks,Conversion,Mumbai,Premium,28,8193.29201741185,58242,741,275,16,13893.738659717026,4,4121.1988157537435
CMP_057,CUST_0165,2026-01-21,Email,Snacks,Conversion,Hyderabad,Regular,58,29370.355932203543,87443,7303,3011,274,333022.0763539074,1,1321.3995110617361
CMP_033,CUST_0593,2026-06-01,YouTube,Snacks,Awareness,Pune,Regular,23,15903.04282757566,39378,752,374,14,9225.34064561941,2,2435.9755321816197
CMP_066,CUST_0842,2026-04-08,Email,Home Care,Conversion,Chennai,Premium,49,86888.75629840586,319616,22337,11736,1534,3086473.595743104,7,26963.575026076353
CMP_120,CUST_0744,2026-08-01,Meta Ads,Packaged Foods,Product Launch,Chennai,Budget,61,67664.78980750052,390371,14491,6452,408,267215.69513559144,1,988.3607995416212
CMP_147,CUST_0709,2026-09-24,Instagram,Packaged Foods,Awareness,Bangalore,Regular,59,24357.813617130465,83218,3314,1498,63,55507.79354436077,4,5944.200709350785
CMP_114,CUST_0040,2026-08-08,Meta Ads,Personal Care,Seasonal,Bangalore,Budget,49,24191.488498236547,133806,4193,1271,84,49851.34476661431,9,13159.215512272454
CMP_021,CUST_0670,2026-09-26,LinkedIn,Beverages,Seasonal,Pune,Premium,43,35686.06384669032,79472,2102,593,14,30112.418170457186,5,23198.592969967227
CMP_134,CUST_0211,2026-03-01,YouTube,Home Care,Awareness,Hyderabad,Regular,43,34863.2607524561,126552,2468,926,46,37922.56929549418,1,905.8394937638296
CMP_082,CUST_1338,2026-03-16,YouTube,Snacks,Awareness,Bangalore,Budget,33,66859.02056375904,205779,4731,1963,77,38729.719566654385,2,1521.7614295131243
CMP_087,CUST_0640,2026-07-10,YouTube,Beverages,Product Launch,Hyderabad,Premium,31,37336.108803334115,91981,1675,458,15,15079.77840323071,4,9238.242860381115
CMP_115,CUST_0646,2026-09-08,Google Ads,Personal Care,Product Launch,Kolkata,Budget,36,5017.897957875281,28543,983,323,16,11815.281049441177,11,13778.865877782526
CMP_131,CUST_1450,2026-07-20,Google Ads,Snacks,Awareness,Bangalore,Regular,55,84748.78640257286,190878,9882,4643,496,549661.8680344399,5,9455.530756629913
CMP_142,CUST_1227,2026-08-15,Google Ads,Beverages,Awareness,Hyderabad,Premium,33,26503.391962441165,73420,2978,1658,145,208680.51087673573,1,1908.2154591830454
CMP_149,CUST_1349,2026-06-21,YouTube,Personal Care,Retargeting,Chennai,Regular,58,15918.634720658849,105440,2192,1184,49,41191.52707182913,3,5213.901584077286
CMP_132,CUST_1479,2026-01-28,Email,Home Care,Retargeting,Chennai,Premium,35,27247.52244747114,71774,5563,3306,236,462773.67067772156,1,1464.078612060959
CMP_093,CUST_0753,2026-05-22,LinkedIn,Snacks,Retargeting,Bangalore,Regular,50,63024.106752197986,296409,7501,1889,57,68855.62765464793,10,22215.876529377245
CMP_126,CUST_0233,2026-09-22,Email,Beverages,Conversion,Bangalore,Regular,63,82584.80666781822,386080,31498,17574,2519,3420792.7824798636,3,5872.555996017479
CMP_076,CUST_0584,2026-04-19,LinkedIn,Home Care,Awareness,Hyderabad,Budget,19,62750.995338616856,282543,6551,2228,94,107613.2485616021,4,6100.609624941154
CMP_084,CUST_1137,2026-08-13,YouTube,Snacks,Seasonal,Bangalore,Budget,26,43402.77431619987,192084,3538,1684,69,34877.10517451768,9,5378.129971217501
CMP_093,CUST_0387,2026-09-15,Instagram,Packaged Foods,Retargeting,Kolkata,Regular,48,6112.128019435886,23574,809,365,6,4554.560881795886,9,15602.901205580569
CMP_146,CUST_0420,2026-04-09,Google Ads,Packaged Foods,Seasonal,Chennai,Budget,58,12373.391249486882,41377,1935,636,61,52979.302739606304,7,7750.474988867781
CMP_034,CUST_0440,2026-06-05,Meta Ads,Personal Care,Awareness,Chennai,Premium,60,45900.28715390972,274759,7861,2390,139,181199.3867591705,11,19998.97330646712
CMP_065,CUST_1055,2026-04-23,Google Ads,Beverages,Seasonal,Delhi,Regular,44,18352.531919944275,65487,2949,1732,129,122152.4193560092,10,16194.620811467497
CMP_030,CUST_0485,2026-05-02,LinkedIn,Personal Care,Seasonal,Pune,Premium,30,16033.201219049934,36819,1016,468,24,54178.19297912934,11,50601.41146076057
CMP_049,CUST_0674,2026-02-11,YouTube,Beverages,Seasonal,Chennai,Premium,18,83547.4225106598,236026,4742,2309,55,57953.406562841665,8,20246.059083226937
CMP_017,CUST_1123,2026-09-09,Email,Snacks,Retargeting,Hyderabad,Budget,36,33546.49163204107,147443,11459,5795,786,809685.3614618493,11,24193.876147993527
CMP_139,CUST_0476,2026-01-05,Instagram,Home Care,Product Launch,Chennai,Premium,53,80450.01294219351,381273,13095,7769,293,355064.51918976544,6,11622.947499898259
CMP_082,CUST_0604,2026-06-24,LinkedIn,Personal Care,Retargeting,Mumbai,Budget,30,77630.14049219817,251015,7372,4147,160,169161.160455722,7,6118.855599899902
CMP_138,CUST_0320,2026-05-06,LinkedIn,Home Care,Retargeting,Bangalore,Regular,47,66224.6763264982,169574,5011,2179,72,88848.57280309626,7,8575.73785672267
CMP_037,CUST_0141,2026-08-20,YouTube,Beverages,Seasonal,Mumbai,Budget,31,94023.6477035855,240324,4936,2443,85,52742.07968755653,4,3357.182320905526
CMP_034,CUST_0045,2026-03-02,LinkedIn,Personal Care,Retargeting,Bangalore,Regular,19,14589.413997864542,35868,800,435,18,25638.25217860187,2,5620.123868567323
CMP_120,CUST_1051,2026-04-28,YouTube,Snacks,Retargeting,Pune,Regular,40,35542.09161854879,128207,2808,1664,45,39184.78538563502,10,13469.77605278237
CMP_110,CUST_1012,2026-02-22,LinkedIn,Packaged Foods,Product Launch,Delhi,Regular,35,81376.05821748942,269167,5562,2899,131,174137.5540250173,8,20946.778548818664
CMP_093,CUST_1178,2026-04-06,Instagram,Beverages,Product Launch,Mumbai,Budget,21,61381.14748271379,147696,4419,1631,114,83815.4811007652,4,5972.711226465298
CMP_112,CUST_0691,2026-07-05,Instagram,Home Care,Retargeting,Mumbai,Regular,41,9017.716176154714,29438,900,305,21,16314.588211013985,11,22592.532189389618
CMP_140,CUST_1317,2026-04-11,Google Ads,Beverages,Seasonal,Hyderabad,Budget,24,52364.22595304237,211924,9432,2724,255,179030.9001617038,9,8288.075317571514
CMP_016,CUST_0649,2026-06-15,Email,Home Care,Product Launch,Pune,Regular,35,49866.771395483265,121492,10696,4949,439,591593.0614966669,3,5012.124316491356
CMP_065,CUST_0356,2026-01-21,YouTube,Packaged Foods,Seasonal,Hyderabad,Regular,39,32303.911664230076,133835,1976,1071,35,25411.86221094104,1,758.5697087256506
CMP_102,CUST_0017,2026-09-25,Meta Ads,Personal Care,Awareness,Bangalore,Budget,64,61537.50911603974,499189,16184,6986,407,307938.4234770562,1,1138.1872146831245
CMP_134,CUST_1415,2026-08-12,Meta Ads,Packaged Foods,Retargeting,Chennai,Premium,24,32864.31802415365,87606,1776,675,36,47075.63687573508,4,10886.416552540979
CMP_045,CUST_1238,2026-02-28,Google Ads,Personal Care,Awareness,Pune,Premium,43,33776.9942391533,238404,9532,3997,243,314032.4605818393,8,28543.260348424687
CMP_032,CUST_0540,2026-08-21,Email,Packaged Foods,Conversion,Bangalore,Budget,25,24473.21490504756,68083,6127,3348,393,439759.1387774102,8,17556.867289909067
CMP_052,CUST_1126,2026-08-04,YouTube,Personal Care,Retargeting,Mumbai,Premium,50,73873.21114278499,248056,5084,2498,99,93279.79683265208,2,2659.3482400168004
CMP_134,CUST_1318,2026-03-03,Meta Ads,Home Care,Conversion,Kolkata,Regular,60,81661.7216339794,300570,6025,1598,111,92229.16979798819,1,929.6085664721173
CMP_070,CUST_0272,2026-03-09,Instagram,Home Care,Conversion,Bangalore,Budget,43,95385.83198437406,212776,5661,2281,107,72838.68147819636,6,4296.174992718689
CMP_017,CUST_0619,2026-09-02,Instagram,Home Care,Retargeting,Kolkata,Regular,34,95525.19561979361,217534,8812,4587,221,189800.28267670283,11,22741.866938263407
CMP_074,CUST_1180,2026-09-12,Meta Ads,Home Care,Product Launch,Mumbai,Premium,20,65264.55044281028,337659,11470,5793,280,292643.24375724164,10,28338.067861139167
CMP_089,CUST_0605,2026-08-29,LinkedIn,Personal Care,Conversion,Bangalore,Premium,18,65367.146337654645,435960,8112,3794,168,364050.9949772657,10,43309.43582015502
CMP_041,CUST_0105,2026-07-12,YouTube,Packaged Foods,Conversion,Bangalore,Budget,36,21646.068350053596,53310,819,371,18,11295.16334925252,7,9134.843737581947
CMP_106,CUST_0084,2026-08-30,Meta Ads,Home Care,Seasonal,Chennai,Budget,32,24444.610360441977,77583,2135,1172,55,32452.91740651278,3,3365.0736076836156
CMP_024,CUST_0536,2026-01-04,Instagram,Personal Care,Seasonal,Hyderabad,Regular,58,19401.532106009443,47431,1217,485,17,12929.186347182376,9,13798.556323144128
CMP_103,CUST_1109,2026-07-31,YouTube,Home Care,Awareness,Delhi,Budget,54,26889.582901148242,223175,4918,2506,79,42483.3972417888,9,6225.777097405182
CMP_039,CUST_0504,2026-01-22,Instagram,Beverages,Retargeting,Pune,Regular,27,42353.544097652615,134493,4284,1887,105,105607.52803072862,6,6380.377612605899
CMP_101,CUST_1126,2026-08-29,YouTube,Packaged Foods,Awareness,Bangalore,Premium,56,53816.174099642936,186904,4078,2200,74,81901.14683543336,9,11535.71150839722
CMP_070,CUST_0262,2026-09-02,Instagram,Beverages,Seasonal,Mumbai,Premium,49,86371.03625605305,245800,9193,5345,369,384075.1507950104,4,6671.122365603825
CMP_058,CUST_1294,2026-06-11,Instagram,Personal Care,Product Launch,Bangalore,Regular,44,46577.82617407933,235787,9354,4127,282,246094.82671975836,6,5107.328750522033
CMP_043,CUST_1482,2026-03-30,LinkedIn,Personal Care,Retargeting,Hyderabad,Budget,20,19940.95477707296,89731,2476,1201,58,65084.19143312319,2,4653.204445134128
CMP_113,CUST_1036,2026-05-06,Instagram,Personal Care,Conversion,Hyderabad,Premium,50,42114.80054366422,229920,8863,3551,190,204179.55002176747,2,3524.439980756523
CMP_047,CUST_0452,2026-05-21,Instagram,Home Care,Retargeting,Delhi,Regular,27,79561.87318109362,219753,7995,4196,193,158117.76614342295,9,18869.695475953118
CMP_006,CUST_1349,2026-06-18,Meta Ads,Home Care,Conversion,Mumbai,Regular,33,75099.07355928759,213045,4621,1798,85,77958.38790213926,2,2319.632694585586
CMP_020,CUST_0553,2026-05-28,Meta Ads,Snacks,Retargeting,Pune,Budget,19,61909.235779286246,190019,4589,1171,69,44007.957806671475,4,6505.507815758386
CMP_059,CUST_0662,2026-02-17,Meta Ads,Beverages,Conversion,Kolkata,Budget,24,5634.802276269339,15031,353,94,7,4653.958346901565,1,1161.9336109360065
CMP_046,CUST_0618,2026-09-19,Instagram,Beverages,Conversion,Hyderabad,Premium,26,97815.66067169963,636718,22206,6271,315,362200.30339374935,11,10292.286462731996
CMP_039,CUST_0369,2026-09-02,YouTube,Beverages,Retargeting,Mumbai,Premium,50,88359.65443217578,242894,4348,1463,39,43691.20957996655,11,20171.8553659056
CMP_019,CUST_1188,2026-03-18,LinkedIn,Snacks,Conversion,Chennai,Budget,23,79743.1028189271,317501,5940,3538,155,162688.7209834469,11,19810.147705825933
CMP_037,CUST_0649,2026-02-25,Google Ads,Packaged Foods,Product Launch,Mumbai,Regular,32,79800.46777548503,312035,14736,7983,714,707280.7161972238,2,4844.539707677808
CMP_004,CUST_1238,2026-09-13,LinkedIn,Personal Care,Conversion,Mumbai,Premium,46,43725.1215080673,159033,4559,1158,42,70581.37916958432,5,20195.48207310896
CMP_109,CUST_0303,2026-03-25,YouTube,Home Care,Conversion,Pune,Budget,41,47389.115992866646,122792,3144,1066,25,12330.316859995366,9,11176.980459635837
CMP_106,CUST_0314,2026-04-07,LinkedIn,Home Care,Product Launch,Chennai,Regular,33,35267.851462542676,84337,2205,1164,36,48921.94425008149,3,6319.644702791897
CMP_087,CUST_0653,2026-06-09,LinkedIn,Beverages,Seasonal,Pune,Premium,59,70925.21109846489,362293,9209,2822,174,298608.7809168739,3,6864.1736171625125
CMP_028,CUST_1035,2026-07-25,Meta Ads,Packaged Foods,Retargeting,Hyderabad,Regular,20,20858.45172766264,104068,2716,1391,59,61331.24061128287,10,13501.530528387688
CMP_141,CUST_0758,2026-04-03,Meta Ads,Beverages,Seasonal,Delhi,Regular,22,55587.88630951827,351643,9084,3343,181,150224.46427036825,10,20903.824097567318
CMP_062,CUST_0529,2026-06-20,Meta Ads,Beverages,Seasonal,Mumbai,Premium,18,11559.361099886974,41805,1635,802,58,77742.87621015272,9,24998.395895958034
CMP_083,CUST_0659,2026-09-28,Google Ads,Personal Care,Product Launch,Bangalore,Regular,29,49299.42683331616,340040,18142,10261,710,903673.7463638614,9,20426.062311996127
CMP_082,CUST_0834,2026-02-14,YouTube,Packaged Foods,Awareness,Mumbai,Premium,48,98975.68662598626,503921,8943,4518,161,141146.28813656452,11,26504.91428632927
CMP_137,CUST_0348,2026-06-08,LinkedIn,Personal Care,Conversion,Chennai,Premium,61,81426.99103102312,217122,4830,2503,128,262460.24558600504,11,22636.104396851144
CMP_144,CUST_0727,2026-03-05,Google Ads,Packaged Foods,Seasonal,Delhi,Premium,57,78558.75487973655,195734,10907,3898,304,444747.0397130621,11,18215.7093887318
CMP_138,CUST_0300,2026-07-26,Email,Personal Care,Conversion,Chennai,Regular,64,58003.10728931657,185348,14459,5895,456,594093.8576581001,3,8986.561556495608
CMP_149,CUST_1402,2026-04-20,LinkedIn,Home Care,Awareness,Chennai,Premium,29,25777.983234803094,81459,2295,1228,45,93098.45925199827,1,2901.1284254339553
CMP_079,CUST_0828,2026-04-30,Google Ads,Home Care,Seasonal,Kolkata,Budget,35,86521.43745385483,228502,8188,3520,237,211825.95218117375,2,3418.1532855217865
CMP_031,CUST_1115,2026-03-02,Google Ads,Home Care,Retargeting,Hyderabad,Budget,52,86512.21074568677,192584,7344,1893,132,114144.97704604357,6,4081.0198686965955
CMP_099,CUST_0515,2026-07-27,LinkedIn,Snacks,Awareness,Hyderabad,Budget,40,44407.436341949986,175682,3953,1871,77,84837.48719086435,8,12133.94296160424
CMP_133,CUST_0780,2026-02-19,Meta Ads,Packaged Foods,Seasonal,Pune,Budget,35,66703.34832220749,173050,5730,1539,113,82921.30334714231,8,12964.73243752072
CMP_059,CUST_0857,2026-07-01,Email,Packaged Foods,Seasonal,Pune,Premium,46,31152.380277926717,181595,17209,5382,819,1497763.5304213862,2,2809.8436801318503
CMP_020,CUST_1246,2026-06-15,Google Ads,Personal Care,Retargeting,Pune,Regular,25,55913.83249095123,198837,7467,3363,222,257415.3180415635,8,15927.478397322897
CMP_128,CUST_0340,2026-04-26,YouTube,Home Care,Conversion,Chennai,Premium,26,28397.1717870005,81618,1642,971,54,61784.15521458097,3,3465.605439348495
CMP_119,CUST_0825,2026-09-21,Email,Snacks,Awareness,Pune,Budget,46,94373.4634705026,250959,19010,7649,690,751773.9229091811,3,4888.662558513794
CMP_020,CUST_0050,2026-08-04,Meta Ads,Snacks,Product Launch,Delhi,Regular,27,14592.920147687304,83258,1859,984,54,45264.926927455206,7,8955.529957752484
CMP_026,CUST_1110,2026-01-04,YouTube,Home Care,Seasonal,Hyderabad,Premium,22,18957.582740458223,81337,1619,576,17,19473.047087106388,6,12921.192367677704
CMP_087,CUST_1169,2026-03-06,LinkedIn,Personal Care,Product Launch,Hyderabad,Regular,34,48660.48543529419,220050,4522,2277,56,89692.56567237164,9,30223.779420381998
CMP_076,CUST_1452,2026-02-07,Meta Ads,Personal Care,Seasonal,Delhi,Premium,30,84631.89000277105,353718,10176,3713,245,266151.4287755451,1,2661.2821993304638
CMP_014,CUST_0310,2026-05-12,LinkedIn,Personal Care,Seasonal,Mumbai,Regular,20,97172.3577194133,227215,4932,1460,91,146381.4885813912,6,18511.152388286322
CMP_032,CUST_0906,2026-09-13,LinkedIn,Home Care,Awareness,Chennai,Regular,38,13266.635738764931,43677,1157,360,19,24662.894692585873,10,23622.48148278982
CMP_114,CUST_0276,2026-07-24,LinkedIn,Packaged Foods,Seasonal,Kolkata,Budget,25,27045.29527160982,130293,2582,911,39,48346.92160634222,8,19922.18085349153
CMP_016,CUST_0887,2026-01-02,Instagram,Home Care,Seasonal,Mumbai,Premium,47,77240.30960983482,267023,9850,3758,183,228060.2291092416,5,5033.332326125645
CMP_108,CUST_0479,2026-02-22,Google Ads,Personal Care,Product Launch,Pune,Premium,26,9773.085933183302,74308,2298,1249,131,195928.56485175045,1,3140.400455126289
CMP_107,CUST_1256,2026-02-11,Google Ads,Beverages,Retargeting,Chennai,Premium,23,42248.88980593441,114883,5421,1804,116,202440.06414540982,6,8130.20411527527
CMP_115,CUST_0139,2026-05-29,Email,Home Care,Retargeting,Chennai,Premium,54,96341.77083454066,283028,22247,10322,1225,2370729.658240605,3,8407.605224880168
CMP_013,CUST_0308,2026-02-27,LinkedIn,Snacks,Awareness,Bangalore,Regular,57,73024.74745800372,206833,4326,1201,32,43464.30349014546,1,3346.45314219544
CMP_111,CUST_0912,2026-07-03,Meta Ads,Packaged Foods,Product Launch,Bangalore,Premium,43,61545.2192420531,362765,10792,4592,274,360098.6836044156,4,10116.458099349302
CMP_027,CUST_0464,2026-04-23,Meta Ads,Personal Care,Retargeting,Kolkata,Budget,40,5653.406410866684,29737,765,298,28,21989.14824039211,4,3600.700371203976
CMP_122,CUST_0149,2026-04-26,Google Ads,Beverages,Conversion,Chennai,Budget,38,16389.65387990765,45209,1478,624,50,41326.12163622259,8,6588.062096514917
CMP_091,CUST_0530,2026-05-29,Email,Beverages,Retargeting,Hyderabad,Budget,22,82993.19664341839,270353,24004,9357,1116,1191985.1714804869,10,16693.66451180241
CMP_073,CUST_0752,2026-01-02,Email,Personal Care,Seasonal,Chennai,Premium,45,75192.3343276381,575276,48944,14004,2151,3461843.524500246,10,36265.558152081874
CMP_052,CUST_0857,2026-03-17,Meta Ads,Home Care,Conversion,Pune,Budget,33,54740.71609603803,285069,8590,2562,145,113883.38248198105,8,5773.22980296954
CMP_081,CUST_0496,2026-03-19,Google Ads,Beverages,Conversion,Kolkata,Premium,22,91724.78224997465,299092,12849,5804,420,533802.8174891646,6,8287.779410492816
CMP_020,CUST_0390,2026-07-17,Google Ads,Snacks,Conversion,Pune,Premium,60,67145.21465717934,207015,10068,5494,397,606821.6878019404,3,4145.667886409272
CMP_044,CUST_1341,2026-05-25,Instagram,Packaged Foods,Product Launch,Bangalore,Regular,21,90429.73409784552,206674,8965,3909,195,153473.6742131783,8,7252.754873462273
CMP_031,CUST_0771,2026-09-03,YouTube,Packaged Foods,Seasonal,Delhi,Premium,56,35180.99626698041,80018,1389,753,13,13328.53979205683,10,13549.24960492766
CMP_117,CUST_0733,2026-03-01,Instagram,Snacks,Conversion,Delhi,Premium,26,47170.8640703916,113695,4131,1756,90,107572.79134043583,5,13383.815237818735
CMP_043,CUST_1425,2026-04-06,LinkedIn,Personal Care,Retargeting,Delhi,Budget,59,96745.98493287602,386363,8407,4076,225,222801.4587616433,3,7862.270213156169
CMP_073,CUST_0714,2026-03-24,YouTube,Beverages,Conversion,Mumbai,Budget,27,89276.33513625135,345296,7788,4063,135,76301.11128687141,10,5304.470770355349
CMP_116,CUST_0048,2026-08-14,Meta Ads,Beverages,Awareness,Chennai,Budget,35,12296.706901581721,62246,1565,544,22,12809.247121911594,6,4711.311704711711
CMP_090,CUST_0656,2026-09-19,Google Ads,Personal Care,Conversion,Bangalore,Premium,44,79253.47052365792,354564,17925,6765,432,559187.3203697205,11,28787.52658604232
CMP_043,CUST_0017,2026-03-04,LinkedIn,Packaged Foods,Product Launch,Kolkata,Regular,54,26310.263091084995,135197,3323,1223,42,51035.62741203342,3,6818.5530651900635
CMP_021,CUST_0064,2026-06-14,LinkedIn,Packaged Foods,Retargeting,Kolkata,Regular,53,77215.2883300651,452114,10524,3960,153,186319.3319994727,3,8337.74876186518
CMP_111,CUST_0932,2026-08-19,Email,Personal Care,Seasonal,Hyderabad,Regular,40,15558.02899654118,46598,3884,1162,154,166676.7266134311,11,19426.091557683823
CMP_077,CUST_0649,2026-04-16,Meta Ads,Packaged Foods,Seasonal,Hyderabad,Regular,49,52938.80733773108,333572,9311,4809,213,229045.2867738088,2,2769.146184312126
CMP_096,CUST_0144,2026-01-16,Meta Ads,Snacks,Conversion,Hyderabad,Premium,48,24145.19591059972,56366,1926,856,59,81465.21026261235,1,2810.116078877493
CMP_130,CUST_1132,2026-01-19,YouTube,Beverages,Product Launch,Kolkata,Regular,19,16965.743656039034,38287,869,315,13,10315.350235690588,1,1470.2288859105952
CMP_010,CUST_0444,2026-08-13,YouTube,Packaged Foods,Product Launch,Mumbai,Premium,43,64406.36614567312,175716,3663,2004,49,48097.40996276894,9,21679.195501545124
CMP_096,CUST_0505,2026-08-14,Google Ads,Packaged Foods,Conversion,Mumbai,Regular,19,84991.48784314068,304306,15109,7607,699,870344.1062320204,5,9793.8392322598
CMP_101,CUST_0674,2026-05-08,Email,Home Care,Conversion,Chennai,Regular,37,86985.85937638656,512504,46419,27760,3541,5059804.799015199,2,4470.080550814065
CMP_104,CUST_1486,2026-08-19,Email,Personal Care,Retargeting,Kolkata,Premium,58,6543.127104898102,18150,1705,758,69,102819.74013871979,6,23907.917693078816
CMP_104,CUST_0768,2026-07-25,Meta Ads,Home Care,Seasonal,Bangalore,Budget,37,16230.769117653417,135244,3499,1186,75,58112.57709332911,3,4714.077310420819
CMP_089,CUST_0072,2026-09-04,Email,Beverages,Conversion,Kolkata,Premium,64,50604.50084445813,305684,24214,6796,752,1284653.0990165488,1,2505.2562996031447
CMP_131,CUST_0188,2026-06-12,Email,Packaged Foods,Seasonal,Bangalore,Premium,60,68328.62306354038,428512,26168,13906,1640,2441973.2366986284,9,19496.502901446336
CMP_042,CUST_0858,2026-08-28,YouTube,Home Care,Seasonal,Chennai,Budget,31,31814.93468922862,145696,3316,1585,36,20573.1394498277,11,11658.586754538317
CMP_134,CUST_0942,2026-08-18,Instagram,Personal Care,Conversion,Bangalore,Budget,21,67030.21752309501,392463,13815,4109,244,181636.88632076673,9,11421.83666102275
CMP_046,CUST_0600,2026-07-27,LinkedIn,Packaged Foods,Retargeting,Bangalore,Premium,63,10403.732788876423,27895,590,287,15,31601.42824538911,10,28366.547655231418
CMP_028,CUST_0747,2026-01-26,LinkedIn,Beverages,Seasonal,Pune,Regular,63,82498.09344033519,301065,7525,2161,72,116467.27094637122,8,27729.73330898792
CMP_064,CUST_1270,2026-09-01,LinkedIn,Snacks,Retargeting,Pune,Premium,55,42710.05742875782,158023,4887,1453,60,106807.457523463,11,28580.91728023178
CMP_004,CUST_0913,2026-05-12,Google Ads,Packaged Foods,Seasonal,Hyderabad,Regular,60,24838.938871986047,178278,10627,5899,568,706682.6382521758,11,21873.2982536997
CMP_016,CUST_1379,2026-02-16,Google Ads,Snacks,Product Launch,Hyderabad,Premium,39,87644.09412528046,361254,17447,6310,704,962086.9027473676,11,35045.05306670346
CMP_001,CUST_0383,2026-03-28,YouTube,Packaged Foods,Conversion,Delhi,Premium,59,35940.05619607556,143722,3421,1417,52,44945.87157210633,1,1066.708646648773
CMP_076,CUST_1185,2026-08-23,YouTube,Personal Care,Awareness,Chennai,Premium,61,17557.067486617816,66215,1073,288,14,16525.798253604087,6,7094.176760982367
CMP_011,CUST_0580,2026-07-29,Google Ads,Packaged Foods,Retargeting,Pune,Regular,56,30124.822583383124,105268,4696,1906,159,201695.09146864922,3,6149.900928687021
CMP_042,CUST_1077,2026-09-08,Google Ads,Snacks,Seasonal,Chennai,Premium,64,68319.58778583832,466552,17164,5399,384,494912.76263854146,6,14878.832701446374
CMP_132,CUST_0597,2026-02-14,Instagram,Personal Care,Conversion,Hyderabad,Budget,27,57562.610764185,197302,6372,3639,192,123369.116321749,11,12634.174721294372
CMP_112,CUST_0937,2026-06-20,Google Ads,Beverages,Conversion,Hyderabad,Premium,49,70618.99993575999,195892,8467,4109,283,405924.8387312879,9,20131.072694952574
CMP_067,CUST_0922,2026-01-06,YouTube,Packaged Foods,Awareness,Hyderabad,Regular,62,74222.34700247725,331246,5239,1487,42,34244.94250215113,2,2046.5655021533921
CMP_147,CUST_0035,2026-01-26,YouTube,Home Care,Conversion,Pune,Premium,45,88059.19674302267,223440,4132,1625,50,55981.35893922135,11,15955.631125332515
CMP_037,CUST_0410,2026-04-09,YouTube,Personal Care,Product Launch,Kolkata,Regular,52,18298.800788567474,71140,951,410,29,19516.841800639104,8,6419.114986417957
CMP_065,CUST_0663,2026-04-25,LinkedIn,Home Care,Conversion,Kolkata,Premium,40,68575.80784286233,245215,4446,2035,65,124706.1336636991,11,36787.65127558354
CMP_050,CUST_1456,2026-05-14,Meta Ads,Personal Care,Retargeting,Delhi,Budget,45,36403.29521909763,99526,2403,1032,50,32435.670952029493,1,1336.3849826863388
CMP_134,CUST_1355,2026-09-06,Meta Ads,Beverages,Conversion,Delhi,Premium,41,28044.93527701339,186801,5033,1484,67,70075.52493994513,3,8471.624871203221
CMP_089,CUST_0221,2026-07-30,YouTube,Beverages,Seasonal,Mumbai,Regular,42,63106.40984204928,290015,5080,1562,38,28062.707450661765,6,8110.8492379093395
CMP_010,CUST_0542,2026-09-01,LinkedIn,Beverages,Retargeting,Pune,Budget,34,60002.87642264379,480711,14238,5490,182,182068.0745935975,3,5504.903583902473
CMP_111,CUST_0525,2026-09-17,Email,Home Care,Product Launch,Pune,Regular,52,99710.19465410862,278791,24476,6540,639,750559.0402554522,5,6467.581239615128
CMP_074,CUST_0073,2026-07-18,Email,Packaged Foods,Seasonal,Hyderabad,Premium,34,34696.81236628851,135786,11774,4193,479,798406.1191657527,2,8237.890301156156
CMP_099,CUST_0594,2026-03-16,Meta Ads,Packaged Foods,Conversion,Pune,Regular,21,66295.76470524307,181175,5026,1729,63,66239.1197211021,9,10937.773468655534
CMP_030,CUST_0467,2026-05-24,Instagram,Beverages,Retargeting,Chennai,Budget,44,51186.49713996388,328172,10088,5377,227,166498.14815471187,10,13386.904674796066
CMP_081,CUST_0686,2026-06-01,Google Ads,Snacks,Seasonal,Chennai,Premium,56,26971.593190015767,134603,5700,1778,119,155418.96615714586,11,35615.3409627767
CMP_056,CUST_0708,2026-02-04,YouTube,Personal Care,Awareness,Kolkata,Premium,28,87939.09896644432,500440,10118,4213,157,144480.6197939801,10,17548.107034604738
CMP_127,CUST_0209,2026-08-15,Meta Ads,Packaged Foods,Seasonal,Mumbai,Budget,31,80340.98769521232,181025,4807,2388,74,53156.93912501617,2,1188.3164303954848
CMP_008,CUST_0387,2026-07-09,LinkedIn,Personal Care,Conversion,Hyderabad,Budget,32,94495.53085141657,432612,9964,2976,158,197673.59709904378,9,10316.695636902277
CMP_014,CUST_0392,2026-07-28,Meta Ads,Home Care,Seasonal,Mumbai,Regular,33,47870.328336945866,117667,2325,915,84,67894.59179833111,10,7904.764874334255
CMP_081,CUST_0999,2026-03-10,YouTube,Home Care,Conversion,Chennai,Regular,46,92465.68307396886,395396,6236,1559,61,50773.45435668474,6,9206.372783088507
CMP_001,CUST_0216,2026-05-12,Google Ads,Snacks,Awareness,Pune,Premium,33,53677.317969550124,228302,12475,6256,334,594203.7603901807,2,2647.79032026281
CMP_113,CUST_0229,2026-06-20,Meta Ads,Beverages,Seasonal,Delhi,Regular,18,69180.74348890668,240265,7507,3146,198,166975.4866533319,4,8951.870113608926
CMP_078,CUST_0521,2026-09-08,YouTube,Snacks,Retargeting,Kolkata,Premium,52,35958.72754850009,82695,1682,529,14,12353.495422540347,6,14955.092606652346
CMP_098,CUST_1182,2026-04-22,LinkedIn,Home Care,Retargeting,Mumbai,Regular,61,72345.41571346503,161503,4719,2574,71,94356.71965568217,2,6568.8844375447725
CMP_065,CUST_0179,2026-08-07,Email,Beverages,Product Launch,Kolkata,Premium,34,75098.63944103052,452754,31906,10347,477,825755.5803845705,9,32881.973473174425
CMP_046,CUST_1005,2026-07-25,YouTube,Home Care,Product Launch,Pune,Regular,37,56732.75584219417,328389,5688,2039,81,67360.46457173844,1,798.6109072397171
CMP_045,CUST_1121,2026-01-23,Email,Snacks,Retargeting,Delhi,Regular,19,31028.86944964732,71271,5586,1480,174,257024.7295079076,7,19333.615774226582
CMP_067,CUST_0413,2026-02-03,LinkedIn,Home Care,Conversion,Bangalore,Budget,27,47776.83596399495,161809,4481,2212,116,143018.5218451506,7,16185.962815007986
CMP_097,CUST_0074,2026-04-25,LinkedIn,Packaged Foods,Seasonal,Chennai,Premium,63,27560.91399109148,125868,3705,1828,106,184599.4227125808,11,44939.57723543879
CMP_015,CUST_1239,2026-07-22,Meta Ads,Packaged Foods,Conversion,Pune,Premium,34,10295.381090806964,32049,874,243,6,6956.7889163676455,8,22826.493197676675
CMP_068,CUST_1361,2026-09-30,Meta Ads,Beverages,Product Launch,Chennai,Premium,35,20360.98256102875,46409,1530,675,41,51662.92362579503,10,13153.46747317701
CMP_014,CUST_1457,2026-06-06,Email,Home Care,Conversion,Mumbai,Premium,54,37188.2308301667,85651,7487,4180,590,1008331.8800905426,7,24388.546042511338
CMP_092,CUST_1457,2026-06-30,YouTube,Snacks,Awareness,Delhi,Regular,43,23082.012634029517,54608,795,318,10,8278.416794824954,3,5570.56355466546
CMP_062,CUST_1153,2026-02-18,YouTube,Home Care,Product Launch,Kolkata,Regular,24,6902.206824557824,49081,1179,486,12,9162.926915192771,9,7914.4715920974395
CMP_045,CUST_0724,2026-03-04,Meta Ads,Snacks,Awareness,Delhi,Premium,31,15081.930621644571,51064,1898,1009,37,46639.55714087004,8,19023.43029518208
CMP_087,CUST_1103,2026-07-24,YouTube,Snacks,Seasonal,Hyderabad,Regular,23,68014.51740288018,171363,2820,1423,47,37962.931470756674,4,3008.8431578248037
CMP_117,CUST_1075,2026-03-12,YouTube,Packaged Foods,Retargeting,Chennai,Regular,20,57772.24161611498,184756,3948,1103,37,26249.894033593988,10,15433.314789155145
CMP_093,CUST_0529,2026-06-03,Email,Home Care,Awareness,Pune,Budget,29,8942.245923441105,39518,3691,1784,196,202443.95696203317,6,9545.059994415085
CMP_145,CUST_0963,2026-08-11,LinkedIn,Snacks,Awareness,Delhi,Regular,29,55584.73624897025,181496,3754,1437,65,97204.63917582303,9,18816.99541422594
CMP_112,CUST_1032,2026-09-10,Meta Ads,Personal Care,Product Launch,Kolkata,Regular,61,67539.20675307588,255398,8171,3035,120,119663.60524756095,6,7407.448759401663
CMP_038,CUST_0920,2026-02-20,LinkedIn,Snacks,Awareness,Bangalore,Regular,45,13113.287865458558,29741,1010,336,16,22404.532016953242,9,19865.037373592415
CMP_032,CUST_0025,2026-08-14,YouTube,Snacks,Retargeting,Delhi,Regular,54,43219.16893132534,166077,4056,1791,71,47136.73791920519,2,2772.617404499279
CMP_110,CUST_0088,2026-03-13,Instagram,Snacks,Seasonal,Chennai,Regular,57,15129.243798976799,62765,2268,1334,75,67592.67483214024,9,9829.101463858786
CMP_023,CUST_1275,2026-07-27,Instagram,Snacks,Seasonal,Chennai,Budget,29,35213.76311097939,82830,2889,1645,72,52703.15779990239,2,1054.7410291164795
CMP_002,CUST_0639,2026-03-29,YouTube,Snacks,Seasonal,Kolkata,Regular,58,37856.591507650584,287618,6420,1965,65,53709.43727494075,5,5015.871406341229
CMP_085,CUST_0710,2026-03-06,Meta Ads,Packaged Foods,Retargeting,Pune,Budget,43,24858.518551662615,71103,1614,653,41,23608.76826923063,5,4431.631258439705
CMP_028,CUST_1336,2026-04-09,Google Ads,Packaged Foods,Awareness,Hyderabad,Premium,25,17701.08716794644,41292,1551,897,89,144758.07059781998,5,17671.395474885943
CMP_143,CUST_0221,2026-03-24,Meta Ads,Personal Care,Awareness,Pune,Regular,35,28014.429970552905,149688,4401,1724,84,81204.47455620662,11,23869.558359991825
CMP_028,CUST_0682,2026-03-17,Google Ads,Snacks,Awareness,Chennai,Premium,56,26886.730741659496,124793,6844,1994,133,207780.32117487147,10,26971.663298321222
CMP_068,CUST_0199,2026-08-03,LinkedIn,Packaged Foods,Awareness,Bangalore,Premium,51,5698.539232670563,16362,391,148,12,22617.80683366968,7,31049.23918717023
CMP_143,CUST_1476,2026-07-14,YouTube,Snacks,Awareness,Pune,Premium,48,71230.79415758328,483039,9573,2623,122,142944.6483324795,10,22325.522090884206
CMP_145,CUST_1010,2026-02-06,Email,Packaged Foods,Product Launch,Kolkata,Premium,61,86496.48943416146,392064,29966,10615,1076,1687954.9026672908,5,11522.58842869575
CMP_042,CUST_1321,2026-08-19,Meta Ads,Snacks,Seasonal,Pune,Regular,48,89658.30872038339,329726,8449,2657,175,176568.51887197848,4,6588.088508898436
CMP_141,CUST_1016,2026-04-07,LinkedIn,Personal Care,Retargeting,Hyderabad,Regular,63,59001.035661397815,154713,4387,2302,103,125458.73592179336,7,8681.453157097558
CMP_018,CUST_1081,2026-04-03,LinkedIn,Beverages,Product Launch,Kolkata,Premium,62,83246.33150154362,235178,6966,2697,130,239610.12086944297,7,12255.859688456636
CMP_112,CUST_1222,2026-03-28,YouTube,Home Care,Conversion,Kolkata,Budget,53,80447.32280513244,246527,5062,2275,94,54828.672751611244,3,3453.253834779944
CMP_039,CUST_0424,2026-07-16,Meta Ads,Home Care,Retargeting,Pune,Premium,36,10485.40254936842,26288,779,223,10,10712.604135972913,2,3476.49240671825
CMP_032,CUST_0252,2026-09-22,Instagram,Personal Care,Awareness,Mumbai,Budget,18,79269.08346322899,283329,10445,3861,250,147985.11309195732,10,7926.953703114138
CMP_018,CUST_0679,2026-03-23,Instagram,Packaged Foods,Conversion,Chennai,Budget,63,87458.06453943577,279933,8568,2419,163,119860.06192050832,8,12461.585752729387
CMP_004,CUST_0167,2026-07-23,Instagram,Snacks,Seasonal,Chennai,Regular,24,20260.193198762317,114401,3658,1209,49,37428.320479227266,9,6743.119852212906
CMP_102,CUST_0380,2026-05-26,Meta Ads,Home Care,Product Launch,Delhi,Regular,56,79039.69118183637,270291,9570,3749,207,183190.95609494112,7,5123.180737469005
CMP_044,CUST_1102,2026-06-27,Meta Ads,Home Care,Conversion,Bangalore,Regular,30,44652.20428057953,200963,6190,1805,102,85101.49382209887,8,16502.952268852863
CMP_069,CUST_0992,2026-08-07,Meta Ads,Beverages,Product Launch,Chennai,Budget,63,53367.864227551916,321540,7571,2696,86,51201.29765483719,11,14075.012689043697
CMP_002,CUST_0180,2026-03-07,YouTube,Beverages,Retargeting,Mumbai,Premium,37,36291.0305836972,104041,1842,983,44,49203.536382467886,7,17566.555880771622
CMP_120,CUST_0970,2026-02-26,Google Ads,Beverages,Seasonal,Kolkata,Premium,59,76420.82554075863,248499,10846,3978,193,300722.22927011066,4,9990.315760164336
CMP_041,CUST_0447,2026-01-20,Instagram,Home Care,Seasonal,Delhi,Regular,39,35666.93037754578,173836,5080,2919,129,124209.88235950387,4,3378.722827549214
CMP_052,CUST_1313,2026-04-24,YouTube,Beverages,Seasonal,Kolkata,Premium,61,55227.195388985,420476,7561,3041,111,100777.38994301506,2,2378.4770519088784
CMP_094,CUST_0681,2026-04-02,LinkedIn,Personal Care,Conversion,Hyderabad,Regular,55,87459.96123003354,222373,5003,1447,65,81670.81772905802,5,16821.495130446514
CMP_137,CUST_0349,2026-07-01,Meta Ads,Home Care,Conversion,Pune,Budget,56,65715.2454644971,282625,8886,2298,111,80736.59570607918,1,1586.3118085465155
CMP_130,CUST_0210,2026-05-06,LinkedIn,Packaged Foods,Retargeting,Pune,Budget,23,71642.41463919077,263795,6491,2688,106,97178.18451621223,1,2591.1650791242214
CMP_090,CUST_1254,2026-09-12,Email,Snacks,Seasonal,Kolkata,Premium,33,30473.60681313248,135939,11446,3020,277,543064.7983106475,7,19369.718788671402
CMP_102,CUST_1198,2026-08-05,Meta Ads,Personal Care,Conversion,Delhi,Regular,37,88326.44442791736,441082,10539,3010,195,195860.14384325992,8,16087.240422773553
CMP_094,CUST_1418,2026-03-21,Meta Ads,Beverages,Seasonal,Mumbai,Budget,48,87613.56348456486,480031,15641,6081,314,188279.81407152137,5,4574.6643846375355
CMP_029,CUST_0988,2026-08-08,Google Ads,Beverages,Retargeting,Kolkata,Regular,44,72983.96811231965,210516,9928,3468,270,331372.8919353446,1,1024.7596022114835
CMP_067,CUST_0006,2026-05-05,Meta Ads,Packaged Foods,Awareness,Chennai,Premium,18,35620.85832459536,94641,2927,1560,97,100967.41098448969,5,5205.181944327665
CMP_075,CUST_1240,2026-01-24,LinkedIn,Beverages,Retargeting,Chennai,Budget,33,18702.802006219834,50485,1428,430,21,20539.74481042663,9,13195.242513660665
CMP_069,CUST_0397,2026-03-16,Google Ads,Snacks,Retargeting,Hyderabad,Budget,54,32763.65089024185,150783,7669,2594,92,88312.34490889657,2,3864.0943792192734
CMP_001,CUST_1212,2026-02-25,YouTube,Packaged Foods,Conversion,Kolkata,Premium,39,11748.555033317418,30121,677,291,6,5391.731615685797,8,15340.016634853648
CMP_146,CUST_0066,2026-01-21,YouTube,Home Care,Seasonal,Hyderabad,Premium,19,25738.79562209367,186447,3583,1535,39,38287.55759397078,4,3287.098551001484
CMP_103,CUST_0495,2026-01-02,LinkedIn,Personal Care,Awareness,Bangalore,Regular,52,15167.767750048619,40165,971,457,23,32303.61216971621,5,14669.342483358863
CMP_045,CUST_0362,2026-05-17,Meta Ads,Snacks,Retargeting,Mumbai,Premium,59,64290.774904337166,232562,6587,1655,101,117868.05145392493,4,9066.236165656741
CMP_014,CUST_0626,2026-03-03,Google Ads,Beverages,Product Launch,Pune,Budget,31,21526.284331141425,159165,8042,2509,174,125875.90716777623,1,2014.0417100273714
CMP_118,CUST_0927,2026-02-14,Email,Packaged Foods,Conversion,Hyderabad,Premium,43,96613.55723341872,555152,40438,13955,1426,2119869.4381362232,2,8330.686880209345
CMP_044,CUST_0675,2026-05-10,LinkedIn,Packaged Foods,Awareness,Bangalore,Premium,54,11656.526093512999,84049,2167,1246,50,92272.22115062499,7,13458.616191509369
CMP_057,CUST_0126,2026-02-22,LinkedIn,Personal Care,Seasonal,Bangalore,Regular,61,37753.12785548804,151742,3237,1840,90,108370.13206210146,6,10677.62134475158
CMP_124,CUST_0542,2026-09-21,LinkedIn,Snacks,Retargeting,Pune,Premium,44,88787.67773835771,203409,5553,2679,110,226907.66011072072,8,28344.01561371991
CMP_033,CUST_0229,2026-04-07,Instagram,Personal Care,Conversion,Delhi,Premium,50,27136.801617699304,69879,1948,648,28,37060.47902551316,11,19713.130407492077
CMP_026,CUST_1168,2026-07-24,Instagram,Snacks,Conversion,Kolkata,Regular,46,99586.29178406319,357631,17715,10112,466,401002.8038840688,10,20019.46906535641
CMP_022,CUST_0944,2026-04-14,LinkedIn,Snacks,Product Launch,Bangalore,Regular,30,14418.880666374274,44287,1353,442,15,20836.541897583695,2,5621.6078394590795
CMP_120,CUST_1467,2026-09-04,Meta Ads,Personal Care,Retargeting,Pune,Regular,52,32113.386504025137,102494,3296,1107,53,57039.893096682215,6,11045.384579026859
CMP_060,CUST_0351,2026-02-11,Meta Ads,Home Care,Retargeting,Chennai,Budget,57,92881.13286247023,385691,12109,4296,192,149085.18163920904,10,16648.497359694327
CMP_090,CUST_1417,2026-03-28,Meta Ads,Beverages,Awareness,Kolkata,Budget,57,17732.36496030422,112087,3323,1435,80,58607.38225845014,10,16146.260976784839
CMP_069,CUST_0393,2026-03-26,YouTube,Packaged Foods,Conversion,Chennai,Regular,48,95464.70744442075,699611,14257,6437,154,136997.8268640996,11,8606.443886945719
CMP_103,CUST_0101,2026-01-21,Meta Ads,Beverages,Retargeting,Bangalore,Regular,43,37459.08451275314,86193,2695,1445,85,85522.4237234284,6,7289.205409819808
CMP_013,CUST_0915,2026-02-17,Instagram,Beverages,Awareness,Bangalore,Premium,37,19934.368937910654,45556,1405,659,32,41722.649289472676,5,9027.535665644416
CMP_116,CUST_0332,2026-07-24,LinkedIn,Beverages,Conversion,Hyderabad,Regular,49,86062.05586388419,213802,5813,1715,74,,2,5556.5529190925245
CMP_049,CUST_0146,2026-09-20,Google Ads,Home Care,Awareness,Delhi,Regular,50,44698.97967867292,331870,14011,4076,193,223650.0583706701,9,11145.828295913516
CMP_093,CUST_0788,2026-06-07,Google Ads,Personal Care,Awareness,Delhi,Regular,34,85579.29721252507,302738,11385,6220,181,192461.0007350775,3,3977.0717516230634
CMP_074,CUST_1226,2026-01-11,Instagram,Home Care,Conversion,Hyderabad,Premium,29,33984.47024785503,193397,4847,1271,60,71817.38888475116,3,5371.727555279282
CMP_134,CUST_1307,2026-06-02,Meta Ads,Personal Care,Product Launch,Mumbai,Premium,51,24568.877497904956,69390,2063,1075,57,63835.29286927545,10,26621.99702247043
CMP_106,CUST_0273,2026-08-20,Meta Ads,Snacks,Retargeting,Pune,Premium,54,27265.158614398173,169583,5255,2665,127,138030.2526625854,10,19914.144288820153
CMP_053,CUST_0860,2026-08-23,Instagram,Packaged Foods,Conversion,Chennai,Budget,32,99948.76470066895,259775,9161,3252,210,131410.35156751724,2,1442.6554285768104
CMP_050,CUST_1190,2026-02-28,YouTube,Snacks,Product Launch,Pune,Regular,27,81173.46048817394,296357,5204,2896,102,78740.77659778687,3,5600.436511033511
CMP_078,CUST_0952,2026-03-16,Instagram,Packaged Foods,Product Launch,Bangalore,Premium,40,8084.723310716086,22131,695,377,16,17541.354322045026,5,7073.926706549216
CMP_101,CUST_0661,2026-05-26,LinkedIn,Beverages,Awareness,Bangalore,Budget,19,10018.459921317237,30681,1121,500,24,23163.62847346978,7,12224.363137523991
CMP_070,CUST_0371,2026-09-19,LinkedIn,Packaged Foods,Product Launch,Chennai,Premium,35,29398.853583892593,195301,4866,2919,117,198892.12663061442,9,41225.56218212939
CMP_116,CUST_0605,2026-02-11,YouTube,Home Care,Conversion,Bangalore,Regular,22,29562.94004582336,127823,2338,990,32,23345.962219133507,1,1624.042402331732
CMP_007,CUST_0639,2026-04-02,LinkedIn,Snacks,Awareness,Kolkata,Regular,37,81890.10672150984,334022,8411,3554,80,110243.88035271443,3,7959.680934165872
CMP_034,CUST_0403,2026-02-27,Instagram,Personal Care,Seasonal,Pune,Regular,32,52527.59927442706,204386,6701,1699,72,71123.92244478014,11,7767.39896060937
CMP_123,CUST_0929,2026-08-28,YouTube,Personal Care,Retargeting,Pune,Premium,46,16445.773131654452,41011,820,486,15,14520.358936746401,11,15536.94254595405
CMP_101,CUST_0444,2026-04-21,Google Ads,Snacks,Seasonal,Mumbai,Regular,34,85699.64065044792,287007,12995,3532,343,339406.2652867077,8,21500.197922540818
CMP_054,CUST_1305,2026-09-09,Meta Ads,Beverages,Retargeting,Delhi,Budget,25,68844.99134800938,195742,5798,2876,144,88186.23294702172,6,6709.441179745431
CMP_110,CUST_0308,2026-08-09,YouTube,Snacks,Product Launch,Pune,Premium,18,31364.666465727292,73277,1589,757,30,31235.466208464797,4,5714.633047730176
CMP_139,CUST_1036,2026-06-26,LinkedIn,Snacks,Awareness,Mumbai,Premium,21,8568.791806678157,24024,664,222,19,32637.98144452509,8,14800.563447841918
CMP_022,CUST_0843,2026-08-13,YouTube,Personal Care,Product Launch,Hyderabad,Budget,51,30483.784097619522,67774,1439,584,18,11990.61247137385,7,4549.382849526923
CMP_093,CUST_0626,2026-05-23,Google Ads,Packaged Foods,Awareness,Delhi,Premium,48,20605.692698313163,71990,3478,1281,121,199352.96934100235,5,18156.87048372098
CMP_089,CUST_1395,2026-04-09,Instagram,Home Care,Seasonal,Hyderabad,Budget,44,89745.59171992094,248019,9013,3092,165,113292.96459717196,1,1261.4731749037264
CMP_125,CUST_0881,2026-03-05,Meta Ads,Packaged Foods,Retargeting,Pune,Regular,61,88831.91317802026,474634,13543,4876,301,234795.39009226745,7,9281.743453333847
CMP_146,CUST_0975,2026-08-12,Google Ads,Snacks,Product Launch,Mumbai,Budget,42,30594.69948630931,74105,3138,1428,80,65045.38371350027,10,9136.765205065343
CMP_092,CUST_0582,2026-05-13,Instagram,Snacks,Awareness,Hyderabad,Premium,54,40974.04994741444,94201,3486,1742,96,101278.0407624207,2,5735.423989231367
CMP_122,CUST_0113,2026-01-23,LinkedIn,Beverages,Retargeting,Chennai,Regular,34,91132.0632104399,497690,9844,2602,164,250294.2851308986,11,19337.475365572736
CMP_062,CUST_0315,2026-06-26,YouTube,Snacks,Seasonal,Hyderabad,Budget,38,77803.37165295208,230785,4950,2916,138,80331.1784689116,8,8132.575115699498
CMP_006,CUST_0784,2026-07-19,Meta Ads,Home Care,Retargeting,Bangalore,Budget,53,30507.967139019354,107995,3087,1070,55,34651.483852211284,5,3449.514764185352
CMP_071,CUST_0225,2026-01-11,Google Ads,Snacks,Awareness,Kolkata,Regular,41,8416.746840274216,24955,1204,418,19,24517.979126481823,1,2461.1052162718483
CMP_103,CUST_0527,2026-03-16,Instagram,Home Care,Seasonal,Pune,Regular,54,75035.82623927396,229457,8719,4243,202,167547.02645031273,2,2032.2251616099047
CMP_103,CUST_0326,2026-06-06,Instagram,Home Care,Conversion,Pune,Premium,26,10827.668075967462,30431,1116,497,23,27228.02301672021,9,20487.861137374282
CMP_077,CUST_0869,2026-02-21,Google Ads,Personal Care,Conversion,Delhi,Budget,42,29576.981680807236,230089,11037,2765,126,109955.91964766856,2,2938.305825982275
CMP_118,CUST_0601,2026-06-03,Email,Packaged Foods,Product Launch,Chennai,Premium,42,58400.533849206804,478946,39572,22635,2267,4013483.663476389,3,12156.27496035999
CMP_046,CUST_0113,2026-04-01,LinkedIn,Packaged Foods,Conversion,Delhi,Regular,29,73306.84710047465,341429,7589,2367,87,142283.33620368765,11,27545.995774906598
CMP_121,CUST_0738,2026-07-21,Google Ads,Home Care,Awareness,Pune,Budget,18,29547.301547685158,75735,3495,1112,80,57418.88896777832,6,8423.519814053747
CMP_051,CUST_0176,2026-09-10,Google Ads,Beverages,Seasonal,Pune,Regular,48,66927.46889652257,177418,7544,2798,197,246220.16351805453,1,2618.7105213190407
CMP_010,CUST_0700,2026-08-18,Google Ads,Snacks,Awareness,Pune,Budget,24,26539.751555344334,83287,3435,1456,110,83158.25683990457,2,2548.651138762674
CMP_071,CUST_0606,2026-05-13,Google Ads,Snacks,Product Launch,Delhi,Budget,47,33136.79272810486,107289,3397,1736,107,79729.36771276391,1,1566.5270697534274
CMP_055,CUST_1485,2026-07-27,YouTube,Home Care,Retargeting,Hyderabad,Budget,54,65209.41205099232,320350,7647,3665,181,97564.78035436996,1,465.4191930934305
CMP_138,CUST_1211,2026-07-23,Meta Ads,Packaged Foods,Seasonal,Bangalore,Budget,47,69318.59241379096,180020,6711,3232,186,119667.41494619481,8,11162.751245319334
CMP_110,CUST_0585,2026-02-22,YouTube,Personal Care,Awareness,Chennai,Regular,56,28231.342083508436,144764,2884,1163,20,13434.869902203995,9,7166.728163698132
CMP_125,CUST_1361,2026-07-11,LinkedIn,Home Care,Awareness,Bangalore,Premium,21,13516.961967389505,58431,1421,466,34,62371.32203449533,5,16607.235900512787
CMP_088,CUST_0706,2026-06-25,Google Ads,Home Care,Conversion,Kolkata,Budget,58,21253.166851430396,135051,7065,2946,206,168720.06893927767,10,14424.255549679845
CMP_134,CUST_1186,2026-07-10,Google Ads,Packaged Foods,Awareness,Bangalore,Premium,53,49194.51614655875,349263,19530,5323,573,889985.7926434804,4,10919.169510851374
CMP_051,CUST_0104,2026-08-18,Meta Ads,Packaged Foods,Seasonal,Hyderabad,Regular,58,74995.48402746872,278144,8000,3408,101,105095.07814305172,2,3903.58573300655
CMP_084,CUST_1089,2026-01-01,Google Ads,Snacks,Seasonal,Delhi,Regular,48,70393.97436679748,342163,14543,4138,298,320532.5999794521,1,2262.817602763292
CMP_030,CUST_1044,2026-02-17,Meta Ads,Home Care,Seasonal,Bangalore,Regular,23,50328.905718959686,308405,9851,4125,255,272650.5109050053,2,3921.9799728942735
CMP_072,CUST_0432,2026-01-15,Meta Ads,Snacks,Product Launch,Mumbai,Premium,27,53594.935876901836,126668,4570,1397,65,71743.46163623652,2,2296.822442480944
CMP_070,CUST_0708,2026-03-31,Google Ads,Personal Care,Conversion,Pune,Premium,28,46032.260458853736,186054,9466,2721,271,481805.71276091284,7,9586.699555057568
CMP_023,CUST_1071,2026-01-13,LinkedIn,Beverages,Retargeting,Pune,Regular,58,34920.44588228215,157931,3670,1466,61,82411.9837070525,2,3099.8306822006607
CMP_074,CUST_0439,2026-05-12,LinkedIn,Snacks,Product Launch,Kolkata,Premium,48,49221.26238177144,114135,2434,1042,57,110111.72501050253,10,18827.89708277194
CMP_019,CUST_0712,2026-08-08,Meta Ads,Snacks,Awareness,Pune,Premium,29,64742.94871926399,174162,4694,1623,119,168610.34277607987,5,5461.241355958071
CMP_136,CUST_1028,2026-06-04,YouTube,Personal Care,Seasonal,Pune,Regular,43,55464.09944786164,363393,7593,2355,93,76912.91357495703,6,8603.693280111469
CMP_077,CUST_1101,2026-01-28,YouTube,Snacks,Retargeting,Bangalore,Premium,34,77798.88675629551,273628,6258,3463,102,108254.19840721952,8,8359.646476390928
CMP_008,CUST_1027,2026-05-05,Email,Personal Care,Conversion,Mumbai,Budget,29,82842.83194181681,346996,35920,17813,2032,1885763.0106121995,2,2450.354260631521
CMP_015,CUST_0746,2026-02-15,LinkedIn,Beverages,Seasonal,Chennai,Budget,36,59821.08429644175,180147,4190,1293,73,68706.310863914,2,3496.0302284038726
CMP_087,CUST_1157,2026-02-24,Google Ads,Beverages,Awareness,Delhi,Premium,53,8826.724139728132,22891,1183,627,44,59189.6415146518,2,4418.275384417691
CMP_111,CUST_1345,2026-08-07,Meta Ads,Personal Care,Conversion,Mumbai,Budget,47,67828.26328831457,272010,9930,3828,162,96823.59044932219,4,3301.649557498967
CMP_130,CUST_1047,2026-09-08,Google Ads,Snacks,Awareness,Pune,Regular,26,87236.27845540953,436956,19015,9729,633,825712.4043331085,8,13051.129340681358
CMP_128,CUST_1380,2026-05-28,Instagram,Packaged Foods,Product Launch,Mumbai,Budget,42,65432.69843416624,242441,7957,3634,226,169499.9077533647,3,3901.856523200895
CMP_072,CUST_0837,2026-04-15,Google Ads,Beverages,Awareness,Mumbai,Budget,33,93337.6958179185,333762,12663,6723,477,459947.4854569317,10,10579.530777195396
CMP_027,CUST_0074,2026-08-03,LinkedIn,Home Care,Retargeting,Delhi,Regular,43,39679.51883579714,151042,3397,1448,64,96149.00864051071,1,1141.4168043341488
CMP_088,CUST_0011,2026-07-06,YouTube,Home Care,Product Launch,Delhi,Budget,54,31885.060365762383,240583,4806,2473,103,55524.9976089369,2,2151.21483292476
CMP_074,CUST_1078,2026-01-31,Google Ads,Packaged Foods,Seasonal,Chennai,Budget,38,51174.198856042145,150888,7293,3671,284,255607.3478446208,4,7058.867074283581
CMP_125,CUST_0092,2026-04-19,YouTube,Packaged Foods,Awareness,Pune,Regular,60,16635.734600778236,56157,1084,453,13,9236.665173031908,2,1920.8017693799554
CMP_009,CUST_0905,2026-09-26,Meta Ads,Snacks,Retargeting,Mumbai,Premium,49,78553.85903156376,233411,9673,2575,131,139587.78950549275,4,9304.810202888491
CMP_147,CUST_0107,2026-09-28,YouTube,Home Care,Conversion,Pune,Regular,23,74438.16341363816,346309,6679,3690,141,112503.00401969548,10,9082.49747036594
CMP_149,CUST_0122,2026-07-30,Email,Personal Care,Product Launch,Bangalore,Budget,46,14590.029755423859,33354,2431,946,138,116070.2745992089,4,4454.139909127705
CMP_026,CUST_0712,2026-04-09,Instagram,Snacks,Awareness,Mumbai,Premium,55,15740.031944278462,42546,1648,923,55,63928.35423255045,2,4700.910422017594
CMP_030,CUST_1285,2026-08-11,Meta Ads,Snacks,Awareness,Mumbai,Budget,53,43630.47005407219,177039,5143,1593,111,67553.0446671036,11,13081.145376941839
CMP_047,CUST_0761,2026-03-20,Google Ads,Beverages,Product Launch,Pune,Budget,35,28247.98171725159,172858,8512,5023,368,358733.6990738336,11,7403.634510736212
CMP_031,CUST_0060,2026-09-06,Email,Packaged Foods,Conversion,Mumbai,Budget,44,63251.18427059612,155521,10998,5903,932,905359.253697863,5,4125.018920581924
CMP_001,CUST_0747,2026-03-15,Instagram,Snacks,Awareness,Hyderabad,Premium,44,42519.7926720389,208603,8393,3299,142,143045.97323263844,2,3583.691349552396
CMP_064,CUST_0967,2026-02-17,Meta Ads,Home Care,Conversion,Hyderabad,Regular,45,11814.515092416295,34979,1286,768,41,32715.42939830232,1,1527.0687951741402
CMP_056,CUST_0577,2026-09-25,Google Ads,Beverages,Awareness,Mumbai,Budget,46,73625.48322511585,505190,22672,6943,478,402479.02932032634,2,3113.478912178745
CMP_049,CUST_0844,2026-05-11,Google Ads,Packaged Foods,Product Launch,Kolkata,Premium,41,72820.58867267681,261562,9837,3980,274,346625.31449019077,6,16319.601958676265
CMP_126,CUST_0601,2026-03-02,Meta Ads,Beverages,Awareness,Chennai,Premium,62,24745.15353486666,63706,2144,713,44,55800.86594335634,3,6128.841719229593
CMP_052,CUST_0473,2026-06-08,LinkedIn,Home Care,Conversion,Pune,Budget,60,18552.163389950398,64417,1496,596,34,38086.50496860935,3,5501.03239211079
CMP_121,CUST_0147,2026-05-02,LinkedIn,Beverages,Retargeting,Hyderabad,Premium,19,21727.85013801304,60944,1296,446,25,46613.54786632779,1,3862.88655090418
CMP_144,CUST_0379,2026-01-02,Email,Home Care,Awareness,Kolkata,Budget,24,54320.48875958134,248766,14795,5060,478,420272.0246406362,9,16559.357006061175
CMP_031,CUST_1486,2026-03-21,LinkedIn,Snacks,Seasonal,Pune,Regular,60,7299.574220140334,31056,729,228,11,16108.365889188577,3,4278.058190573317
CMP_081,CUST_0607,2026-09-25,Meta Ads,Personal Care,Awareness,Mumbai,Regular,43,59378.73396693769,234243,5733,2776,166,158213.22806061065,4,5613.734977077349
CMP_052,CUST_1362,2026-06-20,YouTube,Beverages,Seasonal,Bangalore,Premium,21,33952.28671574595,188627,3910,1246,42,42334.53819422973,1,2073.789602791546
CMP_064,CUST_0501,2026-07-05,Meta Ads,Snacks,Conversion,Mumbai,Budget,21,24985.3477453344,195801,5734,1890,115,83349.22345743363,1,693.997284209487
CMP_021,CUST_1253,2026-06-20,Instagram,Beverages,Retargeting,Pune,Premium,36,23535.337902299954,56771,2570,1089,48,65782.38268135428,1,2567.458994615577
CMP_077,CUST_0998,2026-02-24,Google Ads,Beverages,Retargeting,Chennai,Premium,27,84135.59044410317,240114,9210,3296,172,279580.633636864,8,9761.810553955454
CMP_087,CUST_0992,2026-08-13,Email,Personal Care,Retargeting,Delhi,Regular,45,88382.73126620926,227591,15765,5440,646,828710.5849697891,8,14882.618123508453
CMP_038,CUST_0634,2026-09-17,YouTube,Snacks,Seasonal,Mumbai,Premium,43,29093.484625663594,70678,1135,372,13,15618.105331570272,7,11553.520808997902
CMP_073,CUST_0643,2026-04-25,YouTube,Snacks,Product Launch,Mumbai,Regular,38,73510.13048031833,218085,4809,1663,80,56717.051392626934,3,4997.453249313142
CMP_128,CUST_0468,2026-03-13,LinkedIn,Personal Care,Awareness,Kolkata,Budget,47,43442.10545661227,173827,4434,1367,52,51236.91858774508,4,8386.10780262644
CMP_121,CUST_0993,2026-06-22,Instagram,Snacks,Conversion,Hyderabad,Premium,55,27139.23968535288,87744,2404,847,59,77267.7588426749,6,6608.923165865517
CMP_068,CUST_0475,2026-05-05,YouTube,Packaged Foods,Awareness,Delhi,Regular,50,51369.92247463088,156592,2773,1392,50,34789.82872024299,1,1166.549050024306
CMP_082,CUST_0833,2026-05-16,Google Ads,Home Care,Retargeting,Delhi,Premium,35,6119.088247230991,13623,699,217,13,22517.58839472684,9,29950.812106615034
CMP_112,CUST_0345,2026-06-09,LinkedIn,Beverages,Retargeting,Kolkata,Budget,22,42732.75420012724,212661,3795,1937,96,116057.25835102063,9,19279.689457527205
CMP_029,CUST_0039,2026-04-10,Google Ads,Beverages,Conversion,Hyderabad,Premium,39,8890.395554200579,30237,1553,917,66,90611.51806472908,1,2487.0347830180626
CMP_120,CUST_1202,2026-09-02,YouTube,Beverages,Awareness,Hyderabad,Regular,24,89594.60952846953,291021,6265,1982,69,46820.78256715657,7,9746.569972211802
CMP_006,CUST_0089,2026-07-27,Email,Home Care,Awareness,Chennai,Premium,53,74017.19090205515,187002,18233,5672,542,1093173.3920098506,10,40301.86464261997
CMP_131,CUST_0579,2026-08-16,Google Ads,Home Care,Seasonal,Kolkata,Premium,27,63415.786383858926,227134,10497,5369,386,655319.1702820983,9,13907.43248026432
CMP_115,CUST_1389,2026-03-31,Instagram,Packaged Foods,Retargeting,Pune,Premium,36,90268.40837805021,435376,13959,3653,198,256406.603489935,6,14427.211983401572
CMP_060,CUST_0822,2026-04-22,Instagram,Beverages,Seasonal,Kolkata,Regular,49,10258.229975719043,61166,1886,893,45,34887.56928124733,6,8996.174232955644
CMP_107,CUST_1212,2026-09-21,Meta Ads,Personal Care,Awareness,Pune,Budget,36,22066.30500709251,50533,1159,644,28,19481.27932168716,8,5042.452934174937
CMP_032,CUST_0434,2026-07-08,YouTube,Home Care,Conversion,Pune,Budget,63,33750.832360497385,99682,2137,630,17,8955.492828044802,6,8215.931922449567
CMP_119,CUST_0811,2026-07-07,Meta Ads,Snacks,Product Launch,Pune,Premium,39,87335.67809794252,196590,7200,3917,195,240358.62422095428,1,1588.6507411161595
CMP_101,CUST_0675,2026-06-22,Email,Snacks,Retargeting,Pune,Regular,50,54230.73998541311,200620,10899,6250,640,833701.1068598145,4,9130.440600546033
CMP_057,CUST_1388,2026-09-11,Instagram,Packaged Foods,Awareness,Bangalore,Regular,35,30589.17156303609,79613,3609,1304,56,44585.300672330806,11,7812.35669856856
CMP_056,CUST_0031,2026-02-28,Google Ads,Beverages,Retargeting,Hyderabad,Regular,52,29081.906559433086,67573,3106,1161,107,130017.63017534903,3,3673.473635052576
CMP_132,CUST_0502,2026-06-15,YouTube,Beverages,Product Launch,Mumbai,Regular,64,55181.52773407991,163056,3209,1264,53,35620.3856123797,3,5114.084816087743
CMP_042,CUST_0233,2026-09-28,Meta Ads,Home Care,Product Launch,Mumbai,Regular,61,84472.4771611133,292232,9040,3550,162,124670.70527374388,9,10836.489359728392
CMP_135,CUST_0626,2026-09-21,YouTube,Snacks,Conversion,Delhi,Budget,23,78766.25372498835,214492,4952,2748,60,31336.729752982505,6,6984.02466046333
CMP_144,CUST_1231,2026-04-17,Meta Ads,Beverages,Product Launch,Bangalore,Budget,56,94771.87104580723,339690,12093,4188,225,154768.8489464935,6,6616.778602658718
CMP_051,CUST_1363,2026-02-24,Email,Packaged Foods,Retargeting,Delhi,Premium,55,77104.59743661912,277401,21899,7715,803,1533912.297659919,11,31811.287264351005
CMP_026,CUST_0429,2026-08-23,Google Ads,Beverages,Awareness,Mumbai,Premium,44,66139.74116028292,424883,20374,5361,403,641371.6693170355,5,15691.166414522715
CMP_109,CUST_1020,2026-03-20,Google Ads,Packaged Foods,Product Launch,Kolkata,Budget,58,29938.31740532169,186853,11735,4409,362,320855.2606565896,9,8009.083507687561
CMP_055,CUST_1427,2026-06-06,Google Ads,Packaged Foods,Seasonal,Chennai,Regular,41,37844.3739583348,214341,9978,5234,339,393506.7632575967,4,10864.651810706333
CMP_029,CUST_0410,2026-07-30,Email,Packaged Foods,Seasonal,Pune,Premium,58,90034.5027612932,202654,13684,7759,958,1895661.481950802,10,21260.593568679848
CMP_008,CUST_0544,2026-09-26,LinkedIn,Home Care,Seasonal,Bangalore,Budget,58,79475.48921929489,294816,7929,3799,187,188534.1713025768,2,2655.1798447207043
CMP_106,CUST_0221,2026-09-30,Instagram,Packaged Foods,Awareness,Delhi,Premium,21,92644.378466051,301188,12599,4284,172,225750.3875340297,1,2160.0287026837545
CMP_138,CUST_0492,2026-01-21,Instagram,Packaged Foods,Conversion,Chennai,Budget,25,24588.722529244213,121454,4857,1986,70,38097.937795838974,7,9685.251454217221
CMP_021,CUST_0494,2026-03-23,YouTube,Snacks,Retargeting,Delhi,Premium,50,30559.96173050548,78778,1420,582,28,32907.28439775103,5,10139.118260829784
CMP_083,CUST_1049,2026-02-26,Instagram,Beverages,Product Launch,Bangalore,Regular,40,96225.30405674632,275918,9030,3320,205,181767.15488641508,4,4206.1449531124545
CMP_066,CUST_1467,2026-09-20,LinkedIn,Personal Care,Seasonal,Kolkata,Premium,32,36669.94462107346,136720,2529,999,73,146708.32697176887,10,26999.675863339497
CMP_114,CUST_0292,2026-02-17,Email,Beverages,Retargeting,Mumbai,Premium,43,55394.952783790264,215372,16126,5384,671,1184797.8937103245,11,24953.87638606922
CMP_065,CUST_0820,2026-08-23,Instagram,Packaged Foods,Conversion,Kolkata,Regular,43,81697.83401403502,219743,8262,4698,264,206249.57526267355,5,8347.486068567208
CMP_022,CUST_0836,2026-01-19,Meta Ads,Personal Care,Conversion,Mumbai,Regular,21,75328.79069041299,337477,10649,5621,423,454834.70490360726,9,11136.187641422042
CMP_061,CUST_1331,2026-07-23,LinkedIn,Home Care,Retargeting,Delhi,Premium,27,62814.30135152755,142630,4358,1186,42,82447.50563484771,10,28469.802835839735
CMP_113,CUST_0901,2026-07-10,Email,Personal Care,Conversion,Chennai,Regular,52,34016.11277834773,90033,5792,2810,249,276066.1252670977,10,28486.003200936117
CMP_095,CUST_0881,2026-03-22,LinkedIn,Personal Care,Retargeting,Kolkata,Budget,57,40749.62261072477,169894,4333,1744,67,79558.55202136346,3,4118.203290446258
CMP_085,CUST_0472,2026-06-24,YouTube,Beverages,Awareness,Mumbai,Budget,27,5644.876532241029,33113,586,195,10,5805.315439079279,6,4966.256677275073
CMP_080,CUST_0480,2026-02-04,Email,Snacks,Conversion,Mumbai,Regular,37,93435.3237152858,596635,57819,23262,2400,3468686.3758828044,7,18316.29471225588
CMP_048,CUST_0724,2026-04-22,Email,Home Care,Product Launch,Hyderabad,Premium,43,70421.27996511705,158980,13308,7073,802,1312304.0755747922,3,9055.836781817065
CMP_088,CUST_0149,2026-03-12,Instagram,Personal Care,Retargeting,Chennai,Budget,41,80710.01288148636,256351,9117,4521,174,120583.20049680727,2,1912.463069501852
CMP_131,CUST_1471,2026-06-29,LinkedIn,Home Care,Retargeting,Kolkata,Premium,48,80130.71937515202,208136,4500,1514,80,145859.50067813694,11,43436.26101604786
CMP_048,CUST_1257,2026-07-01,YouTube,Personal Care,Conversion,Pune,Premium,41,82471.33773011291,291141,4938,1292,46,42511.502755032874,9,7679.445776622504
CMP_061,CUST_0762,2026-01-13,Instagram,Snacks,Retargeting,Bangalore,Premium,57,90265.21912580212,337360,14348,4055,189,247363.40565899233,6,5839.675688012326
CMP_128,CUST_0342,2026-02-16,Google Ads,Home Care,Conversion,Mumbai,Regular,56,16846.257476742307,53744,2688,1251,105,100569.10212065784,9,19637.406769921017
CMP_080,CUST_0664,2026-02-09,Google Ads,Home Care,Seasonal,Bangalore,Premium,43,49135.362621728375,134381,7151,2868,201,302041.9696840988,11,17611.75667383809
CMP_031,CUST_0368,2026-02-16,Email,Personal Care,Conversion,Kolkata,Premium,42,74466.0054379584,182624,14298,8390,735,1258502.5037592258,9,33132.71851365848
CMP_092,CUST_0166,2026-03-12,Google Ads,Packaged Foods,Seasonal,Kolkata,Regular,44,15744.475245263133,91756,2869,1463,72,72053.4750572447,8,15649.495236297122
CMP_087,CUST_0652,2026-06-26,Instagram,Snacks,Seasonal,Kolkata,Budget,26,29504.253144755556,104550,3214,1485,66,46302.77713007987,11,12496.44640249429
CMP_119,CUST_0381,2026-01-14,Instagram,Home Care,Seasonal,Kolkata,Regular,25,48175.85963075888,254811,5736,2334,134,98726.83500360051,11,19571.402892067712
CMP_111,CUST_1478,2026-05-03,Instagram,Home Care,Product Launch,Chennai,Regular,37,79415.10457083932,380792,13285,5273,171,160567.74231092655,11,10767.675873250992
CMP_044,CUST_1006,2026-08-13,Google Ads,Packaged Foods,Awareness,Delhi,Premium,26,58681.8668884859,145481,6799,3302,216,322216.747933383,8,12363.982837079095
CMP_040,CUST_0503,2026-09-27,Google Ads,Snacks,Retargeting,Mumbai,Premium,29,99582.39917133306,489640,24890,8791,295,415592.07521280553,4,6479.792827018533
CMP_047,CUST_0541,2026-03-18,Instagram,Home Care,Conversion,Chennai,Premium,53,15488.902279288994,59932,2076,618,37,49971.995806234314,4,9908.454849069583
CMP_001,CUST_0674,2026-03-09,Google Ads,Home Care,Seasonal,Chennai,Budget,34,45521.84136795722,274280,16285,9354,863,801284.4512147624,5,5825.637099411713
CMP_139,CUST_0952,2026-06-19,Email,Beverages,Seasonal,Bangalore,Regular,38,9597.608784847733,56786,4201,1437,84,107225.67566555958,5,9530.56435022721
CMP_149,CUST_1049,2026-05-23,Meta Ads,Snacks,Awareness,Bangalore,Premium,37,6713.040933396851,22095,683,248,13,18332.42055176786,2,5571.493878747931
CMP_052,CUST_0942,2026-08-09,YouTube,Home Care,Retargeting,Pune,Regular,32,14090.56102551011,33404,693,273,7,5711.1764997023065,10,13569.748732630791
CMP_057,CUST_1144,2026-02-12,Instagram,Home Care,Awareness,Kolkata,Budget,19,56493.16778423419,133464,4587,1587,100,60588.21714805359,3,4779.0270169518035
CMP_137,CUST_0212,2026-06-05,LinkedIn,Personal Care,Seasonal,Delhi,Premium,62,30647.495501268895,82037,1969,811,35,77232.44743038258,11,49413.233886161644
CMP_131,CUST_1439,2026-01-30,Google Ads,Beverages,Awareness,Chennai,Premium,36,19695.06057756181,73212,4123,1391,85,151167.9825314074,8,29318.925628590478
CMP_129,CUST_0060,2026-04-17,Meta Ads,Personal Care,Seasonal,Pune,Regular,64,60323.95823107676,135437,4707,2494,156,140494.4546898244,10,10588.851297552492
CMP_083,CUST_1418,2026-05-23,Google Ads,Home Care,Retargeting,Bangalore,Budget,24,89275.11868927369,374809,13730,6059,298,235303.1187743976,1,1667.8417463179992
CMP_108,CUST_1068,2026-03-19,YouTube,Home Care,Retargeting,Hyderabad,Budget,36,15649.358483322085,58953,1348,523,25,14340.88360828149,6,2747.0378674888957
CMP_029,CUST_0783,2026-03-28,Email,Packaged Foods,Retargeting,Chennai,Regular,45,28961.19775190879,74730,4637,1256,145,199098.87934598498,3,3916.944752563232
CMP_143,CUST_0401,2026-01-28,YouTube,Home Care,Seasonal,Bangalore,Budget,45,44576.26163949887,133456,3024,1310,26,12492.15202880489,10,4556.6488759038975
CMP_092,CUST_0233,2026-09-23,Meta Ads,Personal Care,Product Launch,Hyderabad,Budget,51,64613.084649167795,170548,6092,3454,210,145595.54758742612,10,14957.890665308698
CMP_044,CUST_0509,2026-06-14,Instagram,Snacks,Retargeting,Pune,Premium,41,90563.2779903197,231142,9492,4787,256,313790.50603257294,8,17602.11758538879
CMP_071,CUST_0590,2026-05-10,Instagram,Home Care,Retargeting,Delhi,Premium,53,12598.335865691704,84189,3694,1464,107,126563.13016915436,3,5567.313848120548
CMP_078,CUST_0284,2026-02-23,Google Ads,Personal Care,Conversion,Hyderabad,Premium,43,86188.65899942437,439596,16583,7000,430,659689.4227981193,11,35397.71170849459
CMP_137,CUST_1071,2026-08-01,Google Ads,Home Care,Seasonal,Kolkata,Regular,31,85411.34174919415,303041,13721,6814,470,489856.8711325641,10,23984.05387582278
CMP_019,CUST_0815,2026-04-27,YouTube,Snacks,Seasonal,Kolkata,Premium,37,16119.281907100984,89044,1694,995,29,31407.43981281565,8,8366.030557674128
CMP_006,CUST_1388,2026-04-13,Meta Ads,Beverages,Conversion,Kolkata,Premium,33,99241.51709269939,286333,8220,4264,286,320064.2501168273,7,19032.202323273046
CMP_111,CUST_1444,2026-01-07,LinkedIn,Packaged Foods,Awareness,Mumbai,Premium,29,59820.067462786705,256796,6065,2896,151,268763.0473793558,8,30613.574639949584
CMP_077,CUST_0373,2026-04-14,LinkedIn,Snacks,Seasonal,Pune,Budget,36,92418.71367705602,678440,19802,6627,332,385676.7893006063,10,20130.97826027511
CMP_086,CUST_1037,2026-07-02,Google Ads,Home Care,Conversion,Kolkata,Premium,43,18695.9425027147,44126,2022,802,56,83906.75503972273,8,25336.039935984834
CMP_028,CUST_1405,2026-06-06,YouTube,Personal Care,Seasonal,Pune,Budget,64,38272.478361072295,90555,1917,482,20,10005.485024624986,10,13249.017519017512
CMP_033,CUST_0097,2026-01-16,Email,Beverages,Seasonal,Delhi,Premium,49,38840.07513911758,317320,24968,9731,917,1409912.8962320818,7,21469.920356616563
CMP_130,CUST_1458,2026-02-17,Google Ads,Beverages,Seasonal,Pune,Premium,48,64544.46261992524,195269,9934,5913,648,846163.0731748982,1,2485.796716090855
CMP_095,CUST_0293,2026-01-25,YouTube,Beverages,Seasonal,Bangalore,Premium,53,83664.11214855396,486489,12096,3719,154,154022.9815348525,7,7734.2466049946515
CMP_034,CUST_0236,2026-08-16,LinkedIn,Snacks,Product Launch,Kolkata,Premium,46,42056.27624602468,103847,2518,1390,67,119803.4532679889,7,10703.746370133807
CMP_086,CUST_0645,2026-06-27,LinkedIn,Home Care,Seasonal,Hyderabad,Regular,26,37383.88647177393,98629,2655,1272,55,87107.96721579203,7,10951.768247325095
CMP_015,CUST_0321,2026-01-20,LinkedIn,Personal Care,Awareness,Hyderabad,Premium,27,20981.930104349893,60125,1810,688,36,76257.63906584773,11,38258.52606793155
CMP_117,CUST_1297,2026-06-28,YouTube,Packaged Foods,Retargeting,Hyderabad,Regular,49,69582.03470212637,228601,4033,2351,94,73812.40117528081,5,3262.8273142440103
CMP_034,CUST_1041,2026-01-20,YouTube,Home Care,Awareness,Mumbai,Budget,47,20351.805816012013,127953,3341,1904,52,31177.162853794947,3,3240.3421401002934
CMP_068,CUST_0596,2026-02-11,Instagram,Personal Care,Retargeting,Hyderabad,Budget,36,87894.53183327624,305698,9899,2908,174,103768.3181245099,9,4802.035191763885
CMP_150,CUST_0909,2026-01-10,Meta Ads,Home Care,Conversion,Chennai,Premium,25,98541.21509046979,594956,12930,5119,194,282167.2179848399,10,16076.043131321081
CMP_096,CUST_0870,2026-03-03,Instagram,Snacks,Awareness,Kolkata,Regular,26,33085.64151906544,106130,4201,1312,88,87936.99910386204,2,2129.414799156446
CMP_064,CUST_0664,2026-09-25,Email,Home Care,Retargeting,Chennai,Budget,22,77512.09306930011,216235,15731,6519,546,494099.49232890597,9,12473.736484067862
CMP_021,CUST_0822,2026-06-01,Email,Packaged Foods,Retargeting,Kolkata,Regular,48,88013.07301041407,551660,49852,26671,2865,3699226.4774039495,3,3795.192721788205
CMP_070,CUST_0581,2026-05-01,LinkedIn,Snacks,Awareness,Kolkata,Premium,36,73153.33776349497,169615,5835,2400,147,294772.80584138585,11,49775.412819984005
CMP_113,CUST_0160,2026-06-15,YouTube,Snacks,Seasonal,Chennai,Regular,27,96367.43544281954,374665,9263,5397,207,160262.31691210408,1,1614.7892565856996
CMP_106,CUST_0581,2026-01-21,Meta Ads,Home Care,Retargeting,Delhi,Regular,59,74722.43517733154,292289,7302,2871,111,102297.98317234461,4,5915.981928423251
CMP_047,CUST_0261,2026-08-05,Email,Packaged Foods,Retargeting,Kolkata,Regular,34,67651.55552183551,267829,22214,11533,1419,2017040.1246964089,11,15025.041001077007
CMP_133,CUST_1048,2026-01-28,Google Ads,Home Care,Seasonal,Hyderabad,Budget,26,78211.04006640239,240499,12468,5693,661,472649.4818341892,9,7378.274163563751
CMP_013,CUST_0769,2026-03-30,Google Ads,Snacks,Awareness,Chennai,Budget,20,84017.02337621346,305478,16203,6778,503,430835.4988484885,1,1239.5177412870944
CMP_114,CUST_1406,2026-03-27,YouTube,Personal Care,Awareness,Kolkata,Regular,57,80231.1211501125,256824,5023,1296,42,36816.51410887218,6,4575.3729090406905
CMP_056,CUST_0932,2026-07-01,LinkedIn,Snacks,Retargeting,Hyderabad,Premium,40,47883.728691189055,167731,2464,836,48,101162.95004111357,3,11615.720581667649
CMP_021,CUST_1260,2026-08-28,Instagram,Packaged Foods,Retargeting,Hyderabad,Budget,54,6406.841807599389,16116,467,155,7,4088.1153672850346,5,5445.701776199832
CMP_111,CUST_0431,2026-01-30,Instagram,Packaged Foods,Product Launch,Pune,Budget,32,36086.01240033812,180498,6786,2004,94,65353.394181192,8,11108.948234434665
CMP_014,CUST_1074,2026-03-13,Instagram,Personal Care,Seasonal,Kolkata,Regular,23,54579.023883110436,160989,6873,2526,106,77332.8954222431,4,8170.035471844352
CMP_004,CUST_0044,2026-02-25,LinkedIn,Beverages,Conversion,Mumbai,Premium,23,43390.435535580924,224709,8097,3549,181,398803.72182174644,6,19504.512536342496
CMP_149,CUST_1051,2026-03-13,YouTube,Packaged Foods,Awareness,Hyderabad,Premium,49,11088.03582238629,61863,1230,686,25,24595.142106219613,11,19418.33864856308
CMP_081,CUST_1032,2026-01-27,Meta Ads,Packaged Foods,Seasonal,Bangalore,Budget,31,28738.23996572038,88876,2784,1146,53,40971.513042513114,6,8814.607266936384
CMP_133,CUST_0221,2026-04-27,Google Ads,Personal Care,Retargeting,Kolkata,Premium,44,61071.96375360408,174770,9399,5258,322,448478.244472122,4,13636.745981094953
CMP_104,CUST_1281,2026-06-05,Google Ads,Home Care,Retargeting,Bangalore,Regular,38,72009.45563518479,248856,9119,4625,375,429551.8527964436,8,7788.536113063961
CMP_142,CUST_0565,2026-04-16,YouTube,Personal Care,Conversion,Pune,Regular,18,60229.82293443461,159481,3580,1408,35,27623.56451438564,7,8973.73934514689
CMP_101,CUST_0697,2026-04-01,YouTube,Personal Care,Seasonal,Delhi,Regular,20,65207.927680857116,303998,6294,1857,70,47939.040917175356,1,997.9635530195851
CMP_087,CUST_1254,2026-01-20,Google Ads,Beverages,Seasonal,Hyderabad,Premium,22,76624.08002193528,489829,19488,8952,655,1002936.2355560027,8,20593.284762997926
CMP_058,CUST_1300,2026-07-29,Google Ads,Home Care,Awareness,Kolkata,Budget,23,92842.95538770159,391905,18986,9374,483,402343.3032842967,2,3323.3743003847653
CMP_014,CUST_1204,2026-09-21,LinkedIn,Packaged Foods,Seasonal,Pune,Premium,48,64493.25816248813,383197,10068,3419,139,284278.9481915696,2,7417.453280826414
CMP_132,CUST_0521,2026-01-30,Email,Packaged Foods,Awareness,Hyderabad,Regular,55,92949.912201984,221279,11739,4845,557,642252.4747123417,11,30054.837922296163
CMP_122,CUST_1199,2026-06-01,Instagram,Beverages,Awareness,Delhi,Premium,53,20218.659254517064,164957,5398,1505,73,85957.38058654814,4,4010.6281844485106
CMP_039,CUST_1410,2026-04-17,Email,Home Care,Product Launch,Bangalore,Regular,55,95821.87249622386,502046,50560,22493,2588,3439289.2434885455,3,4021.970126911752
CMP_084,CUST_0522,2026-01-29,Instagram,Home Care,Conversion,Pune,Premium,45,73430.6770654632,249159,6597,3058,117,155978.8122927008,2,5694.098590904625
CMP_035,CUST_0075,2026-03-16,Google Ads,Snacks,Conversion,Chennai,Premium,35,65253.093642866545,173740,7921,2497,175,263557.7195702403,5,7778.1987520375105
CMP_047,CUST_1089,2026-05-26,LinkedIn,Snacks,Conversion,Hyderabad,Budget,32,34448.11296136965,80535,2233,773,26,30718.028588757436,4,3876.02000234105
CMP_033,CUST_0410,2026-06-17,YouTube,Home Care,Retargeting,Hyderabad,Regular,52,51510.8216430895,231245,5073,1894,56,39408.35561713244,10,18149.606497934747
CMP_018,CUST_0027,2026-03-09,LinkedIn,Personal Care,Awareness,Bangalore,Premium,38,38784.089929468726,101787,2130,1083,56,103873.97095413557,10,22892.432473373185
CMP_024,CUST_0893,2026-04-28,Email,Packaged Foods,Awareness,Hyderabad,Budget,41,9170.938294910538,27317,2396,1012,116,119070.32899918695,5,10949.030554531633
CMP_101,CUST_0062,2026-03-03,Instagram,Personal Care,Awareness,Delhi,Premium,52,94181.23938658411,262809,8853,2434,89,100621.64766276548,3,6238.170527060973
CMP_019,CUST_0064,2026-04-11,LinkedIn,Beverages,Retargeting,Hyderabad,Premium,52,70395.51854166263,323947,7812,4142,228,487400.5448947834,8,17060.92683481367
CMP_149,CUST_0375,2026-02-04,Meta Ads,Snacks,Product Launch,Pune,Regular,43,55421.30722687352,176138,4774,1464,69,64075.21937221354,10,21002.47024515443
CMP_073,CUST_0842,2026-02-05,Meta Ads,Personal Care,Conversion,Chennai,Premium,36,29942.27185190002,225208,7843,2091,90,122901.53193813855,6,14483.235276765894
CMP_120,CUST_1154,2026-06-24,Email,Personal Care,Conversion,Chennai,Premium,20,53757.66434916362,171328,9540,4794,464,671207.3346075247,10,26763.82630181313
CMP_035,CUST_0014,2026-07-14,LinkedIn,Personal Care,Awareness,Delhi,Premium,57,42368.519681037375,106090,3256,1077,31,60710.718448619795,1,2153.5892742783603
CMP_142,CUST_1110,2026-02-15,YouTube,Packaged Foods,Retargeting,Bangalore,Premium,53,94455.31094697003,232952,3854,1257,43,37272.48383117837,7,7714.736000271758
CMP_050,CUST_0773,2026-04-20,Instagram,Packaged Foods,Seasonal,Kolkata,Regular,54,20477.07633515381,88587,4076,1205,87,84651.19182406607,6,7795.655191257539
CMP_126,CUST_0767,2026-03-13,Instagram,Home Care,Awareness,Pune,Budget,58,45392.99143949754,167525,6986,3358,168,115116.36008922651,7,9953.195437797312
CMP_044,CUST_0451,2026-07-15,Meta Ads,Packaged Foods,Conversion,Bangalore,Regular,28,98600.64886958565,488903,15861,3975,215,214070.30141806332,11,21728.955163591705
CMP_072,CUST_0625,2026-04-17,LinkedIn,Home Care,Product Launch,Pune,Budget,53,30779.108343158015,169939,4479,1926,128,133539.06026712395,1,2457.1906339088255
CMP_092,CUST_0050,2026-04-15,Google Ads,Snacks,Product Launch,Kolkata,Premium,47,13474.623087611562,71037,3002,1016,62,86784.37180049108,4,10539.66110611462
CMP_065,CUST_1225,2026-08-10,Google Ads,Packaged Foods,Awareness,Kolkata,Budget,53,97291.0004290195,355193,14444,5151,244,172213.67849721806,8,14573.22939723539
CMP_067,CUST_0090,2026-09-17,Instagram,Snacks,Seasonal,Pune,Budget,18,31095.311928804593,93084,3593,1496,64,40363.531927554475,2,1907.255116012586
CMP_117,CUST_0612,2026-08-26,YouTube,Beverages,Seasonal,Delhi,Regular,59,19751.277301846407,51915,905,541,21,15640.684965129149,5,7338.849672009603
CMP_128,CUST_0697,2026-08-08,YouTube,Beverages,Seasonal,Mumbai,Premium,62,66365.39545564429,150469,3057,1687,41,43429.91145352042,7,7536.854836090457
CMP_126,CUST_1127,2026-02-06,Email,Beverages,Awareness,Mumbai,Regular,42,45643.228380633744,246493,20146,6893,467,514356.9131178858,10,26544.481760368642
CMP_069,CUST_0691,2026-03-21,Meta Ads,Beverages,Conversion,Chennai,Budget,35,40144.692545174454,189309,5861,1907,68,51895.07225162714,4,2620.1078895282444
CMP_077,CUST_0509,2026-06-13,Meta Ads,Home Care,Awareness,Delhi,Premium,37,44359.28967174645,160560,5327,1972,123,160008.1312361474,8,8079.023540011979
CMP_078,CUST_0534,2026-04-18,LinkedIn,Personal Care,Awareness,Delhi,Regular,64,25142.64579771175,193779,3623,2008,68,95748.02254172883,1,3107.845712213515
CMP_128,CUST_1175,2026-09-12,YouTube,Packaged Foods,Awareness,Mumbai,Budget,41,41682.95786021429,109782,1957,1053,42,20740.58819674486,4,2101.799497803844
CMP_028,CUST_0386,2026-09-06,YouTube,Home Care,Product Launch,Chennai,Regular,40,53680.71238078235,156963,2472,761,21,17476.708194794523,5,8047.19056834973
CMP_134,CUST_1090,2026-01-28,Instagram,Home Care,Conversion,Mumbai,Budget,56,58718.35477704028,164885,6028,1793,69,52122.861401615985,9,8913.383254786411
CMP_031,CUST_0895,2026-01-19,YouTube,Snacks,Retargeting,Delhi,Premium,63,38621.03838512262,121032,2632,1459,44,42442.178516527594,7,11096.554738103749
CMP_124,CUST_0785,2026-01-14,LinkedIn,Beverages,Conversion,Pune,Premium,36,90263.33933529363,208743,4169,1587,71,142582.69006132157,9,40770.750650239956
CMP_022,CUST_1156,2026-09-24,Instagram,Packaged Foods,Product Launch,Mumbai,Budget,25,64336.73889441466,249797,6152,3618,246,184696.16351300338,7,9154.103167477215
CMP_150,CUST_0753,2026-09-15,Google Ads,Home Care,Product Launch,Bangalore,Budget,61,90035.09144435874,266730,13371,4707,356,344417.42899949604,1,975.4177700368963
CMP_039,CUST_0307,2026-01-04,Meta Ads,Personal Care,Retargeting,Chennai,Premium,51,89810.54158465375,217982,6224,2671,199,221403.69145702253,3,4878.537646629251
CMP_050,CUST_0072,2026-08-07,Google Ads,Snacks,Product Launch,Pune,Premium,23,19072.722591556394,56803,2985,1272,92,154733.05622805745,4,14677.777818520995
CMP_002,CUST_1258,2026-01-24,YouTube,Snacks,Retargeting,Pune,Budget,26,52217.24653883463,399884,9803,3880,162,89320.55787002559,11,13658.600003730471
CMP_081,CUST_0722,2026-04-26,Google Ads,Snacks,Awareness,Mumbai,Premium,51,62651.68174108821,222724,7995,3348,229,369418.15100508614,1,2355.5565361689205
CMP_066,CUST_0807,2026-08-29,Email,Personal Care,Retargeting,Mumbai,Regular,64,14740.781120701182,45756,3781,972,92,126670.8855544204,8,22234.6126168617
CMP_119,CUST_0041,2026-09-17,LinkedIn,Beverages,Product Launch,Pune,Regular,30,64395.62057202096,163841,3813,1363,59,95297.57890339478,4,11903.873791932327
CMP_018,CUST_0295,2026-09-28,YouTube,Snacks,Retargeting,Mumbai,Premium,52,50361.36479393063,177818,5197,1767,55,49890.00932423253,4,8820.083313524148
CMP_127,CUST_1201,2026-02-21,Meta Ads,Packaged Foods,Retargeting,Chennai,Budget,32,43437.55887995199,162682,4800,1235,82,55269.11718127101,2,2662.7140276952027
CMP_108,CUST_0135,2026-08-20,Instagram,Snacks,Retargeting,Pune,Regular,38,36643.12706891792,217230,6132,1579,69,65117.33769997683,11,10682.230475632285
CMP_104,CUST_1396,2026-02-20,Instagram,Snacks,Retargeting,Bangalore,Budget,55,35538.935405041426,205810,7866,2426,96,72925.55841738629,8,11859.099629411536
CMP_084,CUST_0161,2026-01-29,LinkedIn,Home Care,Seasonal,Chennai,Premium,54,13668.25992390426,39727,1262,664,34,66149.68250018677,8,34214.58725124369
CMP_146,CUST_0632,2026-03-06,Instagram,Personal Care,Product Launch,Kolkata,Budget,26,6607.527629169596,27481,968,355,13,8523.49794449181,4,5291.515840165745
CMP_085,CUST_0993,2026-09-02,Instagram,Home Care,Awareness,Delhi,Regular,30,80335.77511664113,189290,5470,3080,178,142959.14064288297,7,9963.961580155374
CMP_101,CUST_0105,2026-09-07,Email,Beverages,Retargeting,Chennai,Budget,59,39230.508080698455,101021,9687,4859,621,613913.1503612993,5,6622.439763533131
CMP_081,CUST_0026,2026-03-18,YouTube,Snacks,Conversion,Pune,Budget,52,99186.01069801836,279112,5203,2498,106,58069.19732118053,7,9001.0322849182
CMP_030,CUST_1478,2026-09-07,YouTube,Packaged Foods,Retargeting,Pune,Budget,38,29565.501047513513,82357,1602,909,32,17071.93812839699,1,822.3331599272143
CMP_033,CUST_1047,2026-02-23,Instagram,Snacks,Product Launch,Kolkata,Budget,38,81048.93683685592,397779,16833,9945,429,261246.52048393426,2,2563.3974659043774
CMP_108,CUST_0793,2026-02-19,Meta Ads,Home Care,Conversion,Bangalore,Budget,51,99836.3557429584,264416,7070,3597,161,123925.67196851244,8,6405.234675360782
CMP_123,CUST_0974,2026-06-17,LinkedIn,Snacks,Product Launch,Mumbai,Budget,36,49682.98957774771,221081,6778,3519,183,203640.5579404059,7,15594.183125026375
CMP_100,CUST_1318,2026-05-04,Google Ads,Beverages,Conversion,Mumbai,Regular,19,16827.999164740766,38219,1382,408,31,38478.83802977821,1,2479.0158015042875
CMP_112,CUST_0638,2026-08-01,Meta Ads,Beverages,Retargeting,Kolkata,Budget,58,87490.77654678495,210939,6430,3062,223,167222.14817295413,9,11549.215469896099
CMP_075,CUST_0351,2026-07-29,Google Ads,Packaged Foods,Awareness,Bangalore,Budget,41,30580.690308994726,97114,3663,1933,160,125536.38318360627,4,7272.016811944872
CMP_091,CUST_0390,2026-02-07,Meta Ads,Packaged Foods,Conversion,Pune,Budget,33,50578.27898932589,138156,3735,1386,67,52520.08037625911,9,11783.07721360723
CMP_036,CUST_0634,2026-08-18,Email,Snacks,Retargeting,Pune,Regular,39,64226.62270094064,275174,20445,6938,652,706519.5557547641,2,4550.773263335884
CMP_074,CUST_0994,2026-04-12,Instagram,Home Care,Awareness,Delhi,Regular,64,6922.442100795292,23632,1246,736,59,49102.31045960974,8,9607.760530365047
CMP_046,CUST_0185,2026-03-22,Instagram,Snacks,Conversion,Chennai,Budget,25,36040.40093535026,126643,3871,1529,82,46331.62302301061,10,13927.726666829216
CMP_113,CUST_0724,2026-05-24,Email,Snacks,Conversion,Delhi,Budget,58,18084.188644128404,56159,4565,2084,182,147256.00518292902,7,5943.0906295960685
CMP_117,CUST_0720,2026-03-04,Google Ads,Home Care,Awareness,Chennai,Budget,61,30982.77225382217,193492,6208,2513,187,164626.48007788137,6,10185.386469842273
CMP_085,CUST_1054,2026-04-09,Meta Ads,Packaged Foods,Retargeting,Chennai,Budget,34,60342.61451898943,420704,14195,8284,505,340787.80407937383,9,5792.764931488677
CMP_113,CUST_0468,2026-07-20,Google Ads,Home Care,Product Launch,Chennai,Budget,56,91010.45288493061,356728,14065,5659,382,332226.45989133144,4,5500.482609433473
CMP_096,CUST_0690,2026-05-28,Instagram,Snacks,Awareness,Hyderabad,Budget,43,5839.025125159774,31937,1123,672,30,17940.03304628365,11,9148.229444474237
CMP_048,CUST_0198,2026-03-25,YouTube,Home Care,Retargeting,Hyderabad,Regular,64,22454.19233243655,91642,1761,539,24,16717.185276425313,7,8500.71995170904
CMP_134,CUST_1037,2026-08-02,YouTube,Personal Care,Seasonal,Bangalore,Regular,32,57035.291399568,177592,3521,1118,31,27177.84693555152,2,2264.2371967755603
CMP_101,CUST_0037,2026-04-17,LinkedIn,Home Care,Retargeting,Bangalore,Premium,24,81095.78310380202,322989,8069,2035,98,158978.3722801244,10,24867.27635122877
CMP_101,CUST_1040,2026-07-16,LinkedIn,Packaged Foods,Conversion,Chennai,Budget,18,69836.83820502914,174724,4647,2328,113,118274.93258808303,8,10379.866357566998
CMP_076,CUST_0659,2026-06-27,Meta Ads,Packaged Foods,Conversion,Chennai,Premium,32,98446.04044811711,394562,9328,5253,231,256327.5464432225,10,15392.858423698626
CMP_017,CUST_0245,2026-07-25,Email,Snacks,Conversion,Delhi,Regular,37,47217.41279699813,150205,13489,3840,364,419331.5330759653,7,7207.977980449051
CMP_040,CUST_0647,2026-02-28,YouTube,Personal Care,Product Launch,Hyderabad,Budget,19,38523.34829791173,230388,3681,2011,58,28172.20336533489,2,1329.6216599206712
CMP_110,CUST_1241,2026-01-04,Email,Home Care,Product Launch,Hyderabad,Budget,64,22514.982611870913,84574,6956,3264,303,253004.03549063532,7,8454.215246639627
CMP_056,CUST_1294,2026-07-25,LinkedIn,Snacks,Conversion,Mumbai,Regular,41,95267.16752771396,306424,8215,2999,114,150621.81726242093,2,3027.974183357895
CMP_137,CUST_1168,2026-09-26,Instagram,Beverages,Awareness,Hyderabad,Budget,46,78734.42709003417,280678,8853,2725,125,82422.75688113245,8,9105.22649630922
CMP_042,CUST_0202,2026-09-01,YouTube,Packaged Foods,Awareness,Kolkata,Premium,58,66876.93005101953,391447,6553,3359,126,110576.00882315633,8,16666.356775566986
CMP_037,CUST_1401,2026-06-03,Google Ads,Personal Care,Product Launch,Pune,Premium,51,26357.225453467534,58587,3254,815,59,89616.3525790764,3,5968.932038252703
CMP_073,CUST_0084,2026-02-28,Instagram,Beverages,Conversion,Delhi,Regular,56,73032.12584529007,312551,9898,5312,326,268594.91119154805,5,4100.473811728014
CMP_098,CUST_1267,2026-04-18,Meta Ads,Home Care,Retargeting,Delhi,Budget,49,33590.466259100875,112721,3025,1133,79,63035.60760381901,3,2156.6900308862673
CMP_051,CUST_0532,2026-05-02,Email,Packaged Foods,Conversion,Delhi,Regular,32,82578.94788875297,245619,13314,4187,436,501332.9784531114,3,9130.625672663415
CMP_104,CUST_1153,2026-05-02,Meta Ads,Beverages,Seasonal,Pune,Regular,28,54656.240140645146,181273,6396,3790,241,249449.04172354966,8,11259.380847770155
CMP_096,CUST_1060,2026-03-20,Email,Personal Care,Seasonal,Mumbai,Regular,35,57893.028390261614,226397,15362,7458,791,908365.1391995132,8,14266.551092470907
CMP_010,CUST_0581,2026-03-24,Meta Ads,Snacks,Awareness,Pune,Regular,21,84186.2649966585,331855,12565,4923,156,156485.80632467926,1,1973.4227825653568
CMP_098,CUST_0670,2026-09-03,LinkedIn,Snacks,Seasonal,Kolkata,Regular,59,50746.24753117457,171811,4261,1262,44,66761.49919132631,7,21037.537809557885
CMP_104,CUST_0117,2026-01-13,YouTube,Packaged Foods,Seasonal,Mumbai,Budget,52,66875.39023649273,357981,9805,3394,126,78852.16541546135,7,5963.317928238171
CMP_055,CUST_1219,2026-01-08,LinkedIn,Personal Care,Retargeting,Hyderabad,Premium,40,60539.09084676859,233851,6779,2835,129,234866.83988516242,2,8883.055109095483
CMP_122,CUST_0911,2026-08-23,Meta Ads,Personal Care,Retargeting,Delhi,Budget,53,99968.95449799877,566067,15147,4215,261,184098.1317417062,2,1803.053449586312
CMP_075,CUST_0478,2026-07-05,Instagram,Home Care,Product Launch,Delhi,Budget,63,91719.69152842763,609257,19087,7373,417,311811.03899945645,11,14391.869104727008
CMP_137,CUST_0789,2026-03-02,YouTube,Snacks,Product Launch,Chennai,Regular,58,43022.301595577184,123747,1892,1003,34,23236.393172192442,7,7408.046858676485
CMP_057,CUST_1361,2026-05-07,Instagram,Home Care,Retargeting,Pune,Regular,46,26123.536824979874,87142,2959,1648,81,79262.05885632308,10,7248.8409353128345
CMP_085,CUST_0053,2026-05-10,Meta Ads,Packaged Foods,Product Launch,Mumbai,Budget,29,85033.48413252481,310611,9702,4086,207,139207.93239405274,6,3888.358372432228
CMP_052,CUST_0512,2026-07-08,LinkedIn,Packaged Foods,Product Launch,Hyderabad,Budget,35,72677.43270492756,300862,5934,1830,53,60052.890184387135,10,14582.588530486624
CMP_095,CUST_0583,2026-08-18,YouTube,Beverages,Seasonal,Delhi,Premium,38,73463.44740871324,540086,8878,2473,102,107737.6502652012,4,9890.866916481327
CMP_148,CUST_0290,2026-09-22,Meta Ads,Snacks,Conversion,Chennai,Budget,36,75613.42136916301,394660,12406,4755,115,86885.88229987478,7,8974.398889756938
CMP_046,CUST_0655,2026-09-28,Email,Beverages,Product Launch,Kolkata,Regular,48,34879.169359865,99353,8599,5127,627,876481.6798406763,6,10063.108210094038
CMP_114,CUST_1377,2026-05-20,Email,Personal Care,Retargeting,Bangalore,Regular,38,59103.62758772002,144408,11643,5982,753,867531.8023721467,3,3115.757030745128
CMP_078,CUST_0390,2026-03-06,LinkedIn,Home Care,Awareness,Mumbai,Regular,49,78687.19035597317,365834,10769,4815,165,269113.6479356392,10,29909.19538926257
CMP_055,CUST_0305,2026-02-03,LinkedIn,Packaged Foods,Awareness,Chennai,Regular,49,20196.47715942715,161966,4423,1356,71,92825.50597836597,5,16822.28084658768
CMP_087,CUST_0783,2026-04-20,Email,Snacks,Seasonal,Hyderabad,Premium,32,84305.85679509434,226997,19249,5227,337,500496.6410035588,1,3409.7803152463152
CMP_095,CUST_0267,2026-04-28,YouTube,Snacks,Conversion,Delhi,Premium,39,31001.559801416606,174508,2944,1389,47,49367.76779716093,7,13382.289165867618
CMP_047,CUST_0757,2026-07-22,Meta Ads,Packaged Foods,Product Launch,Kolkata,Premium,46,79445.63870404448,361762,14703,7892,437,498893.5850923429,6,7586.214910292095
CMP_109,CUST_0923,2026-04-23,YouTube,Snacks,Conversion,Pune,Premium,23,46061.57217164901,135308,2030,554,11,12448.34769375815,8,10213.740473410317
CMP_111,CUST_0603,2026-06-26,Meta Ads,Home Care,Retargeting,Chennai,Premium,23,67471.41406316833,170623,4756,1957,113,148942.50581157106,3,6026.721227093053
CMP_038,CUST_1067,2026-04-27,Google Ads,Packaged Foods,Retargeting,Hyderabad,Budget,49,38358.65060289714,160387,7407,3712,326,230949.12896373984,11,21079.936874217652
CMP_079,CUST_1060,2026-02-13,Email,Personal Care,Awareness,Bangalore,Budget,44,69048.94061957176,368312,28949,8756,977,815016.6319174301,7,5743.22611203266
CMP_051,CUST_0302,2026-04-06,YouTube,Personal Care,Conversion,Chennai,Regular,57,5782.442951236212,14092,250,124,3,2162.877222144123,5,7658.256387813399
CMP_054,CUST_1089,2026-01-02,Email,Beverages,Awareness,Mumbai,Budget,63,46120.85514558874,248990,16918,4366,455,383821.01279417955,5,10144.537346805651
CMP_035,CUST_0113,2026-02-22,Email,Snacks,Retargeting,Mumbai,Regular,18,65793.41530779985,175537,15980,4824,653,929904.29967417,4,10203.067417357339
CMP_059,CUST_0018,2026-06-04,Google Ads,Packaged Foods,Conversion,Delhi,Regular,26,92103.10874776283,229818,13155,6975,557,614707.0626532494,5,9978.597140431422
CMP_091,CUST_0456,2026-08-03,Email,Beverages,Conversion,Mumbai,Budget,32,15501.429619589857,36534,3156,1638,231,212259.62985426208,3,5735.595420557007
CMP_136,CUST_0562,2026-06-03,Google Ads,Beverages,Seasonal,Mumbai,Regular,27,17846.645840740566,84990,3936,1959,158,166794.93498404874,2,1829.370252009284
CMP_031,CUST_0511,2026-03-07,Meta Ads,Home Care,Awareness,Kolkata,Premium,37,6041.547047496619,34320,1209,635,44,58313.86902672938,8,10209.552411626351
CMP_037,CUST_1285,2026-08-19,Meta Ads,Beverages,Retargeting,Hyderabad,Budget,41,60205.09324630016,209792,5401,2137,112,75265.15146139967,11,17622.683253195915
CMP_003,CUST_1359,2026-03-26,Instagram,Personal Care,Conversion,Hyderabad,Premium,54,29711.01838646292,68962,2873,1085,50,48924.5734381759,4,9978.136832814016
CMP_079,CUST_0319,2026-02-06,Email,Snacks,Awareness,Mumbai,Premium,46,14392.937743248764,90723,8174,4061,623,1038308.5468569137,10,31340.238839105663
CMP_077,CUST_0735,2026-06-16,Google Ads,Home Care,Product Launch,Chennai,Regular,28,12712.83976979096,38882,2077,542,29,29486.11836645239,10,24320.20542122061
CMP_042,CUST_0372,2026-09-05,YouTube,Home Care,Awareness,Pune,Premium,48,62937.529823626086,175013,3984,1837,60,63900.87751860635,4,6012.812366534063
CMP_084,CUST_0797,2026-06-06,YouTube,Personal Care,Conversion,Chennai,Premium,38,32899.25926905144,127922,2647,1168,49,46871.74705492063,1,2527.0298765688367
CMP_032,CUST_0186,2026-06-23,YouTube,Packaged Foods,Product Launch,Pune,Regular,24,95148.90812514289,338384,9183,2307,90,66308.8318640344,4,6479.957530033228
CMP_045,CUST_0528,2026-01-31,Email,Beverages,Conversion,Hyderabad,Budget,37,11600.598563935531,37636,2811,1527,182,203042.15414659758,6,13117.95471972511
CMP_004,CUST_0754,2026-01-24,Meta Ads,Home Care,Retargeting,Chennai,Regular,36,72273.99678686293,183060,5645,2362,131,121227.61606517794,4,6235.007089487967
CMP_112,CUST_0567,2026-01-15,Google Ads,Beverages,Seasonal,Hyderabad,Regular,23,26161.13317600187,113042,3560,1308,104,100629.08999277855,4,4349.952832536839
CMP_015,CUST_1071,2026-03-26,Meta Ads,Personal Care,Awareness,Hyderabad,Budget,31,81796.3309677477,280341,7368,1936,103,82163.12040246585,3,1995.1348338787302
CMP_127,CUST_1076,2026-05-22,LinkedIn,Snacks,Seasonal,Bangalore,Regular,21,9232.880003677055,24369,581,328,19,25350.135438792808,11,25802.171442773662
CMP_027,CUST_0269,2026-06-04,Google Ads,Home Care,Awareness,Bangalore,Budget,49,65408.080096445665,152303,7056,3816,277,218801.27587489542,7,10037.093117977014
CMP_138,CUST_1490,2026-06-13,Google Ads,Packaged Foods,Conversion,Pune,Regular,55,47752.708641775294,152740,6463,1943,133,168209.16610106925,10,16292.301765789727
CMP_103,CUST_0586,2026-09-09,LinkedIn,Personal Care,Conversion,Pune,Budget,34,32187.693434992725,158398,3971,2314,61,55661.25380518282,10,16538.250974101597
CMP_060,CUST_0763,2026-04-12,Google Ads,Packaged Foods,Product Launch,Pune,Premium,34,59555.686124423286,150808,5870,1946,94,129390.19348396773,3,7609.019149865302
CMP_095,CUST_0009,2026-03-25,Google Ads,Home Care,Conversion,Delhi,Regular,54,31811.71663122056,81934,3866,1099,76,76128.3698335287,8,20923.01077694733
CMP_027,CUST_0862,2026-06-12,Google Ads,Home Care,Retargeting,Hyderabad,Budget,51,52073.371846410635,335558,12969,6129,381,308457.93414023245,2,3721.8307681350475
CMP_097,CUST_1401,2026-02-24,Google Ads,Packaged Foods,Conversion,Bangalore,Premium,44,,61113,2498,1283,109,138649.43372973558,11,16596.288960849935
CMP_018,CUST_0021,2026-09-17,LinkedIn,Personal Care,Conversion,Pune,Budget,38,31072.944769457128,75778,2333,1066,42,38076.275750670175,6,14599.128702716594
CMP_097,CUST_0455,2026-07-20,Google Ads,Packaged Foods,Product Launch,Kolkata,Premium,33,53249.949905471374,137466,7987,2309,192,285433.89139057556,3,5510.283000335611
CMP_069,CUST_0848,2026-05-23,YouTube,Personal Care,Product Launch,Mumbai,Budget,61,96628.40781920722,568702,10740,3509,89,54895.63089412362,9,4864.886006252185
CMP_108,CUST_0329,2026-08-29,YouTube,Beverages,Product Launch,Hyderabad,Regular,43,5536.949959912548,12376,242,134,2,1525.3174925477012,4,6378.978840286962
CMP_029,CUST_0285,2026-03-11,YouTube,Home Care,Product Launch,Chennai,Budget,53,96721.13741575374,224679,4190,1400,39,20348.29705809288,4,4311.964352196995
CMP_090,CUST_0455,2026-08-26,YouTube,Home Care,Seasonal,Kolkata,Budget,24,20650.39864451083,154211,3727,1938,80,39826.018577172894,5,5971.704031126294
CMP_102,CUST_0335,2026-05-01,Meta Ads,Home Care,Awareness,Delhi,Premium,23,98293.8083211433,698103,22856,12759,637,754512.2361158952,8,18127.449360601313
CMP_032,CUST_1176,2026-09-17,Google Ads,Beverages,Conversion,Chennai,Premium,40,79633.68663177115,221340,11545,4722,433,554038.25754876,11,35370.356532708814
CMP_004,CUST_0507,2026-01-09,Google Ads,Snacks,Awareness,Hyderabad,Regular,30,15554.234840369098,77590,3770,1467,67,71337.00670250898,3,5336.282315589373
CMP_010,CUST_0741,2026-09-26,Instagram,Packaged Foods,Conversion,Bangalore,Budget,28,14115.796719926042,55868,1695,484,27,19790.935354276022,5,7533.1010289899095
CMP_048,CUST_0268,2026-08-03,Meta Ads,Snacks,Product Launch,Bangalore,Budget,64,85013.71059392724,217093,6214,3683,184,105749.40741370503,8,9769.369328106946
CMP_013,CUST_0638,2026-03-31,Meta Ads,Personal Care,Awareness,Mumbai,Budget,56,44526.672377561605,295206,7669,2263,114,90309.62702705777,9,8310.182462882818
CMP_048,CUST_0427,2026-05-24,Email,Packaged Foods,Seasonal,Chennai,Regular,22,16167.55985441661,40556,3023,848,108,116898.20363543274,5,6457.907377117758
CMP_108,CUST_1264,2026-08-04,Google Ads,Packaged Foods,Retargeting,Kolkata,Budget,23,29485.305824594267,80102,3452,1330,80,75979.96372707828,9,17515.106558212326
CMP_119,CUST_0072,2026-08-11,Email,Home Care,Awareness,Hyderabad,Premium,22,55554.96107355938,357584,34760,12043,832,1658653.1820591884,11,19759.847173874405
CMP_118,CUST_0852,2026-07-12,Meta Ads,Home Care,Conversion,Chennai,Regular,39,78499.53791552882,266582,7849,4351,265,282847.17498727125,10,20168.454025499435
CMP_107,CUST_0173,2026-05-10,Google Ads,Beverages,Retargeting,Mumbai,Budget,49,11727.396631647629,46523,2440,1442,126,115612.19755390873,11,17995.817638086122
CMP_037,CUST_0155,2026-01-27,Meta Ads,Beverages,Awareness,Hyderabad,Budget,20,27634.92926729335,68939,1631,763,44,29957.05078323081,11,10938.817311201365
CMP_111,CUST_0835,2026-07-09,Instagram,Beverages,Conversion,Kolkata,Budget,22,76914.50215151728,209380,8842,3563,170,128240.73189465071,3,3411.500480809403
CMP_012,CUST_0210,2026-04-25,Google Ads,Personal Care,Retargeting,Mumbai,Regular,34,28360.3036850157,102267,4744,2285,185,175280.9362463697,7,13408.93520442416
CMP_092,CUST_1185,2026-05-29,LinkedIn,Snacks,Conversion,Bangalore,Premium,22,46849.56567849392,230396,6391,3325,183,398375.1870855578,9,23436.767460536743
CMP_018,CUST_1212,2026-09-14,Google Ads,Packaged Foods,Conversion,Pune,Premium,64,15722.594676448101,59938,2238,1225,107,188124.44778368983,4,7453.334735559345
CMP_120,CUST_0219,2026-05-03,LinkedIn,Beverages,Conversion,Kolkata,Regular,36,88375.69280083863,403706,9576,3514,183,269712.9462780081,5,8062.144448725779
CMP_066,CUST_0264,2026-08-13,LinkedIn,Snacks,Product Launch,Mumbai,Regular,25,15834.778282012883,67459,1830,523,30,45232.9146839439,1,2873.399375073324
CMP_111,CUST_0999,2026-09-03,LinkedIn,Beverages,Seasonal,Pune,Budget,53,61633.11586117081,283797,5943,2269,87,85038.77092361034,6,13106.915928893377
CMP_077,CUST_0499,2026-08-06,Google Ads,Snacks,Awareness,Delhi,Budget,36,62525.281114670855,223323,9581,5380,373,269394.3907421397,1,1645.7482798129356
CMP_071,CUST_1209,2026-05-14,Google Ads,Packaged Foods,Awareness,Pune,Premium,25,94419.61109687653,300410,12506,6653,310,500781.5313933706,8,25509.36396687417
CMP_087,CUST_0493,2026-05-17,Email,Home Care,Product Launch,Kolkata,Premium,63,60227.22560856837,255088,22206,9507,818,1480118.9624207036,2,2728.5296345369784
CMP_079,CUST_1369,2026-07-09,Meta Ads,Beverages,Awareness,Chennai,Regular,42,36930.3064760086,150649,3073,1044,35,30331.426799399273,11,24221.770512271993
CMP_007,CUST_0484,2026-01-16,LinkedIn,Home Care,Awareness,Delhi,Regular,47,86282.24957013267,202541,5916,3086,159,235629.36484850253,6,14732.652353212761
CMP_074,CUST_1251,2026-04-03,YouTube,Beverages,Product Launch,Mumbai,Premium,31,40284.60663935705,302894,7226,2108,62,60602.93863406932,1,2213.769317252801
CMP_036,CUST_0988,2026-06-16,Google Ads,Personal Care,Retargeting,Delhi,Budget,49,25320.09495560522,79798,3236,1239,131,115495.05103901647,10,9542.817827845123
CMP_147,CUST_1356,2026-06-01,Meta Ads,Beverages,Retargeting,Delhi,Budget,22,34609.90940036633,156201,4494,2679,71,47829.367603728395,5,2798.4077679968236
CMP_067,CUST_0074,2026-01-05,LinkedIn,Snacks,Seasonal,Pune,Premium,61,91162.55784150548,219660,5371,2429,103,174230.69820566586,1,2612.769851923818
CMP_031,CUST_0845,2026-05-01,YouTube,Beverages,Conversion,Pune,Budget,28,38249.76467147374,95831,1972,575,8,3906.5589242103315,1,665.9445707993573
CMP_002,CUST_1312,2026-05-18,Google Ads,Snacks,Conversion,Pune,Budget,41,18802.712636749253,68858,2781,1311,111,82731.46882524446,1,1158.517872671621
CMP_085,CUST_0452,2026-07-09,Email,Personal Care,Seasonal,Kolkata,Premium,18,87119.2341513582,249782,18892,6440,756,1091430.9622128229,4,16398.974255654903
CMP_074,CUST_1484,2026-07-18,Google Ads,Snacks,Retargeting,Bangalore,Premium,32,41275.25589772449,131781,6168,2692,120,185182.80939041692,3,3893.906814315223
CMP_012,CUST_1363,2026-07-23,Email,Personal Care,Retargeting,Pune,Premium,42,25326.36442987556,57458,4720,2470,208,351718.51396783674,8,21493.93687087184
CMP_126,CUST_0267,2026-03-29,Instagram,Beverages,Conversion,Kolkata,Premium,23,22932.055403739876,162874,5463,1974,102,139608.05825894652,5,12713.401339422535
CMP_016,CUST_1321,2026-08-08,Meta Ads,Packaged Foods,Seasonal,Mumbai,Budget,49,53246.89357351941,118473,2973,1655,117,89707.79475775453,11,7829.253306706505
CMP_093,CUST_1147,2026-04-28,LinkedIn,Beverages,Conversion,Chennai,Budget,48,46047.95272094645,145594,2915,1500,40,38668.49098054543,2,4099.604964874736
CMP_143,CUST_0694,2026-07-11,LinkedIn,Packaged Foods,Awareness,Mumbai,Budget,47,48216.46376244506,126056,2427,620,19,17134.42016170918,7,12212.258352871015
CMP_056,CUST_0724,2026-07-09,Meta Ads,Beverages,Seasonal,Kolkata,Regular,33,36911.815285135504,224662,7301,3781,288,279733.0090081296,7,7448.021135229507
CMP_024,CUST_0371,2026-06-07,Instagram,Home Care,Seasonal,Chennai,Budget,53,30691.24139830785,140780,5168,2902,173,128339.2995540038,2,2815.7731260727032
CMP_041,CUST_0685,2026-08-07,LinkedIn,Home Care,Awareness,Hyderabad,Premium,22,34773.52834008285,205380,6527,3279,182,301855.96151020593,6,27305.988517911024
CMP_025,CUST_0984,2026-08-11,LinkedIn,Snacks,Seasonal,Kolkata,Premium,40,86807.37308925422,309451,7258,3497,152,322474.8094146236,5,18367.126738009967
CMP_113,CUST_0655,2026-07-25,Instagram,Packaged Foods,Product Launch,Chennai,Regular,36,67655.38030784816,224979,5546,2364,114,85711.7633164657,10,8260.555314771682
CMP_003,CUST_0243,2026-04-06,Email,Beverages,Product Launch,Hyderabad,Regular,35,65282.263381854566,188760,19708,6538,794,874787.2996313418,10,20523.32284427036
CMP_004,CUST_0042,2026-01-09,LinkedIn,Packaged Foods,Awareness,Bangalore,Budget,46,47860.58035032161,149937,3569,935,49,60107.80608349986,8,7886.732543119827
CMP_009,CUST_0184,2026-08-15,YouTube,Home Care,Awareness,Hyderabad,Regular,49,44867.115053746,295430,5885,2705,81,58484.70977955379,4,5143.407459466218
CMP_149,CUST_1193,2026-02-11,YouTube,Home Care,Conversion,Pune,Premium,50,69443.3097982269,186615,3075,988,26,25003.085512440066,4,5241.127517680563
CMP_010,CUST_0751,2026-02-03,Instagram,Packaged Foods,Retargeting,Mumbai,Premium,59,30291.68720015948,94932,3917,1590,97,124158.62817556683,8,8951.717548465069
CMP_130,CUST_0524,2026-02-04,Email,Snacks,Awareness,Kolkata,Regular,64,32963.07581896092,88636,6189,3125,382,441041.5233453012,1,2957.9698745004166
CMP_009,CUST_0034,2026-08-16,Instagram,Personal Care,Product Launch,Hyderabad,Budget,57,63431.967301758516,373653,13006,4429,156,90831.71992441431,11,11057.777112215354
CMP_081,CUST_0763,2026-02-20,LinkedIn,Snacks,Seasonal,Delhi,Regular,20,10355.928172602482,35311,731,188,4,5754.436325247067,10,30919.218107063774
CMP_105,CUST_1346,2026-03-01,YouTube,Snacks,Conversion,Bangalore,Budget,24,59162.06260874688,163309,4013,1518,51,25335.933983391118,6,2811.5092028584577
CMP_069,CUST_0901,2026-08-16,Google Ads,Beverages,Product Launch,Bangalore,Budget,49,84515.74060129614,347523,14949,5439,423,347912.14666588785,4,5701.3939199448405
CMP_127,CUST_0738,2026-03-12,YouTube,Packaged Foods,Awareness,Pune,Premium,38,60725.993052676495,188412,3479,1105,43,46364.83848809309,8,15844.440359785141
CMP_001,CUST_0399,2026-01-17,Email,Packaged Foods,Product Launch,Kolkata,Premium,50,8444.2150669451,18987,1039,366,31,61958.66122264806,3,10504.605156619537
CMP_058,CUST_1121,2026-01-17,Email,Personal Care,Retargeting,Pune,Budget,57,71145.03015355064,517673,44175,14709,1755,1742109.553671822,2,1820.6167804017387
CMP_036,CUST_0261,2026-07-26,YouTube,Beverages,Seasonal,Kolkata,Budget,63,40734.22950179717,218876,5551,1802,44,29691.419461706566,10,5923.443187771304
CMP_118,CUST_0877,2026-04-05,YouTube,Packaged Foods,Conversion,Pune,Premium,36,45274.039309890235,149081,3282,1922,42,39715.546951829594,9,22334.705503624384
CMP_053,CUST_0159,2026-09-25,Instagram,Beverages,Seasonal,Mumbai,Budget,60,54082.08147981807,278387,11181,4859,240,172907.3962212175,11,13402.714477965126
CMP_115,CUST_0475,2026-02-09,Meta Ads,Home Care,Seasonal,Kolkata,Regular,50,86045.62330248882,341468,10606,5727,446,419418.1631418783,10,21972.419774999715
CMP_143,CUST_1058,2026-01-04,Instagram,Home Care,Awareness,Hyderabad,Premium,27,52649.97174111334,129685,4432,1232,64,64991.47791781048,2,2488.9844211300306
CMP_065,CUST_1404,2026-01-03,LinkedIn,Packaged Foods,Retargeting,Delhi,Regular,25,89292.6451688463,722322,17151,4521,236,374869.2283259409,6,11373.053616979967
CMP_062,CUST_1370,2026-08-07,YouTube,Beverages,Conversion,Delhi,Premium,40,41818.802138484054,129745,2598,1441,44,52516.355741694206,4,5996.711687431447
CMP_064,CUST_1143,2026-08-11,YouTube,Personal Care,Product Launch,Mumbai,Premium,64,57566.69888016319,398724,6928,3239,75,88506.11318784606,9,17850.007887642503
CMP_034,CUST_1005,2026-03-18,YouTube,Packaged Foods,Awareness,Bangalore,Premium,40,22981.872171983367,72020,1320,385,5,5589.317829846629,4,6914.813537654224
CMP_002,CUST_1143,2026-04-04,Email,Home Care,Conversion,Hyderabad,Regular,47,58937.3164207026,133817,11234,5639,489,530785.7667023597,2,2729.857442332944
CMP_057,CUST_0079,2026-06-29,LinkedIn,Personal Care,Awareness,Pune,Regular,41,7342.325292154825,17487,384,110,4,6602.859018030863,10,31849.32901530135
CMP_067,CUST_1140,2026-07-21,Email,Snacks,Awareness,Pune,Regular,20,23422.896310378517,118243,9660,4503,557,644409.22243374,4,7525.22740914619
CMP_019,CUST_0743,2026-03-27,YouTube,Home Care,Awareness,Mumbai,Regular,51,44356.300521038844,100246,2318,1352,49,33820.948766457484,7,6473.72224715862
CMP_137,CUST_0863,2026-04-22,Meta Ads,Home Care,Awareness,Chennai,Budget,42,39743.006432009475,110489,4356,1917,58,35673.235361846644,2,1424.743185096595
CMP_123,CUST_0579,2026-01-26,LinkedIn,Home Care,Conversion,Kolkata,Budget,41,40263.26243386942,114171,2258,1020,31,29421.808179235926,9,13369.83219038439
CMP_120,CUST_1265,2026-08-16,Meta Ads,Personal Care,Product Launch,Kolkata,Premium,32,30825.36372849922,69565,2374,804,40,55875.66629478844,11,18831.429409665296
CMP_078,CUST_0334,2026-01-20,Meta Ads,Home Care,Product Launch,Chennai,Regular,49,21134.746163618554,136282,3812,1226,45,45400.14355753,10,19984.606003198274
CMP_077,CUST_0369,2026-01-14,LinkedIn,Personal Care,Retargeting,Pune,Premium,52,54934.94766003512,365958,11868,5135,159,356278.7461675143,7,25311.81208163954
CMP_047,CUST_0849,2026-08-19,Meta Ads,Personal Care,Conversion,Pune,Premium,22,21221.201951010036,52263,1734,948,53,55348.20522350148,1,3027.2814602458852
CMP_072,CUST_1127,2026-05-21,LinkedIn,Home Care,Retargeting,Bangalore,Premium,48,31773.439514470047,129122,3269,1516,75,120580.41150768977,6,13726.94739122449
CMP_052,CUST_0015,2026-04-22,Meta Ads,Personal Care,Conversion,Chennai,Regular,28,33416.03250313598,90245,2794,1485,52,48981.55431267711,3,5491.665657113234
CMP_077,CUST_0044,2026-07-25,Google Ads,Home Care,Seasonal,Bangalore,Budget,55,13855.322959806357,102512,4569,1948,156,151519.3727740886,11,11976.541571750573
CMP_025,CUST_0784,2026-09-01,LinkedIn,Packaged Foods,Seasonal,Chennai,Premium,64,96800.25673117446,567664,12549,5692,317,614289.6243740509,7,22771.196889208448
CMP_027,CUST_1113,2026-02-10,LinkedIn,Personal Care,Seasonal,Hyderabad,Regular,27,64997.581116985966,445268,8674,2772,118,147275.91589842775,9,19478.28676635791
CMP_140,CUST_1158,2026-01-30,Instagram,Beverages,Product Launch,Bangalore,Regular,34,7343.050388311026,21417,868,421,23,17779.19871029495,6,8273.509464720702
CMP_076,CUST_0952,2026-09-22,YouTube,Personal Care,Conversion,Chennai,Regular,26,75943.19223884576,333956,7905,3584,165,119342.90451452814,8,9069.791494789104
CMP_126,CUST_0797,2026-05-01,Instagram,Personal Care,Conversion,Delhi,Premium,57,64006.90341362876,323827,12301,6859,358,382887.5181410722,3,5968.494666318543
CMP_055,CUST_1399,2026-04-30,Meta Ads,Snacks,Awareness,Kolkata,Premium,38,38217.07114391258,253699,5912,2587,122,152595.83603329642,5,11431.845916447568
CMP_045,CUST_0658,2026-06-25,LinkedIn,Snacks,Retargeting,Delhi,Premium,57,69745.82501980473,300784,5759,2768,167,300983.95329596667,6,17926.74214129143
CMP_122,CUST_1101,2026-04-22,Email,Personal Care,Conversion,Mumbai,Premium,20,34451.55380307565,138022,12767,3389,331,585320.5621540884,3,6591.270458468886
CMP_066,CUST_0859,2026-02-28,Google Ads,Packaged Foods,Conversion,Chennai,Regular,43,86150.93258174458,560177,26675,8823,543,555752.2209752955,5,8196.813333631762
CMP_024,CUST_1392,2026-08-18,Meta Ads,Snacks,Product Launch,Hyderabad,Premium,32,5247.709022300205,16032,552,289,24,33533.5339166479,9,25466.269943947602
CMP_064,CUST_0290,2026-01-18,Meta Ads,Home Care,Retargeting,Kolkata,Premium,24,67541.25717769904,461897,9164,5089,282,335124.8321617071,6,12694.062630759725
CMP_074,CUST_0401,2026-02-19,YouTube,Home Care,Product Launch,Bangalore,Premium,61,40234.57966265038,111436,1694,785,26,26608.06604931821,9,18041.951082112344
CMP_026,CUST_0750,2026-06-13,Google Ads,Packaged Foods,Retargeting,Mumbai,Premium,64,8531.652364716369,51251,2278,631,67,110851.2480948215,5,16497.071401019813
CMP_010,CUST_0236,2026-08-06,YouTube,Personal Care,Retargeting,Delhi,Premium,39,29933.34878356458,131036,2692,1041,32,31339.457598442394,9,13392.514255453678
CMP_032,CUST_0648,2026-09-05,Meta Ads,Snacks,Seasonal,Bangalore,Premium,30,64459.23121139599,165330,6001,2860,145,180202.70814122751,2,5384.4748166329055
CMP_069,CUST_0894,2026-08-27,Instagram,Packaged Foods,Awareness,Bangalore,Budget,30,76522.59722783921,227024,9037,4927,364,209867.94653821705,9,7846.212035089299
CMP_006,CUST_1091,2026-08-26,Google Ads,Home Care,Seasonal,Mumbai,Regular,36,70993.84034619895,578722,22965,12018,1012,1212244.548865637,9,22328.084441538336
CMP_137,CUST_0772,2026-03-30,Email,Snacks,Awareness,Kolkata,Budget,19,43411.35563801651,114553,7755,3311,400,391501.2465105243,2,4464.823013922961
CMP_091,CUST_1325,2026-07-31,YouTube,Packaged Foods,Conversion,Hyderabad,Budget,27,74401.54999217502,549914,8335,4790,253,141454.52456538196,6,8107.187014869733
CMP_147,CUST_0576,2026-01-19,Email,Beverages,Product Launch,Bangalore,Regular,64,12905.681760306692,30579,1836,653,41,50286.41264329268,5,13863.96472559245
CMP_115,CUST_0257,2026-07-04,Meta Ads,Snacks,Awareness,Chennai,Regular,35,25822.51283697151,75083,2718,1497,114,106538.65612124054,1,1051.1579176198575
CMP_120,CUST_0468,2026-04-27,Google Ads,Personal Care,Seasonal,Hyderabad,Premium,28,57830.976441285246,228097,8010,3280,232,405408.2286759967,7,19900.832818761155
CMP_093,CUST_0622,2026-03-19,YouTube,Personal Care,Retargeting,Delhi,Regular,28,33060.81536485853,260201,4864,2782,51,38013.42247807781,3,2731.211595792004
CMP_129,CUST_1000,2026-09-06,Instagram,Snacks,Retargeting,Kolkata,Regular,62,91346.42192500284,492026,18552,8400,449,442718.44118532736,3,3453.5156275880795
CMP_021,CUST_0316,2026-02-21,Email,Packaged Foods,Product Launch,Kolkata,Premium,41,8188.122256488858,29308,2631,1212,127,219463.69769059404,8,31289.607529854144
CMP_095,CUST_0432,2026-07-15,LinkedIn,Beverages,Retargeting,Chennai,Premium,60,85552.79541644904,232415,7692,3775,145,294818.6342424293,4,14323.946508177121
CMP_049,CUST_1102,2026-01-28,YouTube,Snacks,Product Launch,Bangalore,Regular,40,18695.50971656118,45811,1009,445,11,9101.197991338071,11,18561.00488892632
CMP_073,CUST_0520,2026-02-22,Google Ads,Home Care,Product Launch,Chennai,Regular,26,20583.794972259235,160101,6924,4087,291,371652.30765993905,3,4408.488705329729
CMP_013,CUST_0645,2026-02-19,Instagram,Beverages,Conversion,Bangalore,Budget,48,22038.569130132426,71284,2477,653,49,33455.85444365825,6,8321.701387051005
CMP_139,CUST_0555,2026-05-31,Email,Home Care,Product Launch,Bangalore,Premium,55,76960.23512968434,370362,32891,8235,935,1513159.1061898067,8,15699.471195883674
CMP_032,CUST_0245,2026-02-17,YouTube,Snacks,Retargeting,Delhi,Regular,42,42899.088232910864,243939,2939,960,40,26546.446942332124,3,2757.0321630180474
CMP_047,CUST_0463,2026-06-07,Google Ads,Snacks,Seasonal,Chennai,Budget,45,19133.19068224118,56817,2653,1294,129,122514.7390146508,11,8475.410400412888
CMP_042,CUST_0095,2026-09-11,Meta Ads,Personal Care,Awareness,Bangalore,Regular,59,12257.26062754375,80844,2912,1517,109,96285.59537123874,6,12222.78773423189
CMP_013,CUST_1009,2026-01-04,LinkedIn,Home Care,Product Launch,Pune,Premium,52,89909.8055659498,439176,9661,3558,121,210987.00447312088,3,6615.000379777245
CMP_033,CUST_0497,2026-03-30,LinkedIn,Snacks,Conversion,Chennai,Budget,32,13052.149961155576,35785,750,253,14,16416.37033771352,2,2617.1594180579787
CMP_101,CUST_1392,2026-09-12,LinkedIn,Snacks,Conversion,Delhi,Budget,20,49985.36547041544,130373,3126,1078,45,53487.81938067998,2,2795.6444814371725
CMP_018,CUST_0815,2026-01-09,LinkedIn,Beverages,Conversion,Hyderabad,Regular,63,65653.3626281178,152264,3153,994,54,79058.92949709465,1,2146.8390816930646
CMP_060,CUST_0460,2026-08-15,Instagram,Beverages,Retargeting,Mumbai,Budget,58,98137.19433926587,400909,14492,8299,388,245873.92076946908,1,738.2404513904809
CMP_010,CUST_1144,2026-05-03,Instagram,Snacks,Product Launch,Bangalore,Budget,18,73760.54686660462,216301,6838,3188,183,111790.63184583138,6,8796.586207842081
CMP_011,CUST_0747,2026-05-08,Instagram,Home Care,Seasonal,Hyderabad,Premium,37,31692.837218553777,123667,4343,2096,78,77288.0302661676,10,14114.6268456322
CMP_003,CUST_0215,2026-04-22,LinkedIn,Personal Care,Awareness,Hyderabad,Regular,36,30937.2184164516,125037,3968,1966,96,138528.1031068065,8,9872.4953502027
CMP_069,CUST_1412,2026-05-06,Google Ads,Personal Care,Seasonal,Pune,Premium,61,41016.77151699606,95773,4155,1538,107,175936.29067198565,6,7492.112006306037
CMP_115,CUST_1064,2026-08-23,Google Ads,Snacks,Awareness,Pune,Regular,33,63871.10626340821,297967,16148,8235,421,449463.7690971705,11,24138.638247677634
CMP_126,CUST_0041,2026-03-26,Instagram,Packaged Foods,Awareness,Kolkata,Budget,32,39479.184026407136,137489,5690,3363,160,94653.03680757535,3,3758.98177197731
CMP_123,CUST_0930,2026-05-26,Email,Home Care,Conversion,Hyderabad,Budget,25,80022.64087500217,433872,26027,6590,877,941364.9702847874,2,3702.4194455395555
CMP_092,CUST_0934,2026-04-10,Instagram,Beverages,Seasonal,Kolkata,Budget,20,11892.855665770785,50168,1769,573,23,17135.55157655776,11,12744.41223551476
CMP_146,CUST_0661,2026-04-21,Meta Ads,Beverages,Seasonal,Mumbai,Budget,51,75006.75387056402,214909,5743,2588,134,90893.18531189306,6,5139.726777873891
CMP_061,CUST_0279,2026-04-23,Email,Personal Care,Retargeting,Chennai,Regular,26,49030.38446691344,153284,7246,2008,108,134564.1454629991,5,9345.707202822903
CMP_029,CUST_0665,2026-03-14,Meta Ads,Snacks,Seasonal,Mumbai,Premium,32,23021.15466076219,99446,2456,1192,76,105869.96342888434,5,13354.740735328878
CMP_116,CUST_0391,2026-06-22,Google Ads,Snacks,Conversion,Delhi,Premium,38,88627.66998627587,202268,10528,3408,242,349159.96646227676,8,12454.447772617246
CMP_146,CUST_1054,2026-03-06,YouTube,Packaged Foods,Awareness,Bangalore,Budget,50,81059.24735921746,183886,3345,1368,48,23137.8651371893,5,6823.746464637439
CMP_011,CUST_1292,2026-01-08,Google Ads,Snacks,Product Launch,Chennai,Budget,22,70442.31602042782,169593,8846,3110,265,208534.84436441926,2,2019.4332320932988
CMP_028,CUST_1173,2026-07-01,Instagram,Personal Care,Seasonal,Hyderabad,Budget,52,94132.35561428509,699262,23908,9887,508,289542.7208960632,5,5343.28385274239
CMP_015,CUST_0900,2026-07-28,YouTube,Packaged Foods,Conversion,Mumbai,Premium,41,54504.69135797705,254380,5712,1664,56,53314.53033234899,4,9345.428721314609
CMP_075,CUST_0806,2026-07-27,YouTube,Snacks,Conversion,Kolkata,Budget,21,67700.24743458696,314364,6185,2930,116,59333.91666152409,10,12460.680599135978
CMP_019,CUST_0625,2026-03-04,Instagram,Personal Care,Conversion,Delhi,Budget,29,69007.56428982859,278616,10723,3928,219,124857.82380889192,4,6021.126644441783
CMP_015,CUST_0077,2026-09-20,LinkedIn,Personal Care,Awareness,Hyderabad,Regular,56,29497.650337060815,195227,5435,2019,72,101870.57497725937,4,7299.390537871928
CMP_036,CUST_1195,2026-05-06,Google Ads,Personal Care,Awareness,Delhi,Regular,39,14381.532024760396,100594,4832,2432,170,217090.9245722866,7,9261.457540658143
CMP_110,CUST_0691,2026-05-05,LinkedIn,Packaged Foods,Conversion,Hyderabad,Budget,52,71676.27351180892,539708,11215,5022,232,254029.33973811351,11,26408.589477440662
CMP_150,CUST_0230,2026-06-04,Instagram,Personal Care,Conversion,Delhi,Premium,23,34931.80453775704,148361,5554,1678,119,161358.9375873224,9,21581.847724974643
CMP_071,CUST_0281,2026-09-07,YouTube,Snacks,Seasonal,Bangalore,Regular,62,89602.35913309923,342311,7463,2648,89,63221.50456378847,9,10352.788061847708
CMP_087,CUST_1275,2026-01-07,Instagram,Snacks,Product Launch,Mumbai,Budget,50,10774.211019793325,25872,905,360,8,4974.292156527022,4,2923.8478711213706
CMP_115,CUST_0001,2026-02-10,Instagram,Personal Care,Conversion,Mumbai,Premium,43,68422.6868240653,255002,8316,4581,235,249717.2638480689,1,2440.0276575923576
CMP_050,CUST_1338,2026-04-01,Instagram,Snacks,Awareness,Kolkata,Budget,50,45658.68636019616,284779,7302,3098,79,54031.52374711353,9,8444.185617008825
CMP_074,CUST_1293,2026-05-05,Meta Ads,Personal Care,Product Launch,Bangalore,Regular,48,81910.22371577218,187720,6517,3599,166,143945.02704294317,10,9312.67994601074
CMP_006,CUST_0846,2026-07-02,Email,Packaged Foods,Awareness,Mumbai,Budget,53,48533.44998375772,366569,33514,10612,1233,1269728.4814306174,8,13484.579994655473
CMP_144,CUST_1359,2026-01-18,Meta Ads,Snacks,Product Launch,Pune,Premium,53,48368.616888570075,230701,6174,2468,149,195673.2890553074,10,11282.440878977557
CMP_096,CUST_0107,2026-04-30,Google Ads,Personal Care,Retargeting,Pune,Premium,36,21371.15072236888,54703,2210,1159,88,119602.16310567403,7,18057.260953203837
CMP_041,CUST_0003,2026-08-02,Email,Snacks,Awareness,Pune,Budget,56,78674.3126497619,203339,15762,8142,903,899022.8614465469,4,7117.044360326448
CMP_122,CUST_1355,2026-06-20,Google Ads,Beverages,Awareness,Delhi,Regular,58,8847.565215782353,27461,1185,526,49,57667.491995265256,10,24278.359283691854
CMP_015,CUST_0333,2026-06-23,Instagram,Snacks,Awareness,Mumbai,Regular,31,65161.93379577036,361075,10073,4253,211,174258.2916481948,9,10717.894634437733
CMP_013,CUST_0484,2026-06-19,Instagram,Personal Care,Conversion,Bangalore,Premium,23,38126.30005935548,151265,5287,2328,160,166949.9307131711,11,30940.31727221859
CMP_137,CUST_0916,2026-03-23,YouTube,Home Care,Product Launch,Delhi,Premium,39,78152.89452664407,177711,3162,834,32,34175.03284950015,9,17680.139824680253
CMP_045,CUST_0306,2026-01-02,Meta Ads,Packaged Foods,Product Launch,Delhi,Budget,50,97471.02359863614,471982,13569,5348,286,166790.61819820406,9,7026.0794599005385
CMP_137,CUST_1285,2026-06-07,Email,Packaged Foods,Conversion,Bangalore,Budget,18,65655.4020782577,178388,12580,3210,428,437900.22085491393,7,9283.991409751581
CMP_011,CUST_0553,2026-04-24,Instagram,Beverages,Retargeting,Pune,Premium,58,40943.76528595531,101485,3267,1857,86,96824.44526257423,5,8752.81242533972
CMP_011,CUST_0651,2026-09-01,YouTube,Home Care,Retargeting,Kolkata,Regular,47,46834.12375548854,280422,6652,3148,106,85525.93816079586,9,15951.937950782447
CMP_070,CUST_0648,2026-03-08,LinkedIn,Snacks,Retargeting,Kolkata,Regular,23,34236.20407774292,211699,5759,1957,99,143681.68514194494,8,9752.12556308532
CMP_140,CUST_0931,2026-03-12,Email,Snacks,Conversion,Mumbai,Regular,25,29988.590913078144,114954,11077,6195,633,792525.4690007597,1,1298.977775704086
CMP_142,CUST_0139,2026-04-13,Meta Ads,Snacks,Seasonal,Chennai,Regular,25,44799.37999761212,118774,3750,1055,31,28448.499355007993,4,8608.161398429631
CMP_084,CUST_0441,2026-07-27,Email,Beverages,Seasonal,Chennai,Budget,59,6629.074631744316,30609,2587,811,52,50346.01120916082,11,20121.98883503052
CMP_140,CUST_1352,2026-07-09,YouTube,Packaged Foods,Product Launch,Hyderabad,Premium,58,34733.832847143196,110654,1934,783,27,23778.454466221294,9,7989.705007841554
CMP_088,CUST_0653,2026-03-26,Email,Beverages,Awareness,Chennai,Budget,51,62250.127522135306,344120,24927,12332,951,997608.233695787,3,5204.139080360161
CMP_013,CUST_0592,2026-06-08,Meta Ads,Home Care,Seasonal,Pune,Regular,61,33388.45402562345,76980,2197,1240,61,47108.86022484691,8,11182.216433153335
CMP_119,CUST_0454,2026-08-22,Google Ads,Beverages,Retargeting,Hyderabad,Premium,18,56155.217782957065,333972,19588,7572,640,843952.4444539425,10,34104.93121491144
CMP_039,CUST_1239,2026-07-22,Email,Snacks,Conversion,Hyderabad,Premium,19,7113.783433001441,19953,1645,508,52,103894.33056649461,7,26105.393171869877
CMP_133,CUST_1213,2026-03-12,Instagram,Packaged Foods,Retargeting,Pune,Budget,18,16780.284489293543,39556,1441,654,23,14272.20567707237,1,930.8177168517293
CMP_062,CUST_0619,2026-05-05,YouTube,Beverages,Retargeting,Delhi,Budget,51,79299.61642099012,268056,4782,2797,103,69168.00469674422,9,11929.165846518072
CMP_094,CUST_1394,2026-09-02,Email,Packaged Foods,Awareness,Delhi,Budget,55,15132.23161482061,34534,2291,822,102,87578.34004041753,2,4340.22384146608
CMP_136,CUST_1391,2026-05-06,Email,Home Care,Conversion,Delhi,Budget,33,57339.69841485729,370310,30182,13220,1033,998293.4986719621,10,19034.708017436584
CMP_022,CUST_0595,2026-05-21,Email,Beverages,Awareness,Chennai,Regular,42,57465.43648277544,161838,9956,4361,422,573853.7113168146,9,14070.974667400327
CMP_131,CUST_1395,2026-06-14,Google Ads,Personal Care,Product Launch,Hyderabad,Premium,26,88558.50757321421,284375,15659,7969,592,1032199.8217555605,4,11556.415731864132
CMP_135,CUST_0272,2026-01-23,Instagram,Packaged Foods,Seasonal,Bangalore,Premium,24,91418.17230286603,470178,17568,9184,371,367510.4940160087,5,5868.104336909217
CMP_104,CUST_0167,2026-01-28,LinkedIn,Packaged Foods,Retargeting,Bangalore,Budget,37,32890.635650306795,89241,2227,1199,28,33466.22711016671,10,17462.156269736257
CMP_098,CUST_0514,2026-04-29,Meta Ads,Beverages,Seasonal,Mumbai,Premium,50,30543.895666536766,119593,3648,2100,142,170494.13529190377,6,16883.974680410774
CMP_048,CUST_1145,2026-02-19,Email,Personal Care,Retargeting,Bangalore,Budget,57,38721.77294368474,93399,9960,3220,348,301627.53459526814,6,7541.606956093992
CMP_049,CUST_0583,2026-06-07,Email,Home Care,Conversion,Delhi,Budget,29,16789.203230419822,64931,4914,1889,133,146614.76914758258,8,13603.586917296941
CMP_143,CUST_0794,2026-08-08,Google Ads,Beverages,Seasonal,Hyderabad,Premium,47,87524.5731857247,412822,16747,7495,446,770604.4443990992,10,21880.099007728975
CMP_100,CUST_0001,2026-02-12,Email,Home Care,Product Launch,Hyderabad,Premium,24,66918.57548781481,516122,43717,15172,1108,2206271.1964090085,7,27985.010605998094
CMP_064,CUST_0212,2026-07-04,Meta Ads,Packaged Foods,Awareness,Kolkata,Premium,33,53732.989981862476,147716,5099,1748,129,140224.05451139747,11,13578.713372032571
CMP_146,CUST_0054,2026-03-24,Google Ads,Snacks,Conversion,Chennai,Premium,38,38830.06045430114,194572,11795,4677,386,574263.2797775733,5,16951.991146379383
CMP_124,CUST_1464,2026-09-28,Email,Personal Care,Product Launch,Chennai,Regular,56,94191.67876138749,293963,23544,12993,1081,1266985.7255013313,1,1443.0507592778035
CMP_141,CUST_0013,2026-06-02,LinkedIn,Snacks,Product Launch,Delhi,Regular,63,75405.16895481967,366930,11005,4495,148,193341.2451517935,1,2924.767598161638
CMP_054,CUST_0482,2026-01-16,Instagram,Personal Care,Conversion,Hyderabad,Regular,50,58453.34416235165,396321,12725,4329,199,155805.0821712571,3,2783.158606397903
CMP_075,CUST_0753,2026-01-23,Instagram,Packaged Foods,Product Launch,Mumbai,Budget,59,90977.52675710384,259689,7542,4326,186,113820.47140875732,4,4153.322377818913
CMP_139,CUST_0731,2026-07-15,Instagram,Home Care,Awareness,Kolkata,Premium,52,69879.46098940638,167126,5682,1530,59,64715.75610456922,1,935.3866137230392
CMP_066,CUST_1428,2026-02-24,Instagram,Personal Care,Seasonal,Mumbai,Budget,22,64876.98375215259,217664,8867,2684,128,79746.10430531068,5,3595.8845010360556
CMP_028,CUST_0599,2026-08-12,Meta Ads,Home Care,Awareness,Delhi,Premium,42,69819.0189723708,295846,7891,2470,82,115473.5752289233,8,14116.625215064265
CMP_067,CUST_0914,2026-01-18,LinkedIn,Packaged Foods,Conversion,Hyderabad,Regular,22,26467.946542242433,79957,1318,602,22,29451.559768185823,7,8284.708022056993
CMP_023,CUST_1498,2026-06-05,Instagram,Home Care,Awareness,Bangalore,Regular,46,50091.34371120941,164673,5117,2147,115,114617.79472828005,5,9861.966692971595
CMP_102,CUST_0203,2026-07-15,Email,Beverages,Seasonal,Kolkata,Regular,50,46898.30655533395,198069,17342,10107,815,1130642.6858256073,8,23260.36188370964
CMP_054,CUST_1301,2026-04-21,Meta Ads,Personal Care,Conversion,Pune,Premium,34,31001.074016803144,148412,4832,2868,176,234074.54185578378,5,5223.376627164067
CMP_079,CUST_0170,2026-09-10,Meta Ads,Snacks,Seasonal,Chennai,Premium,25,25042.08252261144,87469,2181,1003,67,81773.89032131343,2,2463.3282840584975
CMP_068,CUST_0595,2026-02-19,Instagram,Home Care,Retargeting,Kolkata,Budget,40,41760.506888337186,177367,6204,3299,165,117674.50083283919,4,4465.930775106905
CMP_066,CUST_1447,2026-09-12,Google Ads,Home Care,Product Launch,Bangalore,Budget,42,53530.974671560805,280769,13357,3682,284,219537.28622815048,3,5422.196919311085
CMP_029,CUST_0443,2026-06-13,Email,Packaged Foods,Product Launch,Delhi,Budget,33,43115.40863257624,112709,8312,2335,290,281195.00163463637,8,9733.065234456415
CMP_044,CUST_0062,2026-07-20,YouTube,Snacks,Conversion,Hyderabad,Premium,59,99308.83886139464,227494,4272,2308,76,77737.56613090418,9,19574.75332243645
CMP_006,CUST_1403,2026-01-15,Email,Home Care,Seasonal,Bangalore,Regular,40,19806.734920772324,108560,7888,4178,547,704915.5861101396,1,2297.564801667252
CMP_059,CUST_0434,2026-09-16,LinkedIn,Snacks,Conversion,Bangalore,Budget,60,17195.37786059383,60405,1734,1001,55,50579.761430343846,3,4712.193094700334
CMP_121,CUST_0664,2026-07-17,YouTube,Personal Care,Retargeting,Chennai,Regular,50,64156.537642129304,375418,6293,2223,66,48902.08118115622,10,7112.107770231965
CMP_073,CUST_1464,2026-09-14,LinkedIn,Beverages,Seasonal,Chennai,Budget,33,66580.79891752292,266828,7462,2035,91,109036.40192216606,4,4990.206040910171
CMP_048,CUST_1410,2026-07-27,Google Ads,Home Care,Awareness,Hyderabad,Premium,24,99372.03848021147,283450,13418,3456,230,360382.6187376028,1,3071.656946910726
CMP_134,CUST_0391,2026-04-12,Google Ads,Packaged Foods,Retargeting,Delhi,Premium,61,21019.680034084064,47539,1915,1106,79,119001.62892598363,7,20790.429707006042
CMP_142,CUST_1013,2026-09-05,LinkedIn,Personal Care,Product Launch,Bangalore,Regular,59,7105.7468096081175,40573,1024,417,14,21253.875568801534,8,16220.633958008293
CMP_074,CUST_1081,2026-09-09,LinkedIn,Beverages,Product Launch,Pune,Budget,58,50420.1598813997,147283,3818,2058,89,86441.7286775012,8,9387.516010123109
CMP_147,CUST_0997,2026-06-13,Meta Ads,Home Care,Awareness,Mumbai,Regular,27,24048.40473733431,58181,1432,484,27,23132.530388037303,2,4256.029864660708
CMP_131,CUST_1430,2026-06-04,Email,Personal Care,Conversion,Mumbai,Premium,55,64168.77751131206,376459,28386,16358,1920,3076799.2162217335,11,26091.33054833431
CMP_094,CUST_1032,2026-09-16,Google Ads,Snacks,Seasonal,Pune,Regular,29,19390.800737846024,76888,2314,839,60,72486.92621530106,2,2372.2741003838482
CMP_081,CUST_1329,2026-03-08,YouTube,Packaged Foods,Product Launch,Delhi,Regular,63,88628.28315476139,623697,11928,4507,187,163329.42650690794,4,5948.698478221474
CMP_098,CUST_1398,2026-03-08,LinkedIn,Packaged Foods,Product Launch,Kolkata,Budget,26,46621.622972682,195526,3773,2248,120,128138.6436559167,8,7031.401005816369
CMP_104,CUST_0247,2026-01-23,Meta Ads,Home Care,Product Launch,Hyderabad,Premium,55,79993.75547224203,217553,6448,2990,196,249376.0727891468,10,20224.676976198312
CMP_013,CUST_1449,2026-01-12,Meta Ads,Personal Care,Product Launch,Chennai,Budget,26,62573.17798943595,329641,12086,6076,375,276031.0107881265,9,8553.910160460384
CMP_125,CUST_0255,2026-06-22,YouTube,Packaged Foods,Seasonal,Pune,Budget,46,10516.017194653672,26122,526,198,11,6694.757933932453,8,9458.770125883122
CMP_055,CUST_1177,2026-08-27,Google Ads,Personal Care,Awareness,Chennai,Premium,35,73823.74020888412,269915,10978,5084,185,268510.3384101115,3,9547.483858003341
CMP_019,CUST_0124,2026-03-27,Email,Packaged Foods,Conversion,Pune,Budget,24,86148.66225652814,201765,15610,5024,720,702895.9562591775,6,13984.06904481264
CMP_035,CUST_1409,2026-06-06,Meta Ads,Home Care,Product Launch,Hyderabad,Budget,27,94726.0536338777,268499,7077,2186,137,108989.05311403843,1,1428.3449193904978
CMP_135,CUST_0044,2026-07-07,Instagram,Home Care,Awareness,Hyderabad,Premium,44,25844.485662905863,67416,2113,700,29,32034.240216083792,6,15736.647276360987
CMP_088,CUST_1473,2026-09-21,Email,Personal Care,Retargeting,Kolkata,Regular,40,50816.26365122498,372629,22316,12694,1388,1997159.4415586346,4,8282.46464779264
CMP_044,CUST_1410,2026-08-15,Meta Ads,Packaged Foods,Awareness,Delhi,Budget,47,41135.99901865496,339433,8295,2442,183,133388.43157420133,3,4947.572110869558
CMP_149,CUST_0439,2026-02-26,Meta Ads,Home Care,Conversion,Delhi,Budget,52,30650.23570651355,129646,3663,1616,108,83463.64250125003,5,7531.01982042402
CMP_147,CUST_1372,2026-02-25,YouTube,Home Care,Retargeting,Delhi,Premium,61,39875.854370692934,97041,1930,613,22,20909.860378739493,6,6569.857202043995
CMP_049,CUST_0627,2026-02-08,Google Ads,Packaged Foods,Product Launch,Mumbai,Regular,21,62238.577067549755,187893,7614,2002,107,101776.68958823437,1,1583.8130730477606
CMP_116,CUST_0084,2026-06-08,Email,Beverages,Retargeting,Chennai,Regular,26,56703.72287708566,434096,31830,14824,1738,2469635.3278343165,5,13639.048993709335
CMP_083,CUST_0955,2026-05-14,Instagram,Beverages,Conversion,Delhi,Premium,51,98651.37265874087,361116,10491,3685,207,267111.80010467634,8,8642.320520944622
CMP_055,CUST_0888,2026-08-21,Instagram,Personal Care,Conversion,Bangalore,Regular,25,52615.021380595696,150250,5818,1673,110,94577.45000431998,5,5081.3167478095975
CMP_017,CUST_0034,2026-01-20,Email,Packaged Foods,Product Launch,Hyderabad,Premium,64,39360.62707352403,108249,7756,4022,396,579934.6897962223,4,13696.820094012879
CMP_008,CUST_1335,2026-07-04,LinkedIn,Packaged Foods,Conversion,Delhi,Regular,32,62027.592059204,201112,4916,1538,67,93703.1558942097,8,10602.507325841358
CMP_105,CUST_1475,2026-07-07,YouTube,Personal Care,Awareness,Bangalore,Budget,28,30346.359298763873,191310,4082,1111,20,10275.505265337519,5,4883.348629216856
CMP_127,CUST_1048,2026-07-20,YouTube,Snacks,Conversion,Mumbai,Premium,24,14695.869588093548,74657,1641,704,19,20578.817581528823,9,13382.455652775827
CMP_081,CUST_0087,2026-09-21,YouTube,Beverages,Retargeting,Delhi,Budget,34,57104.97501166264,266719,5479,1792,68,41198.95700039781,10,12349.31753297121
CMP_119,CUST_1292,2026-01-12,LinkedIn,Personal Care,Conversion,Pune,Regular,50,83002.46485745076,201295,4716,1267,55,84664.24007932923,11,19580.314620541016
CMP_087,CUST_1147,2026-02-23,LinkedIn,Beverages,Conversion,Chennai,Regular,20,60757.33887605818,163760,3834,2116,98,149692.83177225565,11,21413.49322416965
CMP_013,CUST_0447,2026-05-05,Email,Personal Care,Retargeting,Hyderabad,Regular,56,9320.405374073509,29641,2698,815,113,152796.42080898193,9,26292.130455659935
CMP_024,CUST_1485,2026-03-24,YouTube,Snacks,Retargeting,Delhi,Premium,22,93963.357083735,376687,9099,2572,74,76953.29984379427,10,8915.540867727272
CMP_012,CUST_0136,2026-05-24,Instagram,Packaged Foods,Retargeting,Chennai,Regular,31,69835.25600968521,295134,11669,6173,336,271299.62445600634,1,1393.132045817296
CMP_103,CUST_1454,2026-05-22,Meta Ads,Personal Care,Awareness,Kolkata,Premium,59,51189.671165179854,140709,3911,1148,68,74215.319094997,10,17357.29756558051
CMP_049,CUST_1200,2026-03-06,Meta Ads,Packaged Foods,Conversion,Kolkata,Premium,53,28147.129963302927,64586,1798,663,33,35566.960092124704,1,2251.757155509962
CMP_063,CUST_0029,2026-04-06,Email,Home Care,Retargeting,Hyderabad,Regular,37,98386.43984377464,735243,58332,17508,1207,1796510.137125818,9,13823.676771257615
CMP_042,CUST_0566,2026-04-24,Instagram,Packaged Foods,Retargeting,Kolkata,Premium,35,56893.55692227441,286787,9892,5145,367,380246.4392722286,10,24003.333819036696
CMP_130,CUST_1322,2026-04-04,Meta Ads,Packaged Foods,Conversion,Hyderabad,Premium,43,26041.52387691353,97825,2597,931,56,71746.58224746682,6,12171.207081479408
CMP_006,CUST_1056,2026-05-25,Meta Ads,Home Care,Seasonal,Hyderabad,Regular,23,67459.78004133458,165688,5187,2250,134,116004.35493418243,3,2498.328067705599
CMP_023,CUST_0515,2026-05-09,Email,Snacks,Product Launch,Delhi,Regular,63,73132.75452390079,199883,15632,4242,337,364647.06300758565,9,16486.213886762114
CMP_081,CUST_1325,2026-03-18,Email,Beverages,Awareness,Kolkata,Premium,55,,344482,24832,10042,1160,2145311.674858906,11,22848.53558834607
CMP_034,CUST_0208,2026-03-11,Email,Snacks,Product Launch,Hyderabad,Premium,36,34417.251066143814,264508,21807,6655,530,841446.6102741832,11,22912.71099739396
CMP_001,CUST_1384,2026-03-06,YouTube,Snacks,Conversion,Chennai,Premium,51,73875.64832249466,578525,13476,5142,166,179844.25379646933,6,7511.524562980398
CMP_048,CUST_0770,2026-05-19,YouTube,Personal Care,Product Launch,Pune,Budget,63,88213.72291730586,495298,9444,4934,156,82200.37851499933,5,6986.904170402612
CMP_134,CUST_0160,2026-02-11,Email,Home Care,Seasonal,Delhi,Premium,20,82688.89897730466,203286,11438,5668,699,1065492.6017339153,7,22411.812819936706
CMP_030,CUST_0872,2026-05-18,LinkedIn,Beverages,Awareness,Kolkata,Premium,62,9412.637642147347,54623,1081,398,28,60270.326212742126,5,11567.434603590827
CMP_070,CUST_0739,2026-09-13,Google Ads,Packaged Foods,Awareness,Mumbai,Budget,41,26531.49338914168,75169,4209,2109,236,209919.58458581698,10,9485.002737046392
CMP_099,CUST_0621,2026-04-06,Instagram,Snacks,Conversion,Mumbai,Regular,64,47228.351396583894,380879,14361,4377,203,189285.7411883755,11,13734.566007430303
CMP_068,CUST_1012,2026-02-13,Email,Home Care,Conversion,Mumbai,Regular,38,41877.195099339515,161684,12760,7601,1044,1132253.2997902336,8,22474.248705055103
CMP_112,CUST_0228,2026-01-17,Meta Ads,Home Care,Awareness,Hyderabad,Regular,25,19958.03093303543,49581,1463,509,30,25900.590884415946,10,17466.490865126514
CMP_091,CUST_0745,2026-05-12,Meta Ads,Personal Care,Seasonal,Mumbai,Regular,64,90581.20884782715,241096,5963,2218,132,124216.2477639293,10,16538.53507062517
CMP_041,CUST_0124,2026-02-26,Meta Ads,Personal Care,Retargeting,Hyderabad,Regular,34,28249.77533732315,68224,1751,747,54,51812.9364325659,9,13599.755844083136
CMP_026,CUST_1276,2026-01-03,LinkedIn,Home Care,Awareness,Chennai,Regular,22,83149.36812946321,488689,14004,6221,203,286561.6909637231,3,6937.286884191563
CMP_104,CUST_0214,2026-01-15,Google Ads,Home Care,Awareness,Kolkata,Premium,24,68893.8835339892,198046,8740,3444,237,305514.5253132471,9,18068.151024583065
CMP_023,CUST_0607,2026-06-09,Instagram,Beverages,Retargeting,Bangalore,Premium,23,92730.22359274645,291816,11062,6466,289,321053.936299896,2,4702.254523373728
CMP_102,CUST_1474,2026-07-22,Google Ads,Personal Care,Seasonal,Pune,Regular,51,88977.06729749328,294563,14809,7410,599,706041.6692619845,11,10415.885387987142
CMP_096,CUST_0908,2026-08-25,Google Ads,Snacks,Conversion,Pune,Premium,56,90827.15117138813,597142,30098,14621,816,1194523.5479080337,7,11189.4942667165
CMP_058,CUST_1125,2026-02-26,Email,Personal Care,Conversion,Pune,Budget,53,64725.01167533746,153451,12295,4922,365,362059.8433354984,10,22013.92647994798
CMP_023,CUST_0567,2026-04-20,YouTube,Packaged Foods,Awareness,Delhi,Premium,19,71856.58327534335,563314,12112,6954,147,142253.205241571,5,7231.754051292414
CMP_062,CUST_0210,2026-02-21,LinkedIn,Personal Care,Awareness,Pune,Budget,47,21854.179638867445,175619,5566,2378,68,68461.96030069575,4,6264.56826944948
CMP_012,CUST_0689,2026-02-15,Meta Ads,Snacks,Product Launch,Mumbai,Regular,50,94906.27551136512,387879,11150,3487,220,194528.32101540684,10,13048.12983266782
CMP_066,CUST_1421,2026-07-29,Google Ads,Personal Care,Seasonal,Mumbai,Premium,27,16600.69902976943,61312,2788,1413,69,99783.34697787497,11,29445.213074300664
CMP_124,CUST_0694,2026-07-03,Meta Ads,Home Care,Awareness,Kolkata,Premium,57,48627.55217958864,110166,3972,1591,93,131478.39144297622,2,3043.1736308481354
CMP_011,CUST_0781,2026-04-07,Google Ads,Beverages,Seasonal,Delhi,Regular,53,53049.4135114047,158524,8723,5080,348,335832.9452921187,9,12067.488945757224
CMP_057,CUST_0009,2026-01-05,Google Ads,Personal Care,Seasonal,Bangalore,Premium,37,72967.84154666676,189057,7388,3556,193,283222.7130733632,10,15839.266753883683
CMP_006,CUST_1076,2026-05-20,Google Ads,Home Care,Product Launch,Kolkata,Budget,41,37879.88274408483,96980,5326,2267,116,112175.17251701881,10,10047.399084297069
CMP_104,CUST_1029,2026-01-28,Instagram,Personal Care,Product Launch,Kolkata,Budget,57,71249.0163492082,367114,12785,3953,162,100162.84863583933,7,5731.84059577088
CMP_118,CUST_0435,2026-07-06,LinkedIn,Snacks,Retargeting,Hyderabad,Budget,31,51035.86790377372,119876,3592,1276,43,50036.039520908744,4,6964.286517100787
CMP_137,CUST_0607,2026-01-25,YouTube,Personal Care,Seasonal,Pune,Regular,28,14220.142443420878,54114,949,335,15,10751.817407864277,6,8282.16015938183
CMP_148,CUST_0395,2026-04-24,LinkedIn,Home Care,Seasonal,Hyderabad,Budget,32,59373.67864262432,415258,13700,4452,268,300537.0719170393,6,14942.476607416542
CMP_088,CUST_0597,2026-04-19,LinkedIn,Beverages,Conversion,Kolkata,Budget,48,84405.87551209566,281434,9220,3722,180,224238.6218826026,4,7866.583816624309
CMP_044,CUST_1351,2026-01-18,Instagram,Snacks,Awareness,Bangalore,Regular,59,63262.20741414733,162821,5659,2917,139,121793.3605252124,9,12979.19868347077
CMP_135,CUST_0133,2026-07-26,Meta Ads,Beverages,Awareness,Bangalore,Premium,32,36930.41639095736,111532,4018,1886,93,125582.2862130492,6,7758.284935551686
CMP_061,CUST_1440,2026-08-13,Meta Ads,Personal Care,Retargeting,Chennai,Regular,27,90107.35921999745,246409,8166,2179,133,124491.74716063729,5,9856.736586467116
CMP_081,CUST_0949,2026-04-17,Google Ads,Snacks,Retargeting,Chennai,Budget,38,95421.72216997076,214827,10112,4679,482,436125.596343624,10,7410.17234308326
CMP_017,CUST_0551,2026-07-21,LinkedIn,Personal Care,Retargeting,Delhi,Budget,58,54705.71189689276,233544,4466,1190,50,47968.17325712747,10,20425.520741681707
CMP_067,CUST_0332,2026-08-31,Google Ads,Home Care,Seasonal,Pune,Budget,64,50915.23104746407,164560,9342,4188,319,279529.62511549715,10,7946.059146162984
CMP_004,CUST_1463,2026-04-01,YouTube,Packaged Foods,Awareness,Mumbai,Regular,54,66600.27351829997,308783,6153,2611,132,96573.15747876509,1,638.8661568970198
CMP_010,CUST_0900,2026-02-12,Email,Personal Care,Seasonal,Delhi,Regular,19,25472.60980420772,198732,14468,8017,996,1126976.628169026,2,5365.465626515678
CMP_014,CUST_0081,2026-07-26,LinkedIn,Packaged Foods,Retargeting,Mumbai,Regular,24,53707.78075133454,138310,3770,1935,79,115361.95834982481,2,2641.6999536741096
CMP_081,CUST_0972,2026-06-12,Email,Home Care,Retargeting,Bangalore,Budget,58,79348.97496231589,234028,18159,8778,1297,1057186.5624766096,3,5007.775793752411
CMP_138,CUST_1250,2026-01-15,LinkedIn,Personal Care,Awareness,Delhi,Regular,40,36193.94847108451,127994,3129,1036,52,69884.98567793923,10,29348.11111483663
CMP_012,CUST_0662,2026-09-09,Email,Home Care,Awareness,Hyderabad,Regular,32,71190.39501991683,170635,12777,4220,266,305977.2865796175,2,3824.1724703211244
CMP_089,CUST_0203,2026-08-28,Instagram,Home Care,Retargeting,Hyderabad,Budget,40,5296.813216500304,12960,468,157,7,4956.606647977196,7,5411.928334273055
CMP_017,CUST_0807,2026-02-10,Meta Ads,Home Care,Retargeting,Mumbai,Budget,59,25468.061310786114,86616,2905,1300,52,37797.12868431095,8,8145.125892360601
CMP_145,CUST_1351,2026-06-03,YouTube,Beverages,Retargeting,Bangalore,Budget,41,52351.97484132447,184908,2711,1259,42,24906.993512216304,10,5407.415913605334
CMP_028,CUST_0937,2026-04-28,LinkedIn,Home Care,Conversion,Pune,Budget,25,56372.98211859695,160612,4304,2405,144,178811.75289609123,2,5053.728245600803
CMP_140,CUST_0649,2026-04-15,YouTube,Home Care,Conversion,Chennai,Premium,41,6157.817346115538,26821,539,288,6,6285.221523117227,2,3379.1064562339743
CMP_132,CUST_0858,2026-07-26,Email,Packaged Foods,Conversion,Hyderabad,Budget,61,7753.758358907017,25075,2157,638,70,76597.07928150079,5,4314.215499899845
CMP_058,CUST_0816,2026-05-10,LinkedIn,Home Care,Awareness,Chennai,Premium,47,45028.923335832646,108633,2861,1063,40,87550.50542388814,2,5548.1318817277015
CMP_085,CUST_0487,2026-05-31,Google Ads,Personal Care,Conversion,Bangalore,Budget,50,30518.705923910937,99393,4651,2686,259,210712.4965457923,7,12596.286293082556
CMP_112,CUST_1477,2026-03-28,YouTube,Home Care,Retargeting,Mumbai,Budget,60,58218.29265225217,285651,6192,2681,57,35154.698043902106,8,4126.172031387091
CMP_139,CUST_1455,2026-06-22,Google Ads,Home Care,Product Launch,Kolkata,Premium,49,38803.88597342778,112431,4987,1355,128,224216.69965922597,10,24204.860901590037
CMP_112,CUST_1194,2026-03-28,Meta Ads,Home Care,Retargeting,Chennai,Budget,19,74760.72378075984,207718,6939,2140,122,92924.38524207352,3,2704.1820023077016
CMP_122,CUST_1493,2026-01-27,YouTube,Snacks,Product Launch,Mumbai,Regular,32,18219.709279231254,41311,904,268,11,8795.929870944485,9,16448.5503664612
CMP_015,CUST_1260,2026-02-08,Meta Ads,Packaged Foods,Seasonal,Delhi,Budget,41,63967.281501830614,437698,16920,7688,437,282699.4885450582,6,7520.587746401652
CMP_130,CUST_1112,2026-02-28,Instagram,Personal Care,Seasonal,Bangalore,Regular,51,8793.127586491268,22401,528,190,13,10153.364360910988,9,14248.418232213786
CMP_135,CUST_0098,2026-08-29,Email,Packaged Foods,Conversion,Delhi,Regular,23,28373.34649035184,69287,5844,2148,235,304982.9699477188,1,1954.8391263002973
CMP_034,CUST_1193,2026-09-23,YouTube,Packaged Foods,Product Launch,Pune,Regular,21,72940.64978115157,171093,3661,1063,43,31017.97693923658,4,6008.522115188531
CMP_096,CUST_1094,2026-07-01,YouTube,Personal Care,Awareness,Kolkata,Regular,47,15335.60540619071,48114,1028,321,14,11993.382995834556,9,14954.675988349049
CMP_122,CUST_0361,2026-03-10,Email,Beverages,Conversion,Bangalore,Regular,61,54699.82599869061,286328,21375,9632,1101,1423268.182342385,2,4434.201351804691
CMP_061,CUST_0737,2026-03-30,LinkedIn,Packaged Foods,Awareness,Hyderabad,Premium,61,99058.20558501284,325867,8255,3326,117,188778.32834758883,11,50624.57039335365
CMP_084,CUST_0481,2026-03-03,LinkedIn,Packaged Foods,Seasonal,Delhi,Budget,46,35550.474334434184,115355,2642,1006,35,38551.17169704328,9,7837.297732013162
CMP_003,CUST_0944,2026-05-27,Google Ads,Packaged Foods,Seasonal,Kolkata,Premium,48,96415.08741334135,439869,17342,6362,514,875771.4028932147,11,20103.5711761527
CMP_014,CUST_0468,2026-06-19,YouTube,Personal Care,Retargeting,Hyderabad,Regular,52,64915.28288967006,248813,5180,2017,78,60857.80489564763,3,2646.2252057859755
CMP_115,CUST_0252,2026-05-15,Email,Home Care,Product Launch,Mumbai,Regular,50,35834.751884789905,140347,12217,4007,527,787790.2348338321,4,8787.750124425274
CMP_027,CUST_0614,2026-08-20,Google Ads,Snacks,Seasonal,Kolkata,Premium,36,46827.55437082613,109532,4598,1639,104,182776.26347513977,4,14821.350098593955
CMP_079,CUST_0652,2026-08-27,Meta Ads,Personal Care,Seasonal,Chennai,Budget,55,22153.67658414635,154938,4283,2517,121,74353.56562873731,3,4485.805515109846
CMP_134,CUST_0006,2026-09-15,Instagram,Snacks,Awareness,Bangalore,Budget,23,45425.758283513955,203566,7810,4618,269,164086.5291726668,3,2524.932052998818
CMP_149,CUST_1265,2026-05-03,Google Ads,Snacks,Awareness,Bangalore,Budget,30,32826.5227261169,150855,6548,2287,122,116764.73495813059,2,2493.9384645607784
CMP_129,CUST_0510,2026-06-14,YouTube,Packaged Foods,Retargeting,Chennai,Budget,20,49469.69422271251,135767,2925,878,35,21520.756699394537,2,1153.4042538592732
CMP_044,CUST_0593,2026-06-15,YouTube,Snacks,Retargeting,Hyderabad,Budget,60,92706.4584561921,292629,7052,3060,105,62848.89452233734,1,1177.9085113769845
CMP_036,CUST_1067,2026-04-24,Instagram,Personal Care,Seasonal,Pune,Regular,20,54965.332131832554,270171,8880,3464,154,143271.95465266827,9,18676.468273505972
CMP_008,CUST_1498,2026-04-06,Meta Ads,Snacks,Retargeting,Kolkata,Budget,44,41333.4894281596,148100,4440,2123,130,85096.48773076957,8,6123.964451256694
CMP_039,CUST_1023,2026-02-17,Instagram,Packaged Foods,Awareness,Delhi,Regular,37,53994.92991936514,147439,4933,1888,91,87230.10443697518,6,8076.694750631405
CMP_050,CUST_1170,2026-01-18,YouTube,Personal Care,Conversion,Chennai,Regular,61,88901.7172083607,291341,6660,3570,135,88262.11046960787,10,9765.982579520447
CMP_097,CUST_0198,2026-07-11,Instagram,Personal Care,Conversion,Bangalore,Regular,20,73177.56758308219,170158,5044,2262,160,122588.63131652806,10,7011.213978389523
CMP_008,CUST_0462,2026-05-14,Instagram,Personal Care,Seasonal,Pune,Regular,48,68125.31147610719,244119,8370,2650,74,58251.5667095197,6,10576.675976987048
CMP_127,CUST_1326,2026-05-01,Email,Beverages,Retargeting,Delhi,Premium,64,63700.83872881122,182446,16077,7375,647,1145062.571568069,10,35906.174535895516
CMP_081,CUST_1037,2026-05-08,YouTube,Snacks,Seasonal,Hyderabad,Budget,46,64809.146311200995,181823,2545,760,19,9252.27551731118,1,478.8250037753405
CMP_001,CUST_0388,2026-04-13,Email,Snacks,Awareness,Hyderabad,Regular,23,84381.4328724402,254891,17928,5056,534,629918.818014036,9,18581.564500208242
CMP_007,CUST_0480,2026-06-26,Email,Beverages,Retargeting,Hyderabad,Regular,55,27339.77915079962,74152,5537,3286,456,516634.298524859,9,27678.63468664397
CMP_063,CUST_1113,2026-07-08,Meta Ads,Personal Care,Conversion,Bangalore,Regular,58,18708.25321615155,45473,1721,748,28,24840.54190582841,6,7875.0379895357055
CMP_074,CUST_0864,2026-01-18,Email,Home Care,Product Launch,Hyderabad,Regular,56,87796.49133011689,243107,19595,5829,353,491976.79273135687,10,15925.573764343751
CMP_136,CUST_0544,2026-05-06,Meta Ads,Personal Care,Retargeting,Hyderabad,Regular,33,95937.38309098259,341920,11759,4913,311,314408.5909571102,4,5640.976184946426
CMP_119,CUST_0072,2026-03-15,Google Ads,Home Care,Seasonal,Hyderabad,Premium,24,93987.07412131142,508790,22995,8642,941,1535763.8997068077,11,39762.76409268475
CMP_035,CUST_1352,2026-04-02,Instagram,Home Care,Conversion,Chennai,Premium,50,39201.98909617784,94798,2909,1329,57,59000.151037574724,9,13556.132855309288
CMP_052,CUST_0210,2026-09-29,YouTube,Beverages,Awareness,Mumbai,Regular,24,18234.057333912002,150035,3162,1493,52,44235.60324421148,7,10284.493372185576
CMP_029,CUST_1296,2026-05-13,YouTube,Packaged Foods,Awareness,Delhi,Regular,27,56795.05248765302,166546,3703,1545,55,37735.97761707554,1,1532.646093164158
CMP_060,CUST_0849,2026-08-29,Instagram,Home Care,Conversion,Mumbai,Premium,49,66111.02941197812,260022,11754,6855,345,419891.1141262394,6,17136.227879810795
CMP_125,CUST_0433,2026-04-07,Email,Snacks,Product Launch,Mumbai,Premium,38,36860.557063554865,152544,12807,4914,789,1490789.0630488533,2,7458.209115643222
CMP_005,CUST_0526,2026-08-04,LinkedIn,Personal Care,Product Launch,Mumbai,Premium,31,67840.29304134726,162839,4477,2572,125,265937.2697980472,10,16947.793394383072
CMP_144,CUST_0213,2026-05-23,Google Ads,Snacks,Retargeting,Delhi,Premium,30,35496.882002335464,171022,8578,3232,361,604806.0532772545,10,15889.857619918987
CMP_150,CUST_0102,2026-07-05,Google Ads,Packaged Foods,Product Launch,Delhi,Premium,29,36089.450501468105,107025,4830,1239,83,125264.2429915828,11,25408.349997225498
CMP_045,CUST_0970,2026-03-22,Instagram,Beverages,Retargeting,Mumbai,Premium,54,62815.25179818629,159408,4952,2293,108,145777.85862899243,6,11174.900433599685
CMP_084,CUST_0058,2026-01-16,Google Ads,Packaged Foods,Product Launch,Chennai,Budget,29,75899.08610132289,267278,15903,6512,457,343440.53599209664,2,1895.2538435297404
CMP_130,CUST_0044,2026-03-24,Email,Personal Care,Seasonal,Kolkata,Regular,55,88330.18119171105,712887,65437,19708,1730,2586398.7502565766,6,11107.071124268361
CMP_104,CUST_1014,2026-08-05,LinkedIn,Snacks,Conversion,Bangalore,Budget,62,99086.49688133081,296170,7424,3230,119,107026.37854601319,1,2111.6238289860835
CMP_123,CUST_1350,2026-01-29,Google Ads,Packaged Foods,Product Launch,Kolkata,Regular,57,96270.47306422355,348441,13880,7769,393,473208.4786168047,10,9917.635562893176
CMP_102,CUST_0827,2026-06-26,Meta Ads,Home Care,Product Launch,Chennai,Regular,57,65965.91203760044,161420,4613,1768,106,113557.28353680347,5,10331.8905404404
CMP_122,CUST_0462,2026-04-26,LinkedIn,Snacks,Awareness,Bangalore,Regular,56,38374.97679905168,164591,3407,1577,54,83887.58693534155,5,7569.684853698425
CMP_053,CUST_0175,2026-06-10,Google Ads,Home Care,Retargeting,Kolkata,Premium,23,22136.078043131776,79548,3144,1533,167,237148.13677832723,1,1246.289752461216
CMP_071,CUST_1070,2026-06-05,LinkedIn,Personal Care,Awareness,Mumbai,Regular,26,73799.55315611516,352857,9109,5006,231,329626.1135850488,6,15673.158857751156
CMP_083,CUST_0268,2026-09-23,Instagram,Packaged Foods,Conversion,Kolkata,Premium,38,58807.97100224451,155813,5975,1892,90,110010.70237368149,1,2317.327180569976
CMP_013,CUST_0025,2026-08-12,LinkedIn,Beverages,Retargeting,Delhi,Premium,31,68357.3068596221,290092,7267,3913,180,347206.0489513969,7,15028.369622061806
CMP_048,CUST_0682,2026-06-24,YouTube,Personal Care,Awareness,Bangalore,Premium,62,21698.38845450877,66098,1317,631,18,16384.278079027365,1,1965.6317670550113
CMP_069,CUST_0493,2026-03-01,LinkedIn,Packaged Foods,Awareness,Chennai,Premium,53,66880.29747925709,171891,4363,2101,54,115195.00497833794,1,4572.69335471311
CMP_026,CUST_0654,2026-02-26,YouTube,Home Care,Retargeting,Hyderabad,Premium,46,45779.308086604506,120437,2667,675,35,34356.45384586983,8,9958.569972486437
CMP_086,CUST_0711,2026-01-10,YouTube,Packaged Foods,Awareness,Mumbai,Premium,43,92668.37163684529,467592,7643,3240,102,110847.098255198,3,7584.946705681819
CMP_029,CUST_1085,2026-03-26,YouTube,Personal Care,Retargeting,Hyderabad,Regular,25,53847.87718749607,211940,4584,1527,71,53076.02849715704,8,12855.248975090097
CMP_139,CUST_0938,2026-05-31,Google Ads,Personal Care,Conversion,Hyderabad,Regular,51,78046.75495866986,329460,15601,7316,544,530611.1746769997,10,18461.551271496282
CMP_094,CUST_0120,2026-03-16,Meta Ads,Personal Care,Product Launch,Hyderabad,Premium,30,13377.105817881033,57868,1943,1135,61,87248.29865835485,4,11495.704021858546
CMP_028,CUST_1419,2026-04-26,LinkedIn,Packaged Foods,Product Launch,Mumbai,Regular,18,92143.0816784141,583747,12974,4715,243,296458.4541371778,10,29167.258711977134
CMP_072,CUST_0243,2026-05-09,Meta Ads,Home Care,Conversion,Delhi,Budget,21,69130.20891967928,185318,6403,1835,115,68644.20676480241,7,10924.154635618319
CMP_001,CUST_1234,2026-08-13,LinkedIn,Beverages,Awareness,Kolkata,Budget,53,82259.04994777695,245875,7747,2805,152,150816.10544151068,1,1480.7622169913104
CMP_092,CUST_0469,2026-06-04,YouTube,Packaged Foods,Awareness,Mumbai,Regular,52,8406.927853192563,49706,852,347,12,9798.741544607601,9,7478.260768204589
CMP_032,CUST_1419,2026-04-18,Meta Ads,Personal Care,Seasonal,Mumbai,Budget,49,13530.74027692173,54121,1210,601,57,35255.01796175955,2,2445.242736651451
CMP_033,CUST_0392,2026-06-19,Email,Home Care,Retargeting,Mumbai,Budget,47,37497.29561725172,87786,5706,2751,355,369757.8152029798,1,1245.1727985905554
CMP_083,CUST_1210,2026-05-19,Google Ads,Packaged Foods,Retargeting,Hyderabad,Premium,19,69057.69302888753,161555,7574,3683,351,491353.0053786994,9,24156.527547415684
CMP_065,CUST_1496,2026-02-27,YouTube,Packaged Foods,Seasonal,Chennai,Regular,47,39093.437363565245,89730,1727,1003,22,17331.494693277346,8,5886.2624334454
CMP_138,CUST_0965,2026-07-15,YouTube,Home Care,Retargeting,Kolkata,Premium,54,89742.42905784748,220589,3905,1888,64,68857.60998733072,2,1814.5515944559047
CMP_063,CUST_1148,2026-04-26,Google Ads,Beverages,Conversion,Kolkata,Budget,41,77967.73366913603,313809,16402,9774,742,624403.0344804567,9,9903.701845085554
CMP_036,CUST_0463,2026-04-19,Email,Personal Care,Retargeting,Delhi,Budget,36,41064.51430920758,126153,9585,3797,349,287867.71942036063,2,2968.4826465621886
CMP_018,CUST_1367,2026-08-18,Instagram,Personal Care,Awareness,Chennai,Regular,61,43623.91961556753,150053,5605,2991,124,91137.01443152051,8,8072.1971272025485
CMP_068,CUST_1317,2026-03-26,LinkedIn,Personal Care,Conversion,Chennai,Regular,22,52148.22370582676,160447,5100,1844,92,129571.8354192573,7,12925.740523284363
CMP_013,CUST_0876,2026-06-15,LinkedIn,Home Care,Awareness,Mumbai,Premium,21,68731.48181641605,190142,5150,2517,123,243901.85602258856,3,7358.423110355018
CMP_070,CUST_0746,2026-01-16,Google Ads,Beverages,Product Launch,Chennai,Regular,29,74534.49523238733,512544,22582,13457,902,904991.7236314705,7,7828.229597412911
CMP_104,CUST_0907,2026-01-29,YouTube,Snacks,Awareness,Mumbai,Budget,58,78029.27666114773,210845,3849,2162,115,62242.821427490315,3,2928.7778279545696
CMP_100,CUST_0970,2026-07-29,Email,Packaged Foods,Awareness,Pune,Regular,45,59464.8057342946,171250,15807,4240,301,368282.67930580303,9,10789.819647978276
CMP_057,CUST_1189,2026-03-05,Email,Personal Care,Retargeting,Kolkata,Regular,46,80599.00515564668,181320,14074,3589,407,609528.4717853832,9,12587.807002627535
CMP_146,CUST_0179,2026-09-21,Email,Snacks,Awareness,Delhi,Budget,39,58262.40108256478,365138,26788,7327,752,804312.4365414182,10,12384.170093397808
CMP_033,CUST_0408,2026-03-30,Google Ads,Personal Care,Seasonal,Delhi,Budget,32,21714.611345873727,78750,3730,1096,69,51485.69608064785,6,9253.987102387822
CMP_073,CUST_0547,2026-06-20,LinkedIn,Personal Care,Retargeting,Bangalore,Budget,32,9076.665902718443,25394,629,345,13,11825.977835033267,6,7423.883606041763
CMP_095,CUST_1448,2026-01-07,LinkedIn,Beverages,Seasonal,Kolkata,Premium,48,68517.7212653489,549694,15458,8256,545,963058.437254074,9,29067.39470262991
CMP_098,CUST_0327,2026-02-19,Meta Ads,Snacks,Seasonal,Chennai,Budget,61,86612.38097278256,315583,8790,4327,211,150871.71796415027,2,1319.2381414405643
CMP_038,CUST_0504,2026-05-25,Google Ads,Beverages,Seasonal,Hyderabad,Budget,48,41898.744217835425,95923,3856,1482,131,109573.39109715814,1,1736.56744229017
CMP_108,CUST_0406,2026-06-10,Instagram,Beverages,Seasonal,Chennai,Premium,57,30426.57542485067,73608,2642,794,31,31831.250466302616,5,9422.511935396617
CMP_142,CUST_1483,2026-08-11,Google Ads,Beverages,Seasonal,Mumbai,Premium,29,36725.58471249204,92472,4994,2360,217,347086.56310052914,4,6953.530602175516
CMP_100,CUST_0685,2026-06-28,LinkedIn,Personal Care,Conversion,Delhi,Premium,23,74942.5716879362,207234,5001,1451,45,72577.12828727662,3,6112.6102385744725
CMP_141,CUST_0171,2026-05-28,Google Ads,Packaged Foods,Retargeting,Bangalore,Budget,22,12824.907479532694,31838,1265,672,42,29605.547377486142,6,5397.138598151748
CMP_109,CUST_0552,2026-08-12,LinkedIn,Beverages,Awareness,Delhi,Regular,51,70225.18816202234,364416,11183,4260,139,229484.2593088198,11,12352.553229514551
CMP_080,CUST_0831,2026-02-26,Google Ads,Home Care,Conversion,Pune,Budget,28,62641.03058092541,232513,9858,2995,333,302525.05700471357,3,4106.558548359804
CMP_070,CUST_1388,2026-07-15,Email,Home Care,Product Launch,Kolkata,Regular,45,68052.75898941842,484005,37486,12328,1456,1865114.9966719686,4,10848.75448594947
CMP_085,CUST_0004,2026-06-18,YouTube,Home Care,Retargeting,Kolkata,Budget,55,40413.81934998224,201979,4780,1924,68,40226.18220994111,11,7704.964675164252
CMP_007,CUST_0363,2026-02-14,LinkedIn,Packaged Foods,Awareness,Hyderabad,Budget,62,88779.64167006823,241667,4108,1292,79,83680.96650519197,2,3494.7991327686823
CMP_098,CUST_0968,2026-03-12,LinkedIn,Snacks,Seasonal,Delhi,Regular,34,40404.2290721046,111615,3510,1823,58,84530.98669465272,2,6555.085808888769
CMP_109,CUST_0968,2026-04-04,YouTube,Packaged Foods,Retargeting,Delhi,Regular,59,11741.64016212587,51164,1114,400,19,13253.930650669692,1,1261.7192069510102
CMP_095,CUST_0815,2026-07-27,LinkedIn,Beverages,Conversion,Chennai,Premium,24,98701.31718237727,463484,12684,4210,182,325115.9599399346,6,17509.062287157412
CMP_003,CUST_0662,2026-03-08,Email,Snacks,Retargeting,Mumbai,Regular,21,91581.41571616016,301551,25390,12797,1336,1908254.8656363306,8,23108.864215163438
CMP_109,CUST_0214,2026-04-02,Instagram,Beverages,Seasonal,Chennai,Regular,38,71700.78726631013,205774,6008,2163,103,77902.87047238505,4,7118.622137274582
CMP_048,CUST_0357,2026-08-08,Meta Ads,Packaged Foods,Retargeting,Hyderabad,Budget,29,99489.78235919758,455020,14344,5218,380,288215.90150773665,7,6463.48872837539
CMP_049,CUST_0823,2026-05-31,Meta Ads,Packaged Foods,Awareness,Pune,Premium,59,93432.94382687942,316585,7334,3820,292,414931.1368727576,6,8558.214679303162
CMP_076,CUST_0515,2026-03-22,YouTube,Home Care,Retargeting,Pune,Premium,20,15507.166390844815,81615,1571,800,35,36953.718736605784,4,6552.5925175470975
CMP_107,CUST_0170,2026-05-26,LinkedIn,Snacks,Conversion,Mumbai,Regular,32,83980.7469528652,298050,7504,2248,61,95810.9729632158,5,13022.291434422283
CMP_067,CUST_1374,2026-02-27,YouTube,Packaged Foods,Seasonal,Kolkata,Budget,38,43136.62538989217,146537,2979,1382,48,30489.345348126415,1,1140.0859879442255
CMP_100,CUST_0701,2026-05-31,Instagram,Home Care,Retargeting,Bangalore,Premium,61,38913.27155838699,128994,5208,2241,145,191623.23953322324,7,9967.705129497434
CMP_030,CUST_0982,2026-06-12,Meta Ads,Beverages,Awareness,Delhi,Regular,36,41628.4736104804,178459,6392,3163,193,152355.27902026498,5,4737.077300814806
CMP_104,CUST_0840,2026-04-13,LinkedIn,Snacks,Seasonal,Pune,Premium,53,76127.74421737935,244907,5727,1756,90,144751.36364074663,11,38410.422286990535
CMP_118,CUST_0375,2026-05-17,YouTube,Beverages,Product Launch,Hyderabad,Regular,53,49566.96124988339,134277,2737,980,30,19586.456382525666,9,7894.858173079071
CMP_088,CUST_0816,2026-08-13,Meta Ads,Home Care,Retargeting,Mumbai,Regular,64,34953.9655189053,167840,4597,2427,115,119341.72363668458,2,2887.1228711940807
CMP_110,CUST_1152,2026-07-19,Instagram,Beverages,Awareness,Bangalore,Budget,35,93815.16260916954,210157,9538,4979,169,117668.3114644604,2,1573.2674219818007
CMP_026,CUST_0815,2026-01-30,Meta Ads,Personal Care,Conversion,Bangalore,Regular,39,29068.094624921607,74530,2382,805,42,33260.7154838289,9,7941.611869350566
CMP_119,CUST_1117,2026-01-09,Google Ads,Beverages,Product Launch,Bangalore,Regular,18,40212.99145175602,193993,8773,3154,190,201943.6278939898,1,2239.814868072826
CMP_027,CUST_0745,2026-07-28,Meta Ads,Personal Care,Seasonal,Pune,Premium,28,87613.61485273758,232986,7053,3455,184,220141.2782963541,5,12271.307268668881
CMP_140,CUST_0702,2026-04-06,YouTube,Snacks,Product Launch,Kolkata,Premium,51,96799.62653085115,268125,5886,2705,59,62313.49619834935,1,2139.9560598849525
CMP_035,CUST_0930,2026-01-16,Instagram,Packaged Foods,Seasonal,Pune,Premium,31,68294.82375283023,200297,7502,4252,162,208249.30699823785,2,2826.000632620671
CMP_090,CUST_0166,2026-08-22,LinkedIn,Beverages,Conversion,Chennai,Regular,35,56508.58626417699,257786,7588,3431,188,256535.62087552127,1,1153.2742845780383
CMP_022,CUST_0750,2026-08-18,Instagram,Beverages,Product Launch,Pune,Regular,64,70955.16835594828,251453,10258,4341,179,131811.27386542675,7,10776.486114113603
CMP_016,CUST_1324,2026-08-29,Google Ads,Snacks,Retargeting,Mumbai,Premium,58,77292.48863050705,215951,12494,3539,226,336474.89107079006,4,11212.565377284922
CMP_093,CUST_0447,2026-01-20,Instagram,Snacks,Conversion,Chennai,Budget,54,17774.417517952745,61144,2434,1206,62,36746.80272767936,11,16562.716112866812
CMP_111,CUST_0343,2026-04-06,YouTube,Packaged Foods,Awareness,Bangalore,Budget,54,88711.15840504656,266778,4530,1133,36,18085.622506503558,4,4294.324028861635
CMP_047,CUST_1189,2026-08-14,Email,Snacks,Seasonal,Pune,Budget,19,81986.55542531025,234870,19614,9346,1106,1081940.844979985,3,2655.440515177845
CMP_125,CUST_1351,2026-02-06,Instagram,Personal Care,Conversion,Hyderabad,Premium,35,21578.48822713261,65804,1839,1094,58,67742.36613216963,11,12335.618196988777
CMP_125,CUST_1284,2026-08-01,Email,Packaged Foods,Awareness,Chennai,Regular,21,17310.644350948518,143434,11636,6684,852,1054594.1519108976,5,11011.716738228102
CMP_147,CUST_0755,2026-07-31,YouTube,Beverages,Seasonal,Delhi,Premium,46,53487.5841394094,186581,3554,1396,52,47489.81577945018,11,22258.806770417683
CMP_039,CUST_1021,2026-09-16,LinkedIn,Snacks,Seasonal,Hyderabad,Premium,60,16183.2289128496,38320,1107,624,26,45007.23372068505,1,2118.421124229304
CMP_080,CUST_0066,2026-05-16,LinkedIn,Packaged Foods,Retargeting,Pune,Budget,49,37316.24028690651,136028,4376,2529,94,113355.1871076352,3,3673.5842938169917
CMP_102,CUST_0626,2026-06-23,Meta Ads,Snacks,Seasonal,Kolkata,Premium,64,80286.33410015678,218294,6186,2796,135,174329.81431434467,4,10259.216382705345
CMP_110,CUST_0653,2026-06-15,YouTube,Beverages,Product Launch,Hyderabad,Budget,59,98247.41510213596,301202,3841,1685,65,37015.19090109888,6,2959.0959777896605
CMP_050,CUST_1215,2026-03-09,YouTube,Personal Care,Conversion,Kolkata,Premium,60,47301.51609953824,106419,1804,853,23,24899.64564557024,9,16862.32619624153
CMP_102,CUST_0048,2026-02-19,Instagram,Home Care,Conversion,Mumbai,Premium,47,94488.37412945986,284527,9950,5755,317,399831.0728494462,10,11330.594323921152
CMP_059,CUST_0797,2026-07-22,Google Ads,Personal Care,Conversion,Hyderabad,Budget,53,14700.933450158502,42907,1975,645,47,36333.478621723145,3,4668.080891589465
CMP_078,CUST_0854,2026-09-10,Google Ads,Snacks,Awareness,Chennai,Regular,63,73072.11224188893,269059,11118,4085,412,446222.6812234878,2,4035.4280713064677
CMP_133,CUST_1126,2026-05-25,LinkedIn,Personal Care,Conversion,Kolkata,Budget,53,69318.86508903315,195149,4898,1689,80,87331.30004091682,3,2638.99152462927
CMP_069,CUST_0108,2026-02-04,Email,Packaged Foods,Product Launch,Chennai,Budget,33,45087.09115783046,103976,6709,2868,337,308122.57424072735,9,9027.447356432918
CMP_134,CUST_0464,2026-03-30,Instagram,Beverages,Conversion,Kolkata,Regular,19,33105.86069514419,189929,3022,940,70,54456.055934128024,4,5977.947283890388
CMP_080,CUST_0812,2026-02-27,YouTube,Packaged Foods,Product Launch,Kolkata,Regular,30,7462.959958432628,18661,381,163,7,5062.1888671127335,9,13650.214478541448
CMP_102,CUST_1082,2026-01-09,LinkedIn,Beverages,Product Launch,Delhi,Premium,42,34634.19380489958,258459,7758,3442,174,359253.7297658163,4,10782.64300208057
CMP_112,CUST_0899,2026-04-17,YouTube,Snacks,Retargeting,Hyderabad,Premium,51,97447.48189435173,454173,9911,3931,130,131070.47402884408,11,25608.804024656227
CMP_047,CUST_1268,2026-06-21,Instagram,Beverages,Product Launch,Mumbai,Premium,28,27533.46335772387,67412,2682,1605,121,142208.24566693848,11,17163.680916587804
CMP_071,CUST_1415,2026-04-28,Google Ads,Home Care,Awareness,Pune,Regular,41,57383.425116060556,256994,13642,6014,481,520390.2705434637,5,4452.671152865927
CMP_074,CUST_0494,2026-09-01,YouTube,Snacks,Retargeting,Delhi,Regular,26,41721.55300153771,281467,4468,2471,104,68034.18875191311,9,13165.904442649604
CMP_129,CUST_1489,2026-08-10,YouTube,Beverages,Seasonal,Mumbai,Regular,19,85366.1397151862,256591,5587,1770,67,52971.648911112316,10,18714.747162741733
CMP_081,CUST_0341,2026-07-20,Instagram,Home Care,Product Launch,Pune,Premium,61,90203.43297384503,398172,14886,7361,424,576715.1947227361,5,6747.8129612909925
CMP_107,CUST_1032,2026-08-24,Instagram,Packaged Foods,Retargeting,Hyderabad,Premium,35,41560.915029424774,219210,6949,3680,202,197411.84259255126,1,1018.4940435346132
CMP_048,CUST_1416,2026-06-02,LinkedIn,Beverages,Conversion,Kolkata,Regular,53,81830.32779380112,209670,4907,1375,56,84460.00724476918,1,2970.6285643529395
CMP_004,CUST_0224,2026-01-29,LinkedIn,Beverages,Retargeting,Bangalore,Regular,43,6711.5815239123185,44454,1647,487,14,21961.109169180625,3,3417.968282244143
CMP_088,CUST_1193,2026-06-10,LinkedIn,Snacks,Product Launch,Delhi,Budget,33,36110.2567378892,135477,4154,1683,63,76713.51951686016,9,15653.74123832266
CMP_116,CUST_1339,2026-08-08,Meta Ads,Packaged Foods,Product Launch,Pune,Budget,30,30278.334907550216,122721,3131,1212,80,47391.2718518486,3,1935.3055775423336
CMP_121,CUST_0705,2026-03-26,Meta Ads,Snacks,Retargeting,Pune,Budget,54,42927.72111857202,170149,4452,2633,137,88938.3039927759,9,6432.466493730407
CMP_025,CUST_1155,2026-08-12,Google Ads,Snacks,Retargeting,Bangalore,Budget,38,18180.10156654387,99270,4662,1386,84,81043.07413023026,2,1999.6674426843122
CMP_135,CUST_0356,2026-01-11,Meta Ads,Snacks,Seasonal,Chennai,Budget,48,46318.91053452386,141046,3239,810,31,25104.869537087674,2,2643.248595998374
CMP_125,CUST_1284,2026-08-02,LinkedIn,Packaged Foods,Seasonal,Bangalore,Premium,33,25878.33214016014,74281,1959,1011,68,153648.09761438027,3,5465.99018822729
CMP_140,CUST_0072,2026-03-24,Google Ads,Personal Care,Seasonal,Bangalore,Regular,57,23338.4354103605,51907,2493,989,52,66233.50005401907,8,7694.136403599855
CMP_066,CUST_0527,2026-06-26,YouTube,Personal Care,Retargeting,Bangalore,Budget,59,16272.305247392045,96592,1771,995,26,16139.081604220475,6,6091.429360823057
CMP_050,CUST_0340,2026-01-20,Email,Snacks,Seasonal,Hyderabad,Premium,42,23338.680422908863,76377,5913,1945,179,336157.70428095956,8,12784.817947380105
CMP_072,CUST_0275,2026-07-16,Instagram,Packaged Foods,Seasonal,Hyderabad,Regular,49,11734.12305186698,52019,1849,741,41,36282.41735183093,5,5990.964852731458
CMP_067,CUST_1208,2026-09-19,Email,Personal Care,Seasonal,Hyderabad,Budget,64,40229.238036429,109881,9286,3260,264,226495.9611779868,11,11474.833223628399
CMP_137,CUST_0807,2026-08-15,YouTube,Snacks,Seasonal,Pune,Budget,19,48349.46277167232,185787,2958,1025,37,24033.72788111799,8,7660.307705471561
CMP_116,CUST_0738,2026-03-19,Instagram,Beverages,Retargeting,Hyderabad,Regular,46,45962.51868325721,184136,5137,1355,61,58976.20993717513,7,12641.415879804337
CMP_034,CUST_1171,2026-08-16,YouTube,Beverages,Awareness,Hyderabad,Regular,50,68100.70736649382,214669,4081,2014,45,39951.38977938116,1,1385.9851423370276
CMP_040,CUST_1405,2026-09-04,Google Ads,Snacks,Product Launch,Bangalore,Budget,36,11254.585505608737,83923,4681,1504,95,85405.54465236145,6,6793.470166112
CMP_078,CUST_0112,2026-01-23,YouTube,Home Care,Product Launch,Delhi,Premium,53,83776.90980017741,263448,5475,2112,107,120512.89897139116,7,11179.84999895203
CMP_070,CUST_1488,2026-03-25,Meta Ads,Home Care,Conversion,Delhi,Premium,62,96621.48965162516,546110,15831,8376,296,335486.4909586755,3,5532.938873137863
CMP_113,CUST_0701,2026-01-13,Google Ads,Packaged Foods,Awareness,Kolkata,Premium,50,40501.23112494119,136341,7035,3473,287,505996.837897041,2,2640.95981050766
CMP_021,CUST_1218,2026-06-30,Email,Beverages,Awareness,Hyderabad,Regular,24,69174.14538719875,317881,22218,5585,392,426129.8028652048,8,13481.118476077843
CMP_002,CUST_1239,2026-06-24,Meta Ads,Home Care,Awareness,Pune,Regular,47,70139.44611578694,167535,4302,1937,145,119460.7765229091,1,1710.8336018815482
CMP_048,CUST_0466,2026-03-24,Instagram,Packaged Foods,Awareness,Delhi,Premium,34,65072.39886962628,177758,7044,2224,83,105857.2961638613,11,15209.0484171818
CMP_031,CUST_0857,2026-08-17,Email,Packaged Foods,Conversion,Hyderabad,Premium,25,51690.43226975241,279877,23599,8513,581,1004401.9808056072,9,25328.011056864496
CMP_094,CUST_0452,2026-09-20,YouTube,Packaged Foods,Retargeting,Delhi,Premium,24,83530.52903824553,398776,8532,3084,104,103798.14622495533,8,17464.39182529054
CMP_092,CUST_1188,2026-05-24,Instagram,Snacks,Seasonal,Mumbai,Premium,34,25627.533154151024,81500,3117,1168,57,60247.16030045037,9,8403.377864719656
CMP_138,CUST_1052,2026-01-07,Meta Ads,Packaged Foods,Conversion,Delhi,Budget,56,90790.00319900906,215676,7208,2092,124,83654.42834312115,9,11277.828229700292
CMP_075,CUST_0768,2026-05-07,Instagram,Beverages,Conversion,Hyderabad,Budget,52,77698.11567177204,215122,7948,3460,154,103232.64802684434,11,13838.444125967884
CMP_140,CUST_1128,2026-03-03,Email,Beverages,Product Launch,Mumbai,Budget,29,92153.6579788111,410599,31430,9292,979,918915.3490832405,3,3114.761045218981
CMP_051,CUST_1280,2026-08-29,LinkedIn,Personal Care,Retargeting,Kolkata,Budget,28,13778.136090416974,47883,971,302,14,14486.739289106345,7,17377.806534089515
CMP_126,CUST_0957,2026-08-07,Email,Packaged Foods,Product Launch,Mumbai,Budget,55,21536.401448020166,51954,3932,2095,224,186204.69993990322,10,16626.35611298073
CMP_121,CUST_0948,2026-05-12,Instagram,Packaged Foods,Retargeting,Bangalore,Budget,29,50797.71003206596,186102,7124,3286,185,141380.06697915506,9,13146.022117456898
CMP_063,CUST_1183,2026-05-28,Instagram,Home Care,Seasonal,Chennai,Regular,56,20552.052723149805,138411,4195,1964,112,108080.61798622714,8,15485.63315592284
CMP_045,CUST_0684,2026-03-17,Instagram,Beverages,Retargeting,Hyderabad,Regular,41,19681.242812769193,66455,2033,1047,80,65953.1189857532,1,1846.920069435407
CMP_149,CUST_1361,2026-05-30,Google Ads,Personal Care,Retargeting,Pune,Premium,34,20050.579193587044,45264,1847,1106,88,134636.95511001916,6,8893.332678822097
CMP_128,CUST_0910,2026-07-02,Email,Beverages,Conversion,Delhi,Budget,35,24203.547593121606,63356,4835,1530,165,168508.7080507343,1,1822.5366508969562
CMP_150,CUST_0664,2026-02-07,Instagram,Packaged Foods,Awareness,Delhi,Premium,19,73801.68254414943,298469,8133,4580,245,312966.88260810706,6,8893.780539198153
CMP_105,CUST_0169,2026-03-09,Google Ads,Snacks,Awareness,Chennai,Budget,33,66891.86456901525,183615,8966,5051,449,406886.72216879117,2,2211.886012802679
CMP_060,CUST_0701,2026-09-24,YouTube,Snacks,Seasonal,Kolkata,Premium,46,44898.65085331527,263352,6787,3595,132,133000.5543381263,11,14324.308015018256
CMP_023,CUST_0847,2026-03-20,LinkedIn,Beverages,Seasonal,Kolkata,Budget,30,54864.576861739304,290390,7265,3086,120,148873.63136274618,8,19654.425527817315
CMP_066,CUST_0126,2026-05-19,Instagram,Snacks,Product Launch,Delhi,Premium,60,83920.9226984528,294693,11214,5111,346,348335.6797957621,10,22753.87476342718
CMP_063,CUST_0475,2026-03-13,Meta Ads,Packaged Foods,Seasonal,Pune,Premium,22,68494.517992117,307975,8678,2396,132,179786.7885113532,4,12143.578046741453
CMP_082,CUST_0970,2026-09-04,Google Ads,Snacks,Product Launch,Bangalore,Regular,59,26709.889032140716,94405,3384,1071,96,98946.69285133872,8,20280.510708006077
CMP_060,CUST_0379,2026-01-02,Instagram,Home Care,Seasonal,Mumbai,Premium,28,42652.62735394849,156188,5858,3020,107,106824.36547879952,7,14395.214461567932
CMP_135,CUST_0532,2026-08-08,Meta Ads,Personal Care,Conversion,Chennai,Premium,45,39867.96168405066,98799,3105,932,22,27679.785655338175,5,8700.595911138675
CMP_123,CUST_0027,2026-02-28,Instagram,Snacks,Conversion,Delhi,Premium,36,55223.97709770781,187231,6810,2981,170,225786.06630149166,7,14666.933747662319
CMP_007,CUST_0362,2026-06-21,Email,Packaged Foods,Conversion,Pune,Budget,39,78937.0147869535,370307,31073,14456,1202,1319770.282467371,6,13085.852536695375
CMP_083,CUST_0716,2026-08-12,YouTube,Packaged Foods,Product Launch,Mumbai,Regular,62,27612.449050678504,69662,1319,471,23,19966.516029810427,4,3905.5659044796485
CMP_024,CUST_1120,2026-09-20,Google Ads,Snacks,Conversion,Chennai,Budget,58,54946.05183904977,278830,11705,6341,578,460952.410056541,5,3792.891893384805
CMP_146,CUST_0090,2026-01-06,Instagram,Packaged Foods,Seasonal,Kolkata,Budget,30,54614.73843025652,128204,3338,1376,87,63112.23306001056,10,9846.989472696954
CMP_120,CUST_0547,2026-07-26,YouTube,Home Care,Retargeting,Bangalore,Premium,37,49913.78133645074,235645,5610,2897,96,111928.18314949385,5,11054.765492134367
CMP_127,CUST_0507,2026-09-28,Meta Ads,Packaged Foods,Awareness,Kolkata,Regular,57,86185.64803690069,587165,16336,7828,475,470696.7764946551,10,14041.580292774359
CMP_092,CUST_0828,2026-04-25,Google Ads,Packaged Foods,Product Launch,Delhi,Regular,55,38892.825248408335,94089,3705,1403,110,124153.91832803925,3,3711.340520032969
CMP_049,CUST_0677,2026-02-28,Instagram,Packaged Foods,Awareness,Chennai,Regular,26,66860.99696707298,179443,7366,2740,125,110808.93361730146,2,4006.8288739343357
CMP_001,CUST_0110,2026-08-22,YouTube,Beverages,Conversion,Mumbai,Budget,23,83778.9866944435,575535,9084,3110,136,81129.898382378,4,5561.562815894086
CMP_148,CUST_0628,2026-02-12,Instagram,Home Care,Conversion,Mumbai,Budget,35,77250.72886092104,180147,6174,2353,113,81150.91849463213,7,7793.944169275601
CMP_044,CUST_0300,2026-08-28,YouTube,Beverages,Conversion,Pune,Regular,37,39308.06412504383,120766,2440,1100,45,31903.47456584477,8,5173.419101590449
CMP_005,CUST_0810,2026-01-17,YouTube,Packaged Foods,Retargeting,Kolkata,Premium,45,95506.3232211761,252268,5245,1518,40,39104.559976390345,4,6691.745731724607
CMP_082,CUST_0189,2026-04-18,Instagram,Personal Care,Seasonal,Delhi,Regular,30,57051.87214928168,133990,5550,1469,118,117314.43854613446,10,11614.451886086472
CMP_004,CUST_1260,2026-06-22,Instagram,Beverages,Conversion,Hyderabad,Regular,41,20753.84772375191,150893,4796,1672,67,66783.18808485892,2,4159.697448659701
CMP_014,CUST_1258,2026-04-22,Meta Ads,Personal Care,Awareness,Delhi,Premium,43,67422.03857557516,309960,10730,6075,336,352619.03160306433,5,6260.79319870431
CMP_077,CUST_1134,2026-05-19,Google Ads,Beverages,Product Launch,Chennai,Regular,45,62602.804021038115,336225,17308,4859,347,436283.7110878791,5,13068.657266693912
CMP_046,CUST_0491,2026-03-14,LinkedIn,Packaged Foods,Conversion,Pune,Premium,36,96284.18227637252,379621,9593,3370,146,240779.56343246863,1,2881.7650894422636
CMP_037,CUST_1289,2026-01-13,Meta Ads,Snacks,Conversion,Kolkata,Regular,64,99470.8670240257,296754,6956,2500,197,198494.93359694743,9,17022.150032353496
CMP_142,CUST_0256,2026-06-27,LinkedIn,Personal Care,Awareness,Chennai,Regular,18,72445.73499683381,404849,9747,4001,168,243434.9959639996,1,1123.3835794337565
CMP_107,CUST_1121,2026-01-07,Meta Ads,Snacks,Retargeting,Bangalore,Budget,58,9262.408990946982,30324,1102,431,24,14344.984189166798,7,4902.222106389365
CMP_108,CUST_0253,2026-07-06,Meta Ads,Packaged Foods,Conversion,Bangalore,Budget,48,32801.74663116265,104390,3218,867,34,23074.240560871807,4,6657.699557189926
CMP_118,CUST_0864,2026-01-10,LinkedIn,Home Care,Retargeting,Delhi,Premium,46,77540.59520046676,541449,16980,5389,233,497500.76998734014,7,19678.825130309084
CMP_137,CUST_0834,2026-08-04,Email,Packaged Foods,Awareness,Mumbai,Premium,34,6569.659329720025,39051,3340,1260,165,298221.1354503291,1,2995.8923663399078
CMP_063,CUST_1083,2026-01-10,YouTube,Home Care,Conversion,Chennai,Budget,62,62373.18701660444,178764,3385,1949,81,53776.98500986936,5,5523.224864618688
CMP_141,CUST_1212,2026-05-20,Instagram,Beverages,Retargeting,Delhi,Budget,49,33781.928668603985,111351,3793,1964,83,51086.94103549465,3,3226.360617656338
CMP_035,CUST_0966,2026-02-06,LinkedIn,Home Care,Seasonal,Mumbai,Regular,57,18167.14231932917,64731,1452,736,30,38877.92438596642,9,30785.721639840245
CMP_058,CUST_1136,2026-05-03,Email,Beverages,Awareness,Chennai,Premium,42,66453.55661532411,376521,35803,9763,1439,2272198.682032449,8,19996.874104859042
CMP_101,CUST_0364,2026-04-27,YouTube,Packaged Foods,Conversion,Pune,Budget,42,85518.15170822229,260262,4813,2438,63,41530.86503138442,3,1794.302257134638
CMP_062,CUST_0174,2026-09-10,Google Ads,Personal Care,Conversion,Kolkata,Regular,24,46375.58194698839,105693,6051,2142,106,111833.36583445186,3,4911.588371999
CMP_106,CUST_0295,2026-05-13,YouTube,Snacks,Seasonal,Hyderabad,Regular,27,8635.093773983624,21169,372,221,9,7984.3921023405865,4,7180.645887483705
CMP_077,CUST_0543,2026-02-08,LinkedIn,Packaged Foods,Product Launch,Chennai,Premium,26,35518.95674501856,284140,8093,3876,214,345347.9446539354,1,4135.136331728077
CMP_101,CUST_0936,2026-01-18,Google Ads,Personal Care,Seasonal,Mumbai,Premium,50,20402.534801141166,65740,2163,606,63,110019.08037273792,11,26296.403826940095
CMP_144,CUST_1096,2026-06-26,Instagram,Home Care,Conversion,Chennai,Regular,62,5809.532650549973,36248,952,539,24,21235.525232692784,9,12649.349888930388
CMP_133,CUST_1136,2026-09-29,YouTube,Personal Care,Conversion,Pune,Regular,41,69571.64443526231,246941,5324,2028,90,76597.61874818652,1,1757.529830509267
CMP_006,CUST_0977,2026-03-09,Google Ads,Snacks,Awareness,Chennai,Budget,27,5152.263047258141,21195,1056,539,33,29576.969859851604,4,7494.989568011235
CMP_048,CUST_0629,2026-06-28,Instagram,Home Care,Conversion,Hyderabad,Regular,51,16088.859839021918,121960,3235,1181,76,66980.37199840088,2,1946.397749154464
CMP_109,CUST_0425,2026-09-15,Email,Beverages,Product Launch,Chennai,Regular,24,55600.110682734296,286569,25224,6666,564,693204.3984299174,9,17239.012761019698
CMP_034,CUST_1294,2026-07-15,YouTube,Snacks,Product Launch,Delhi,Premium,51,13509.752042970758,32902,868,388,9,9645.965924302742,3,4108.153736100404
CMP_112,CUST_1336,2026-03-21,Meta Ads,Packaged Foods,Seasonal,Bangalore,Premium,39,45864.321532506954,112542,3281,1925,78,92987.54636495508,4,4097.931127492076
CMP_091,CUST_0877,2026-01-16,Google Ads,Packaged Foods,Product Launch,Chennai,Regular,63,83895.31772522931,497394,28374,15639,1299,1270632.9697619416,3,8209.256278107481
CMP_080,CUST_1056,2026-09-21,Email,Packaged Foods,Conversion,Pune,Premium,37,36562.67667840387,138345,10873,3112,375,540573.490948687,2,4957.788985498456
CMP_099,CUST_0834,2026-08-05,Google Ads,Packaged Foods,Seasonal,Mumbai,Premium,22,6808.064091310149,44014,1682,464,30,40723.51046769593,1,3298.282782079478
CMP_033,CUST_0219,2026-02-25,Meta Ads,Beverages,Product Launch,Hyderabad,Regular,64,29615.260639853626,87883,2515,718,36,38546.36194994168,1,2137.4132342330577
CMP_099,CUST_0132,2026-02-11,Meta Ads,Snacks,Product Launch,Pune,Budget,45,68852.71860609073,266383,8511,3805,171,100788.074530557,9,12805.198814065261
CMP_042,CUST_0270,2026-04-28,Email,Packaged Foods,Conversion,Kolkata,Premium,47,77457.13870621195,591260,38958,20969,2234,3770111.5952981897,10,27302.82882164705
CMP_064,CUST_1043,2026-04-27,YouTube,Packaged Foods,Conversion,Kolkata,Premium,34,12101.99543856913,90166,1915,746,25,22152.907763905227,6,9832.743849791997
CMP_112,CUST_0102,2026-02-18,Email,Packaged Foods,Awareness,Kolkata,Regular,24,8536.155083492544,20570,1901,560,55,82064.44599837682,3,7955.39984544172
CMP_086,CUST_0753,2026-07-12,YouTube,Snacks,Awareness,Kolkata,Budget,58,97718.33062164926,409681,7074,3893,141,68962.52230318022,6,5900.81536229753
CMP_134,CUST_1236,2026-06-04,Meta Ads,Home Care,Product Launch,Hyderabad,Budget,43,26737.470219902152,129355,3439,2024,142,102521.34715968504,8,4706.7326252284965
CMP_017,CUST_0333,2026-07-17,YouTube,Snacks,Seasonal,Mumbai,Premium,32,91745.3347573572,240723,5156,1883,52,60784.84011977846,5,4649.352080294912
CMP_099,CUST_0209,2026-02-24,Meta Ads,Snacks,Seasonal,Chennai,Budget,59,79338.03541518914,570843,22857,11208,557,396406.6249060765,5,6507.686077279422
CMP_015,CUST_0622,2026-03-14,YouTube,Beverages,Conversion,Bangalore,Premium,34,25287.890442089796,203276,3716,1732,53,60610.07344074969,2,4365.271508107756
CMP_127,CUST_0811,2026-03-10,Instagram,Packaged Foods,Conversion,Bangalore,Premium,28,96664.94173039246,465059,13232,5532,223,289709.1512602138,6,15982.441377201794
CMP_145,CUST_0609,2026-02-03,Meta Ads,Packaged Foods,Conversion,Pune,Budget,37,53307.892123269114,198554,5861,2486,137,80018.14619596138,5,5151.3560630112515
CMP_001,CUST_0311,2026-09-28,Instagram,Packaged Foods,Retargeting,Delhi,Regular,58,75583.0177764509,458087,12398,5083,289,259198.2394957266,8,12082.33264658205
CMP_052,CUST_0514,2026-08-20,Email,Packaged Foods,Seasonal,Chennai,Regular,25,44156.43944691311,199461,16542,4505,475,538125.6293236649,3,9261.460634274177
CMP_022,CUST_1301,2026-07-14,Email,Personal Care,Seasonal,Mumbai,Budget,51,23080.516199821675,56614,5080,1424,173,186855.7138413538,3,2682.7982620696757
CMP_142,CUST_0216,2026-08-28,Google Ads,Beverages,Product Launch,Bangalore,Budget,64,40590.21761227232,94829,3442,1112,76,65812.25538187566,8,8117.752041290557
CMP_101,CUST_0521,2026-04-25,YouTube,Home Care,Awareness,Mumbai,Premium,21,10619.829076041533,28476,575,237,9,8518.334636189917,7,15586.135405972092
CMP_081,CUST_0890,2026-03-28,LinkedIn,Beverages,Awareness,Pune,Budget,58,36192.71274207725,186417,3740,2092,92,102217.4661566199,10,10048.562779570828
CMP_132,CUST_0764,2026-05-05,Instagram,Beverages,Conversion,Mumbai,Premium,25,51337.08244963419,156739,5550,1663,111,139596.07470297613,6,6567.8285500576585
CMP_101,CUST_0854,2026-05-02,Email,Home Care,Product Launch,Mumbai,Premium,47,5214.033348227754,25068,2201,1150,137,197547.97570926783,3,6721.0648037023575
CMP_147,CUST_1016,2026-05-29,Instagram,Beverages,Product Launch,Kolkata,Budget,63,52855.65106059922,135949,5115,1459,89,50703.655216169,5,6990.1120709981515
CMP_099,CUST_0533,2026-03-14,LinkedIn,Snacks,Retargeting,Delhi,Regular,38,52458.105964705006,120058,3079,1398,66,104924.23879588662,9,25262.630902526213
CMP_093,CUST_1286,2026-02-06,Email,Packaged Foods,Product Launch,Delhi,Premium,53,67600.33046551744,195148,12399,5844,670,1080718.5148375027,7,10238.428451815704
CMP_013,CUST_0725,2026-06-10,Meta Ads,Snacks,Conversion,Hyderabad,Regular,51,62198.67981463361,202959,5822,2029,94,72461.07219430582,2,3023.8524041188407
CMP_102,CUST_0518,2026-07-04,LinkedIn,Snacks,Product Launch,Mumbai,Regular,50,13347.444407443732,80405,1837,1013,30,42504.74301954933,8,21264.85469885545
CMP_126,CUST_0159,2026-08-15,YouTube,Snacks,Product Launch,Chennai,Budget,47,54417.04318035947,283923,5962,3228,113,54347.75384383297,7,7989.41520154833
CMP_020,CUST_0221,2026-06-06,LinkedIn,Home Care,Conversion,Mumbai,Budget,62,95384.32186394071,312140,7350,2462,102,98928.72450776804,7,8665.719078144346
CMP_061,CUST_0262,2026-04-21,Email,Beverages,Seasonal,Bangalore,Regular,60,23194.95912676447,57358,5336,2953,344,453609.9678684357,4,6641.431169730241
CMP_065,CUST_0837,2026-09-27,YouTube,Snacks,Awareness,Chennai,Premium,32,26973.660260021505,111802,1705,661,24,22282.339921526407,4,3462.3986704221747
CMP_089,CUST_1106,2026-01-01,Instagram,Personal Care,Awareness,Bangalore,Premium,29,73423.31307362329,217459,8087,2759,202,226764.26085016422,2,3180.393674864556
CMP_083,CUST_0334,2026-01-05,YouTube,Beverages,Retargeting,Kolkata,Regular,22,35240.89524034539,172152,2730,765,28,24425.458977650294,4,3653.3493337716936
CMP_099,CUST_1295,2026-02-13,Google Ads,Personal Care,Product Launch,Delhi,Regular,34,74278.96559330744,377353,19393,4977,372,376262.0048742147,1,1090.6231871694708
CMP_123,CUST_1318,2026-06-22,Meta Ads,Beverages,Product Launch,Mumbai,Regular,40,10643.282519623244,27018,758,348,15,12413.671501184477,8,16323.216469550218
CMP_138,CUST_1242,2026-08-27,Email,Beverages,Seasonal,Delhi,Budget,50,66098.88355843954,204243,17117,7335,850,880724.3041836276,2,3108.546003229853
CMP_035,CUST_0224,2026-06-05,Instagram,Packaged Foods,Awareness,Bangalore,Regular,42,82852.46038015673,205618,7429,2727,142,113766.68816981811,5,8963.86881850799
CMP_124,CUST_0623,2026-08-29,Meta Ads,Home Care,Product Launch,Hyderabad,Premium,54,76060.34665204256,427749,10973,3275,150,168522.9605403983,7,11143.9905755944
CMP_095,CUST_0807,2026-04-27,Meta Ads,Snacks,Retargeting,Mumbai,Budget,61,49687.653520177366,189721,4970,2860,142,100345.68790117002,11,6161.559177379795
CMP_076,CUST_0115,2026-09-25,YouTube,Snacks,Seasonal,Pune,Regular,55,63380.2676600854,416016,8544,4098,159,124117.81568347187,4,5124.836900664419
CMP_132,CUST_1242,2026-01-28,Meta Ads,Personal Care,Conversion,Mumbai,Premium,32,75815.87536176767,304680,9555,5298,153,177172.67450361128,3,5117.099749466209
CMP_089,CUST_0246,2026-02-27,Meta Ads,Packaged Foods,Retargeting,Pune,Budget,61,68212.18981778395,312823,11028,5037,305,219647.87688900103,9,4949.655188284703
CMP_032,CUST_0026,2026-09-12,Instagram,Snacks,Product Launch,Chennai,Regular,44,20109.20347442795,45951,1377,418,15,13499.026457259451,2,2735.9041167657306
CMP_007,CUST_1246,2026-04-14,YouTube,Packaged Foods,Awareness,Hyderabad,Regular,27,5942.7046804933525,13515,243,89,2,1677.4741686678901,2,3343.036971687471
CMP_114,CUST_0175,2026-09-28,YouTube,Packaged Foods,Awareness,Mumbai,Budget,30,72638.54136802552,172248,2986,855,22,12839.40023398887,8,5732.822009330943
CMP_024,CUST_1377,2026-02-08,LinkedIn,Packaged Foods,Awareness,Mumbai,Premium,56,65759.86818560923,415757,9173,5497,282,532538.5168371653,10,39767.39085071339
CMP_054,CUST_1320,2026-02-11,Instagram,Snacks,Awareness,Chennai,Premium,64,39504.27975378222,105160,3896,1392,74,95317.32602176214,9,23110.186482929897
CMP_093,CUST_1321,2026-01-25,Email,Home Care,Retargeting,Hyderabad,Premium,21,42997.734163278496,149855,13259,6598,721,1455491.9329887873,1,4131.512277704136
CMP_009,CUST_0712,2026-03-20,Instagram,Packaged Foods,Seasonal,Pune,Regular,58,46897.529233978894,112274,3768,971,61,62072.22119175778,3,3561.9097160428914
CMP_143,CUST_0657,2026-05-29,LinkedIn,Snacks,Awareness,Mumbai,Premium,18,39662.422885439075,91126,2475,926,23,51831.66778437644,4,8569.974258007156
CMP_126,CUST_0513,2026-04-27,YouTube,Snacks,Product Launch,Chennai,Premium,54,47648.48731618357,384268,8095,3505,129,127235.68561279941,10,25253.187586977358
CMP_148,CUST_1281,2026-04-04,Instagram,Beverages,Retargeting,Hyderabad,Premium,38,56204.24086373628,159071,7058,2064,80,107067.45314478515,6,13305.508558319973
CMP_063,CUST_1181,2026-07-07,LinkedIn,Home Care,Awareness,Bangalore,Budget,61,77319.01149635714,334510,9711,5448,242,247147.14224625033,4,6011.805743243998
CMP_092,CUST_1090,2026-03-21,Meta Ads,Home Care,Seasonal,Hyderabad,Budget,34,99872.12226784337,231359,6372,2253,120,87591.72480207203,4,3288.694965365394
CMP_126,CUST_0723,2026-01-07,Google Ads,Personal Care,Conversion,Delhi,Budget,62,97624.09420052622,279944,9391,3953,206,172116.98223986026,11,19214.156795317598
CMP_064,CUST_1028,2026-04-04,Email,Home Care,Product Launch,Pune,Regular,41,15550.427606501651,72139,5571,2643,347,372012.3570890717,2,4191.477936453326
CMP_001,CUST_0268,2026-02-06,Email,Snacks,Seasonal,Hyderabad,Premium,34,77027.39547566586,196685,18547,8776,760,1535548.0291036407,6,21461.680857231742
CMP_104,CUST_1260,2026-04-03,Instagram,Packaged Foods,Retargeting,Bangalore,Premium,32,95786.19715964064,367536,12975,3397,129,144355.3857884853,5,5913.721178548556
CMP_105,CUST_0861,2026-03-10,YouTube,Snacks,Product Launch,Pune,Budget,38,48833.53521465909,245685,5371,1738,61,35792.8087776191,7,4847.12442223773
CMP_011,CUST_1153,2026-08-08,Email,Personal Care,Retargeting,Pune,Premium,51,16970.60673019901,42646,4021,2350,236,446908.3191470385,7,19151.273805610832
CMP_128,CUST_1195,2026-05-23,Google Ads,Packaged Foods,Retargeting,Mumbai,Budget,64,77866.11093175004,411389,16052,8208,621,581878.799768992,4,3087.43700405497
CMP_070,CUST_0305,2026-06-07,LinkedIn,Snacks,Awareness,Mumbai,Premium,56,60321.50411223085,341822,8874,4390,232,469458.28868667554,3,13110.941414295527
CMP_121,CUST_0216,2026-04-07,LinkedIn,Packaged Foods,Awareness,Mumbai,Regular,57,71637.66810853887,451606,10932,3106,117,154485.2889778394,3,4724.49996798744
CMP_060,CUST_1067,2026-07-12,LinkedIn,Packaged Foods,Awareness,Bangalore,Premium,59,51753.0400473361,235579,6428,3604,155,267598.4341163882,5,20072.60515923204
CMP_148,CUST_1019,2026-03-07,LinkedIn,Personal Care,Seasonal,Delhi,Premium,37,94573.32897958157,351106,9525,3909,187,304327.8314634166,9,33559.16589721224
CMP_113,CUST_1432,2026-06-24,Meta Ads,Snacks,Awareness,Pune,Budget,50,32023.8100723027,86237,3256,1290,80,52986.38766606503,9,13527.211319644883
CMP_049,CUST_1094,2026-09-28,YouTube,Snacks,Seasonal,Bangalore,Premium,57,41496.77274441965,132539,2979,1489,68,61986.304916935194,8,15548.855644965251
CMP_094,CUST_1404,2026-01-22,Google Ads,Beverages,Conversion,Hyderabad,Premium,45,24961.18019207407,116777,5147,2344,212,292199.45715930057,5,15006.00997661984
CMP_126,CUST_0329,2026-09-15,Instagram,Home Care,Seasonal,Hyderabad,Budget,53,5329.50362813206,13082,398,161,8,4938.1374780993265,3,3244.340961514516
CMP_141,CUST_0961,2026-08-13,LinkedIn,Packaged Foods,Awareness,Kolkata,Budget,37,49998.151910457884,117886,2912,1149,41,49512.69376846863,4,3601.6488077476406
CMP_030,CUST_0491,2026-01-24,Email,Personal Care,Retargeting,Pune,Regular,19,67047.89841424963,379717,33242,13457,1385,1963823.2417954954,8,8257.940730921191
CMP_142,CUST_0649,2026-06-13,Google Ads,Beverages,Seasonal,Pune,Premium,19,22778.03481679304,86286,2896,857,63,107889.33468248506,10,15011.478138171526
CMP_139,CUST_1191,2026-01-19,Meta Ads,Personal Care,Seasonal,Delhi,Budget,62,61038.83283711793,173257,5280,1830,70,44901.43678680004,7,4292.70394913696
CMP_076,CUST_0822,2026-01-29,LinkedIn,Snacks,Awareness,Hyderabad,Premium,27,34226.49583878993,161328,4556,2044,93,149652.09209313485,1,3106.2454071913307
CMP_128,CUST_0180,2026-01-26,Meta Ads,Packaged Foods,Conversion,Delhi,Premium,58,50466.56096661605,217221,7063,2682,163,232269.76474869007,8,11582.59527043166
CMP_131,CUST_0439,2026-09-29,Meta Ads,Snacks,Awareness,Mumbai,Premium,36,43960.81890448994,165278,5177,1331,90,95106.61655105228,7,20597.704710096812
CMP_052,CUST_0243,2026-05-31,LinkedIn,Home Care,Product Launch,Kolkata,Premium,64,88586.39304005216,205265,5785,1556,60,101049.7672352113,8,21370.013308333688
CMP_001,CUST_1488,2026-08-29,LinkedIn,Home Care,Seasonal,Pune,Premium,49,57598.93895956303,249558,6477,2716,138,250749.70645979472,9,30381.723815866593
CMP_069,CUST_0063,2026-02-13,Email,Home Care,Product Launch,Delhi,Premium,60,60801.6881220867,351032,36641,19588,2490,4953986.043555552,8,27228.191066323165
CMP_129,CUST_0708,2026-09-25,YouTube,Home Care,Awareness,Mumbai,Regular,53,43801.48430474537,143731,3278,1373,32,21363.170931592467,3,3705.4941900040953
CMP_140,CUST_0067,2026-01-18,Google Ads,Personal Care,Conversion,Bangalore,Budget,43,21945.498030317754,49913,1787,677,36,27725.499013743793,1,2027.068568528654
CMP_021,CUST_0103,2026-04-17,Google Ads,Home Care,Awareness,Kolkata,Premium,18,27350.59659543715,76323,4430,1425,88,120010.04371317025,4,10457.890918360492
CMP_115,CUST_0409,2026-07-26,Email,Personal Care,Product Launch,Pune,Premium,57,45304.87704471462,107695,6339,2450,270,393833.46739008656,5,13346.818599294338
CMP_057,CUST_1219,2026-01-22,Instagram,Packaged Foods,Awareness,Pune,Regular,31,20061.97324118817,50481,1700,793,41,35120.2134195526,10,15258.026330311395
CMP_087,CUST_0438,2026-09-29,Meta Ads,Home Care,Retargeting,Mumbai,Regular,35,12082.42906267205,43251,916,527,25,21396.48037387619,11,21649.09921690324
CMP_083,CUST_0047,2026-08-12,YouTube,Personal Care,Seasonal,Mumbai,Premium,64,6361.589332210711,14556,237,109,5,4534.994451894008,5,8250.38754563032
CMP_065,CUST_0138,2026-03-11,YouTube,Personal Care,Retargeting,Bangalore,Premium,19,24325.612704643063,113434,1928,633,24,26416.50404090563,9,7514.4477732685855
CMP_135,CUST_0172,2026-01-18,Google Ads,Home Care,Conversion,Delhi,Regular,25,47433.433823834464,139620,5791,1665,155,170557.86964170908,5,9768.041576787104
CMP_119,CUST_0534,2026-04-09,Email,Beverages,Seasonal,Delhi,Regular,37,50228.99125155478,223354,14121,5133,393,452293.0230355415,1,2866.782426483434
CMP_105,CUST_1204,2026-01-06,Meta Ads,Beverages,Product Launch,Kolkata,Budget,21,21662.081822493194,61935,1686,648,29,21923.604048748322,10,8555.155791804465
CMP_115,CUST_1500,2026-05-13,Google Ads,Packaged Foods,Awareness,Pune,Budget,26,7084.4394217685785,18958,842,401,32,28702.286180126433,5,6599.004776038839
CMP_028,CUST_0412,2026-09-03,Email,Snacks,Retargeting,Mumbai,Regular,31,37302.29285311808,88264,7851,2660,351,433394.1277186049,10,26223.539376340745
CMP_009,CUST_0908,2026-03-31,Google Ads,Personal Care,Seasonal,Kolkata,Budget,19,47591.95243852716,197971,10308,3831,282,260640.7533376699,3,2432.3033930748597
CMP_113,CUST_0916,2026-01-05,Email,Beverages,Retargeting,Kolkata,Regular,21,58397.78063642692,184901,14182,6188,900,1182095.5845523563,9,28012.724420226903
CMP_141,CUST_1001,2026-09-01,LinkedIn,Personal Care,Awareness,Pune,Premium,43,47479.910893317065,141057,2676,1073,42,90090.01993519829,3,4733.391886778086
CMP_128,CUST_0358,2026-06-23,Email,Packaged Foods,Product Launch,Chennai,Premium,40,6128.314120445628,38677,4202,1476,158,291471.51630101417,5,10749.326329288557
CMP_079,CUST_0579,2026-05-08,Email,Personal Care,Conversion,Kolkata,Budget,28,68206.16499513597,345461,24478,9893,1332,1358341.6461273292,6,5506.041258495719
CMP_050,CUST_1187,2026-04-21,Email,Snacks,Product Launch,Pune,Regular,64,77026.67462648137,222432,15935,6548,596,653194.708376015,4,7253.138363632017
CMP_034,CUST_1164,2026-08-10,Email,Beverages,Conversion,Delhi,Premium,33,5048.448956514639,17611,1509,458,46,72513.92500718076,3,9145.06925948135
CMP_139,CUST_0618,2026-04-09,Email,Home Care,Product Launch,Mumbai,Premium,22,66797.49852882433,234725,20941,7378,651,1072622.0533935449,10,41695.20276065498
CMP_054,CUST_1224,2026-05-11,LinkedIn,Beverages,Conversion,Delhi,Budget,20,26950.18885682325,60502,1424,455,13,12782.962369647343,3,6177.131906679999
CMP_091,CUST_1216,2026-03-08,YouTube,Snacks,Conversion,Chennai,Budget,53,75055.05946908987,264325,5364,2778,84,46015.554450546464,9,5386.808531232156
CMP_024,CUST_0424,2026-08-26,Email,Home Care,Awareness,Pune,Budget,64,70012.41996834768,234541,19185,7546,652,607431.6737488369,9,8775.136466315334
CMP_143,CUST_0443,2026-02-17,Google Ads,Beverages,Retargeting,Kolkata,Regular,56,57938.61240376181,240447,9812,3215,204,262425.5492129827,8,8235.295038240327
CMP_100,CUST_0983,2026-01-22,Meta Ads,Packaged Foods,Product Launch,Chennai,Premium,60,98094.32418365641,582935,15721,7170,448,563529.8078670168,11,28631.295976946472
CMP_040,CUST_1384,2026-06-22,YouTube,Home Care,Seasonal,Delhi,Premium,45,80581.74198548502,179404,2621,718,19,17402.569714602923,6,8258.93942667133
CMP_032,CUST_1255,2026-07-10,Instagram,Packaged Foods,Seasonal,Pune,Budget,26,66148.01989011548,242643,8321,3616,174,110334.56714327872,10,12493.83702649807
CMP_037,CUST_1051,2026-06-01,Instagram,Snacks,Retargeting,Kolkata,Regular,21,52402.278902691294,139358,5710,3289,140,139374.6149556423,6,7615.966788873205
CMP_065,CUST_1107,2026-01-17,LinkedIn,Snacks,Product Launch,Chennai,Premium,49,71161.37597215088,175268,3913,1896,70,116893.82692817684,11,44105.59085019463
CMP_103,CUST_0936,2026-04-14,Google Ads,Packaged Foods,Seasonal,Mumbai,Budget,54,32612.901528085036,147760,6408,1968,181,151226.54311560115,8,10565.377100300479
CMP_028,CUST_0842,2026-05-13,LinkedIn,Home Care,Awareness,Bangalore,Budget,42,80001.47179824582,367840,11611,6934,157,170736.45572731103,4,7886.3198917931895
CMP_068,CUST_0842,2026-05-17,Email,Home Care,Awareness,Pune,Budget,58,97324.99869029505,239380,22427,12573,1471,1266224.6057867056,6,7754.164837405699
CMP_074,CUST_1301,2026-03-02,YouTube,Snacks,Conversion,Kolkata,Premium,53,27268.1381037549,162159,2847,880,48,43149.324849492776,7,13309.470989545114
CMP_044,CUST_1004,2026-05-08,LinkedIn,Personal Care,Retargeting,Kolkata,Premium,31,44484.58766107135,190383,6549,3779,163,355607.0466934682,6,20879.782284342837
CMP_053,CUST_0584,2026-06-11,Instagram,Home Care,Conversion,Delhi,Budget,54,27908.016682450376,67638,2525,1497,74,49129.12133453436,3,4762.502107450898
CMP_057,CUST_0582,2026-02-13,Meta Ads,Beverages,Awareness,Pune,Premium,55,90543.42191105832,238352,6981,2569,126,166807.7732288487,9,26884.63596866546
CMP_060,CUST_0119,2026-04-09,LinkedIn,Home Care,Product Launch,Chennai,Regular,27,11472.75505876595,52223,1174,363,10,15149.750203762434,10,12781.310837266028
CMP_060,CUST_0867,2026-02-16,Email,Home Care,Retargeting,Pune,Regular,51,72371.459050161,358151,26253,15684,1959,2421996.387416023,9,13325.372165054294
CMP_026,CUST_0125,2026-06-24,Meta Ads,Beverages,Seasonal,Bangalore,Regular,64,28250.67435688886,140093,4564,1540,69,69554.81656011524,11,21171.646219748007
CMP_108,CUST_0994,2026-05-29,LinkedIn,Snacks,Seasonal,Kolkata,Premium,64,56173.88749825417,141001,3598,1802,85,152084.07127349143,8,31715.294754163027
CMP_051,CUST_1002,2026-06-27,YouTube,Snacks,Seasonal,Pune,Regular,27,11842.05393474836,46478,841,311,17,10974.211776469914,4,2826.3716332245117
CMP_041,CUST_1331,2026-06-27,LinkedIn,Home Care,Conversion,Mumbai,Regular,52,44844.60824520478,156592,3854,2152,102,158590.461691653,9,21361.05347530653
CMP_130,CUST_0079,2026-02-26,Google Ads,Packaged Foods,Awareness,Bangalore,Premium,26,46196.36284954284,247691,13297,3906,348,507968.446268151,9,32104.96805008034
CMP_099,CUST_0182,2026-06-18,Google Ads,Home Care,Product Launch,Delhi,Regular,61,12142.155576332461,33039,1567,440,40,50365.854911894276,6,14574.626900772962
CMP_054,CUST_0222,2026-03-13,Email,Home Care,Retargeting,Delhi,Premium,37,60627.93279538751,174585,13189,7477,696,1048798.7608868298,3,8763.52025381957
CMP_143,CUST_0493,2026-01-30,Meta Ads,Home Care,Seasonal,Delhi,Premium,24,10872.490915223127,26473,843,326,14,19012.269808586443,6,14825.048160938439
CMP_139,CUST_1244,2026-05-13,Email,Packaged Foods,Awareness,Pune,Budget,33,13932.92107275154,65384,4253,2027,277,292153.56682294665,9,19678.275259690163
CMP_091,CUST_0101,2026-09-28,YouTube,Packaged Foods,Product Launch,Bangalore,Premium,40,68631.47891764036,336514,6089,2365,99,92809.09696360042,5,4703.9773353760065
CMP_131,CUST_0997,2026-03-31,YouTube,Beverages,Product Launch,Kolkata,Regular,29,28762.73991201902,236588,4478,2283,33,23324.040231189996,3,2766.478860737732
CMP_007,CUST_0732,2026-01-28,LinkedIn,Home Care,Seasonal,Hyderabad,Budget,30,84870.88469524744,338923,8123,3148,153,185400.55848557327,9,8344.501078761592
CMP_061,CUST_1017,2026-02-11,LinkedIn,Home Care,Conversion,Pune,Premium,19,85889.74631925335,298819,5100,1591,87,185845.69407443193,6,27131.016075147392
CMP_072,CUST_0651,2026-01-29,Email,Snacks,Retargeting,Chennai,Premium,23,78955.2987660425,200245,18720,6673,584,893546.9610712696,5,7862.629013541243
CMP_146,CUST_1098,2026-02-22,Google Ads,Beverages,Retargeting,Mumbai,Budget,36,15163.271725045332,40839,1258,364,21,16941.620034289557,3,3197.2479142153043
CMP_120,CUST_0046,2026-08-31,Instagram,Personal Care,Awareness,Delhi,Premium,34,12682.897365512526,35158,1165,340,13,16847.251346701338,5,8707.26813707821
CMP_083,CUST_1045,2026-07-27,YouTube,Snacks,Conversion,Hyderabad,Budget,30,93860.10244344926,357250,7316,2306,55,35001.348896264535,4,3552.865470167792
CMP_033,CUST_1468,2026-02-06,Instagram,Personal Care,Awareness,Hyderabad,Regular,57,96884.32830500838,286358,11369,4125,249,246770.123616049,7,5505.92223040284
CMP_045,CUST_0027,2026-04-26,Meta Ads,Home Care,Retargeting,Kolkata,Regular,21,19163.77997317978,68476,2029,835,36,33701.08920726586,1,935.7198994999455
CMP_111,CUST_1400,2026-01-03,Meta Ads,Beverages,Awareness,Hyderabad,Premium,54,21235.15308015415,69613,2640,1345,78,106763.6448048033,8,8106.359147052883
CMP_048,CUST_1336,2026-01-24,YouTube,Personal Care,Conversion,Chennai,Regular,18,13881.836107170926,65388,1150,685,32,25835.322539212015,3,4542.520632167929
CMP_001,CUST_0200,2026-04-08,Google Ads,Home Care,Product Launch,Chennai,Budget,18,6359.1920794290945,15376,1006,350,23,17250.249201739414,3,5444.2415923993485
CMP_032,CUST_1090,2026-06-02,Instagram,Packaged Foods,Awareness,Mumbai,Regular,29,95791.45809729284,374036,13437,5766,345,341695.56734817685,9,16346.054466813903
CMP_123,CUST_0381,2026-01-03,Google Ads,Packaged Foods,Product Launch,Kolkata,Premium,23,14063.326249490068,33944,1593,530,50,79016.35269099176,3,11089.257879871811
CMP_091,CUST_0294,2026-08-15,Meta Ads,Personal Care,Awareness,Delhi,Premium,27,13185.835873134427,32961,1108,632,29,35962.96522969419,3,8917.756491252358
CMP_094,CUST_0388,2026-04-14,Meta Ads,Snacks,Conversion,Delhi,Budget,53,86946.84518862258,508350,8305,4688,154,110865.2249757445,11,11707.439254562363
CMP_080,CUST_0888,2026-06-09,Meta Ads,Snacks,Seasonal,Mumbai,Regular,24,59655.83498059105,169584,7260,2871,137,138924.5228310767,7,14597.35889729424
CMP_114,CUST_0318,2026-01-10,Google Ads,Personal Care,Conversion,Kolkata,Premium,46,44620.59367148964,195788,10427,4341,330,575340.28077502,9,19648.19586632448
CMP_087,CUST_0882,2026-07-27,Instagram,Personal Care,Conversion,Kolkata,Budget,47,14638.36485368328,70863,1848,742,36,24747.074717489908,8,7418.216006288595
CMP_024,CUST_0937,2026-02-17,Email,Snacks,Product Launch,Hyderabad,Budget,37,17586.885699613704,59429,4469,1227,155,147061.05401287187,7,8822.338464518145
CMP_140,CUST_0147,2026-07-02,Email,Snacks,Seasonal,Chennai,Premium,46,33871.27295627305,88355,7349,4162,485,905320.4304483136,4,6314.998912932042
CMP_146,CUST_0704,2026-08-17,Google Ads,Personal Care,Product Launch,Kolkata,Budget,22,50293.19945761047,132804,6103,3183,248,243679.89085746233,2,2698.140588286286
CMP_001,CUST_1477,2026-03-10,LinkedIn,Personal Care,Conversion,Mumbai,Premium,59,43076.1169318922,187779,5757,2590,71,139311.926660684,9,39852.16011382097
CMP_050,CUST_0564,2026-08-21,LinkedIn,Snacks,Awareness,Pune,Premium,64,93626.25838908838,653053,19144,8316,270,468530.0511747254,8,23340.426274446472
CMP_060,CUST_0868,2026-03-14,YouTube,Personal Care,Retargeting,Kolkata,Budget,47,11496.206600205984,36222,850,275,9,4660.301487181562,7,3886.8651306006486
CMP_118,CUST_0227,2026-02-06,YouTube,Home Care,Retargeting,Hyderabad,Regular,57,30299.66998180759,97907,1947,1125,58,43092.70047285888,1,1260.5085026245245
CMP_096,CUST_0754,2026-01-13,LinkedIn,Snacks,Seasonal,Mumbai,Premium,37,58963.0959335987,179303,4482,1985,99,178907.77570501599,6,19594.24897468548
CMP_008,CUST_0926,2026-03-27,Google Ads,Home Care,Conversion,Mumbai,Regular,36,87588.18766224277,521772,25696,12045,936,882342.7557432621,3,4442.5794839076625
CMP_094,CUST_0081,2026-04-13,LinkedIn,Home Care,Awareness,Bangalore,Premium,38,83334.70768129724,224889,5092,1895,101,204510.46994961522,7,31568.781199618472
CMP_106,CUST_1398,2026-07-22,Instagram,Personal Care,Seasonal,Chennai,Budget,35,94871.4825004944,309991,11190,5105,265,181391.73550915238,7,5741.360000156322
CMP_113,CUST_0617,2026-01-25,Email,Personal Care,Retargeting,Bangalore,Budget,28,40852.15549025067,107114,5451,1418,191,153108.23875136202,5,5890.216440762167
CMP_080,CUST_1262,2026-05-12,Meta Ads,Beverages,Conversion,Hyderabad,Premium,62,87922.7904216776,656115,14725,4830,329,406246.2176462709,10,24560.084906196735
CMP_127,CUST_0800,2026-04-16,YouTube,Packaged Foods,Product Launch,Kolkata,Premium,20,75060.26483040393,181185,3850,1368,60,71344.6171489964,5,4787.753297044512
CMP_011,CUST_0960,2026-02-08,Email,Beverages,Seasonal,Chennai,Regular,54,45700.95870210515,269467,19610,8395,730,873926.6600079186,9,15773.47714611976
CMP_047,CUST_0127,2026-08-03,Email,Packaged Foods,Awareness,Hyderabad,Premium,42,87237.74098472901,279990,29788,11368,760,1506641.3150045285,6,16855.56210484806
CMP_056,CUST_0480,2026-07-08,Meta Ads,Home Care,Retargeting,Pune,Regular,28,11001.914745612841,26626,815,443,23,24127.626863769503,5,4113.812193432496
CMP_012,CUST_0815,2026-08-22,Email,Home Care,Product Launch,Delhi,Budget,31,7789.798449464532,20257,1970,1146,117,102152.45715665269,8,10681.07528122894
CMP_061,CUST_0403,2026-06-20,Email,Personal Care,Product Launch,Delhi,Budget,63,57562.20951818954,146820,14000,7642,723,625306.6336643933,4,5079.093584728057
CMP_116,CUST_0508,2026-03-09,Email,Personal Care,Conversion,Pune,Budget,59,36599.33065464978,101811,6796,2437,279,269564.85564219777,9,17280.425903254894
CMP_020,CUST_0351,2026-05-17,YouTube,Home Care,Seasonal,Mumbai,Regular,20,41616.69713221835,253449,5498,2526,81,54561.08427027223,10,13413.119594320871
CMP_019,CUST_0547,2026-02-17,Email,Packaged Foods,Seasonal,Pune,Budget,56,44941.722031556004,107762,7956,2820,356,380835.02302146587,2,3388.881732479222
CMP_031,CUST_0704,2026-05-23,Google Ads,Snacks,Awareness,Delhi,Regular,21,97360.39183989564,543120,27575,8612,798,787604.688765451,9,9451.022549023988
CMP_095,CUST_0868,2026-04-01,Instagram,Home Care,Product Launch,Bangalore,Premium,52,6614.453710777427,35817,1016,468,21,20815.86517528057,5,7928.531526473315
CMP_010,CUST_0855,2026-07-28,YouTube,Packaged Foods,Awareness,Kolkata,Budget,58,84927.93305600762,451088,9816,5044,139,84916.87013372587,4,2034.7514565365568
CMP_045,CUST_0495,2026-06-24,YouTube,Personal Care,Retargeting,Mumbai,Regular,19,96719.29431824983,516607,16760,4502,122,92587.99635293485,5,7454.703039431463
CMP_059,CUST_0478,2026-04-13,Meta Ads,Personal Care,Awareness,Delhi,Premium,61,41125.16346826549,102255,3131,1551,82,96064.07478592158,1,1576.331317028044
CMP_095,CUST_0311,2026-01-09,Instagram,Packaged Foods,Seasonal,Bangalore,Regular,62,5733.8884190701165,24554,608,246,9,8178.293252853872,6,10885.58606161721
CMP_011,CUST_0985,2026-01-20,LinkedIn,Beverages,Product Launch,Delhi,Premium,23,69195.17314208648,362595,9090,3191,138,296577.379468139,4,18748.95985675223
CMP_052,CUST_0776,2026-02-26,Instagram,Snacks,Product Launch,Kolkata,Premium,39,17783.280813922032,142940,4597,2129,104,137341.35134413053,3,3402.3351466349322
CMP_117,CUST_1362,2026-09-23,Google Ads,Snacks,Awareness,Delhi,Budget,29,27067.857908399063,61324,3116,1715,133,109832.41032826217,11,16332.018025093732
CMP_003,CUST_0476,2026-02-02,LinkedIn,Packaged Foods,Conversion,Pune,Premium,45,26703.704284418414,142623,2619,1315,53,100464.82752128351,5,18336.96267647259
CMP_117,CUST_1092,2026-06-03,YouTube,Beverages,Seasonal,Bangalore,Premium,55,29488.595852373805,169845,3033,1669,44,42269.311398777754,1,1999.2837350765174
CMP_045,CUST_0816,2026-04-28,Instagram,Snacks,Product Launch,Chennai,Regular,37,34567.6925234176,120082,4241,1154,67,63135.110530601836,6,9724.854719746021
CMP_020,CUST_0209,2026-09-24,Email,Personal Care,Conversion,Delhi,Regular,42,52773.170377618306,120143,9542,2593,260,296198.0875389679,8,20728.645478296217
CMP_087,CUST_0593,2026-07-24,LinkedIn,Home Care,Awareness,Bangalore,Budget,21,98046.95598727303,626846,16285,5850,227,240977.85593599622,11,16666.057800032682
CMP_124,CUST_0839,2026-05-22,Google Ads,Home Care,Conversion,Hyderabad,Budget,55,61774.208612913026,263895,14486,5246,332,248740.59593650288,3,5760.414788630584
CMP_073,CUST_0339,2026-03-13,LinkedIn,Home Care,Product Launch,Bangalore,Regular,62,92008.08389549016,369222,8560,2284,124,151953.9818228542,6,14427.83687646623
CMP_131,CUST_0780,2026-01-23,Meta Ads,Snacks,Conversion,Chennai,Regular,42,30989.299487751046,100491,3646,1696,112,91387.90127963368,10,20793.95114462463
CMP_070,CUST_1173,2026-04-27,Meta Ads,Snacks,Product Launch,Mumbai,Budget,22,26739.154400858588,155964,4650,2466,95,72569.25967108033,9,13978.931902384333
CMP_084,CUST_1160,2026-07-14,Email,Home Care,Retargeting,Chennai,Budget,21,62796.38054923056,214822,11023,4563,541,536888.1557332308,2,2963.2638504078923
CMP_059,CUST_1195,2026-05-12,Instagram,Beverages,Awareness,Pune,Budget,19,82322.8632407558,204001,6756,3423,157,90676.80182664841,11,13978.343211416313
CMP_075,CUST_1116,2026-03-09,Instagram,Packaged Foods,Retargeting,Kolkata,Budget,38,81541.29626661654,186868,6665,3364,173,94491.4968840558,10,14728.3183159609
CMP_124,CUST_0389,2026-09-26,Meta Ads,Personal Care,Conversion,Delhi,Regular,43,81421.83057009049,368502,12346,5502,301,262874.5045485853,2,2663.3192958820937
CMP_134,CUST_1466,2026-09-25,LinkedIn,Packaged Foods,Product Launch,Delhi,Budget,39,13151.281411472293,43741,1383,472,29,30258.287060957817,4,5765.247636279475
CMP_026,CUST_0452,2026-04-16,Meta Ads,Beverages,Awareness,Pune,Budget,60,43468.2758943406,208120,6262,3032,138,94946.10633911798,7,11028.280944256448
CMP_010,CUST_0023,2026-04-07,YouTube,Home Care,Seasonal,Delhi,Regular,28,20252.62455100658,110849,2188,914,32,26699.30634540244,11,8892.401803457502
CMP_142,CUST_1066,2026-09-06,Instagram,Personal Care,Seasonal,Mumbai,Budget,31,9487.446000522814,68992,2131,838,46,32881.040386682704,8,4597.754055319171
CMP_149,CUST_0639,2026-06-07,Email,Home Care,Product Launch,Pune,Budget,45,64788.28499575548,158575,12690,4125,434,452196.5121412944,9,13774.410547281126
CMP_087,CUST_0906,2026-04-25,LinkedIn,Snacks,Product Launch,Kolkata,Regular,43,13800.455025341571,40853,680,206,11,17346.65420429486,2,2525.1819571929927
CMP_029,CUST_1284,2026-08-02,LinkedIn,Packaged Foods,Conversion,Delhi,Premium,59,94210.51173252909,714292,19438,7430,448,800489.1593754861,5,19082.79557897208
CMP_109,CUST_0940,2026-08-26,Instagram,Snacks,Conversion,Chennai,Premium,39,80363.33620617632,229959,8148,3026,131,141902.05701108466,5,7497.388765717762
CMP_084,CUST_0721,2026-02-05,Google Ads,Beverages,Awareness,Kolkata,Regular,53,35954.28344602771,232474,12682,5169,374,394762.2973876096,2,2312.0754482879947
CMP_059,CUST_0614,2026-08-31,LinkedIn,Home Care,Awareness,Delhi,Regular,60,5540.381235290818,33507,694,392,20,24501.79673847728,8,24555.12868300313
CMP_015,CUST_1456,2026-07-26,Instagram,Beverages,Conversion,Pune,Budget,20,28781.20216119306,77729,3101,1354,67,43900.3158504574,11,16853.027052308626
CMP_040,CUST_0092,2026-05-03,Meta Ads,Beverages,Product Launch,Delhi,Regular,55,14470.553474533606,55110,1954,1158,54,45923.40683790169,11,18801.98598425761
CMP_105,CUST_0168,2026-06-19,Google Ads,Home Care,Conversion,Kolkata,Regular,39,83779.04403674368,230519,12791,5665,365,348282.8190651407,10,21821.685431108584
CMP_024,CUST_0706,2026-06-17,Meta Ads,Snacks,Awareness,Pune,Regular,38,12770.915813607728,38441,978,544,50,,11,17017.508980683127
CMP_081,CUST_0690,2026-09-19,Meta Ads,Snacks,Retargeting,Pune,Budget,31,6231.367879993348,14993,451,204,20,15968.651677545038,8,5984.255485191255
CMP_103,CUST_1150,2026-07-14,Google Ads,Packaged Foods,Awareness,Mumbai,Budget,29,37236.23126601502,184153,8212,3778,356,311763.5056158008,6,6532.163170865529
CMP_055,CUST_1440,2026-09-21,YouTube,Home Care,Awareness,Bangalore,Regular,24,38701.33891489629,99752,1683,444,13,11582.428857313089,7,7614.107644748085
CMP_079,CUST_1457,2026-01-03,Meta Ads,Snacks,Product Launch,Pune,Budget,32,20614.045691731488,74623,2494,1258,96,66877.36905367095,11,18159.228743748874
CMP_079,CUST_0011,2026-03-16,LinkedIn,Packaged Foods,Product Launch,Bangalore,Regular,54,21820.016346751803,58906,1356,406,31,51249.4586804034,8,15747.34426441473
CMP_011,CUST_1114,2026-08-20,LinkedIn,Home Care,Conversion,Chennai,Premium,44,67917.92185526737,178054,5235,2421,120,268736.24662973813,10,26889.4477284614
CMP_063,CUST_0778,2026-06-16,YouTube,Home Care,Conversion,Delhi,Premium,33,43899.502592548844,135614,2765,878,37,41624.14853915136,5,4615.151493612924
CMP_037,CUST_0614,2026-07-10,Google Ads,Home Care,Seasonal,Bangalore,Premium,26,48086.025142743245,177838,11291,6578,735,1130809.4439093745,11,30834.140806697287
CMP_106,CUST_0784,2026-02-18,Instagram,Snacks,Seasonal,Bangalore,Regular,43,37687.356563476,89412,2484,1435,65,64883.48502838719,3,2443.6287314029973
CMP_122,CUST_0512,2026-02-17,LinkedIn,Personal Care,Awareness,Kolkata,Regular,28,40317.30651616878,97262,2505,1477,51,82742.45436445174,11,38304.36157925926
CMP_086,CUST_0221,2026-04-20,Meta Ads,Personal Care,Awareness,Mumbai,Premium,31,58542.467642645344,328725,9821,2788,149,215915.79030453443,6,11336.138419444225
CMP_026,CUST_1152,2026-05-22,Email,Home Care,Product Launch,Hyderabad,Regular,32,57924.81975839831,135032,11212,4652,588,676615.032807802,9,16084.16685168742
CMP_149,CUST_1040,2026-09-26,Google Ads,Beverages,Conversion,Hyderabad,Regular,55,93690.86497954026,295545,13674,5481,461,488917.4431952003,7,19240.529724636242
CMP_120,CUST_0850,2026-09-16,LinkedIn,Beverages,Product Launch,Pune,Premium,25,75128.00977115665,197229,7157,2284,116,250835.8524981071,1,4305.342313779644
CMP_021,CUST_0618,2026-02-06,Email,Personal Care,Product Launch,Pune,Regular,35,43445.80853754832,101614,8227,4507,505,646850.8599342961,9,27681.613825654713
CMP_010,CUST_1164,2026-05-15,LinkedIn,Packaged Foods,Retargeting,Kolkata,Premium,51,76868.89878466065,220919,5137,2655,104,193323.0879084165,4,6999.664454070023
CMP_003,CUST_0385,2026-08-16,Email,Beverages,Retargeting,Bangalore,Premium,47,56666.77346598755,174380,13150,5746,772,1458946.7220572452,8,15687.866173192391
CMP_116,CUST_0058,2026-08-04,Google Ads,Snacks,Retargeting,Pune,Budget,47,84072.22210842463,472827,22471,10099,878,625809.2909233687,4,7248.086602050436
CMP_085,CUST_0606,2026-02-11,Instagram,Home Care,Product Launch,Bangalore,Budget,60,48033.05543722408,175975,6621,1860,81,59256.114462422694,6,8467.391123087566
CMP_110,CUST_0497,2026-01-16,LinkedIn,Home Care,Retargeting,Pune,Budget,25,38701.74125732698,93252,2375,903,37,38574.26942204886,9,20815.646737405095
CMP_078,CUST_1352,2026-07-16,Google Ads,Snacks,Awareness,Mumbai,Regular,32,99291.11664102037,345346,15626,8666,572,703574.2288058599,10,25494.406384530575
CMP_033,CUST_0073,2026-07-17,Google Ads,Beverages,Awareness,Hyderabad,Premium,26,7595.353605965613,62734,3014,1704,128,183655.82897690995,3,4232.722993474633
CMP_034,CUST_0039,2026-07-30,Instagram,Snacks,Conversion,Mumbai,Premium,26,32573.659176449655,74065,2533,708,22,24618.9746638122,10,16427.953005024443
CMP_121,CUST_0119,2026-06-10,Instagram,Beverages,Seasonal,Chennai,Budget,20,17310.531026852477,74867,2482,820,34,22915.91455791552,2,1648.5650363781315
CMP_042,CUST_0138,2026-05-05,Instagram,Home Care,Retargeting,Bangalore,Regular,58,8271.417116419607,21572,710,209,15,14269.737723487193,9,9423.106776911307
CMP_146,CUST_0545,2026-06-30,LinkedIn,Personal Care,Conversion,Pune,Budget,59,48235.09857722132,293771,6818,3377,194,194923.3020279838,10,23834.426947737855
CMP_025,CUST_0930,2026-05-29,LinkedIn,Personal Care,Seasonal,Pune,Premium,51,69840.99366008068,175172,5220,2732,112,200072.8268416179,9,32363.288008713484
CMP_095,CUST_0775,2026-05-04,Email,Snacks,Awareness,Pune,Budget,48,40506.19696591141,152722,11424,2873,408,426476.1655661117,11,21365.173098212756
CMP_122,CUST_1261,2026-05-05,YouTube,Beverages,Retargeting,Mumbai,Premium,43,8957.985040846397,52317,1027,260,12,12709.534983083178,7,10607.32317891308
CMP_117,CUST_0703,2026-05-25,YouTube,Beverages,Awareness,Bangalore,Premium,30,67980.18097581307,237865,5468,2759,85,100873.0289775856,3,3539.9607144978004
CMP_120,CUST_0226,2026-03-24,LinkedIn,Packaged Foods,Seasonal,Bangalore,Premium,19,13775.229731210178,98360,2613,1113,50,88421.52537970163,10,16520.976714625016
CMP_115,CUST_0722,2026-08-10,Google Ads,Snacks,Conversion,Mumbai,Premium,30,61367.1993479564,226417,9323,4599,465,592417.6857418475,4,12645.184699451336
CMP_107,CUST_1159,2026-04-05,Meta Ads,Packaged Foods,Retargeting,Bangalore,Regular,21,95492.71424018824,355074,10887,5321,188,158758.3664547245,7,9333.245287600763
CMP_035,CUST_0039,2026-03-25,YouTube,Packaged Foods,Product Launch,Delhi,Premium,41,95518.40491991532,643156,12537,5383,206,208646.10468826894,10,12736.441233554402
CMP_150,CUST_0078,2026-03-15,LinkedIn,Home Care,Awareness,Kolkata,Regular,64,27620.03460984748,150312,3478,2069,120,180282.86137800422,2,3866.8388471476824
CMP_011,CUST_0931,2026-04-27,YouTube,Home Care,Awareness,Pune,Regular,26,56045.086047139535,183384,3503,1130,36,27659.88402250608,9,5708.6360589194355
CMP_049,CUST_0463,2026-04-28,YouTube,Snacks,Product Launch,Hyderabad,Budget,58,60333.33239460935,142933,1942,912,21,13154.070031994468,4,2974.0292200057474
CMP_025,CUST_0349,2026-05-05,YouTube,Snacks,Seasonal,Kolkata,Premium,60,51820.58669351767,126918,2377,1148,41,35804.34444790155,6,7385.0398144449855
CMP_079,CUST_0187,2026-08-16,Google Ads,Snacks,Product Launch,Kolkata,Regular,47,66897.10059805388,381133,17984,9824,439,499659.19015950937,11,29198.04300415739
CMP_058,CUST_0707,2026-07-20,LinkedIn,Packaged Foods,Seasonal,Mumbai,Budget,24,68407.1017372781,266536,5758,1669,106,96479.75719673651,10,10715.693936151032
CMP_004,CUST_0658,2026-03-04,Meta Ads,Personal Care,Retargeting,Bangalore,Regular,50,49204.183659774724,129803,2493,1082,57,59941.73154411442,7,7105.221784789887
CMP_137,CUST_0389,2026-01-26,Google Ads,Snacks,Product Launch,Hyderabad,Premium,40,7139.093726680758,41176,1905,1089,75,117239.55085316494,6,8224.239026686142
CMP_050,CUST_0973,2026-02-07,LinkedIn,Snacks,Seasonal,Hyderabad,Premium,24,94826.6384067171,428157,11317,6693,374,790868.8940038488,7,16642.287537731663
CMP_100,CUST_1139,2026-07-29,Email,Personal Care,Seasonal,Bangalore,Premium,59,65349.61817145806,200475,15328,7624,746,1250887.0121452291,1,2430.8283661668934
CMP_146,CUST_1170,2026-07-10,Google Ads,Packaged Foods,Seasonal,Hyderabad,Regular,56,31879.084634477204,97870,4109,2389,143,142331.75149525018,4,8804.512549854046
CMP_033,CUST_0477,2026-09-28,Google Ads,Beverages,Awareness,Pune,Budget,62,84422.17709037379,444829,22063,12383,888,680160.3689716188,6,5687.220811954695
CMP_117,CUST_0576,2026-05-30,LinkedIn,Personal Care,Seasonal,Mumbai,Regular,56,78241.48732611082,368252,8552,2847,130,167807.58224849345,10,30639.888147151538
CMP_059,CUST_0497,2026-09-26,YouTube,Snacks,Product Launch,Delhi,Budget,40,75434.88963198499,437326,10006,4105,141,92949.83692528566,11,6805.887915014035
CMP_137,CUST_0556,2026-09-04,Email,Snacks,Retargeting,Mumbai,Budget,40,58712.85608896162,166394,13078,3461,316,349197.0953980026,11,21933.81895533624
CMP_139,CUST_0049,2026-04-25,Instagram,Home Care,Product Launch,Bangalore,Budget,29,69851.86412669785,394108,15992,4914,198,148715.49846203666,9,5388.884202590242
CMP_124,CUST_1463,2026-09-28,Instagram,Home Care,Retargeting,Kolkata,Budget,18,54723.158525239785,223100,8683,4594,198,114780.80507270183,8,7673.300451232039
CMP_104,CUST_1303,2026-09-11,LinkedIn,Beverages,Conversion,Mumbai,Budget,35,9249.076710212057,37164,687,257,8,10068.822265781942,10,18833.297862281972
CMP_022,CUST_0477,2026-03-01,Email,Home Care,Retargeting,Hyderabad,Regular,60,96142.78458039858,250805,21581,8468,817,880126.3940717677,7,7495.765825271808
CMP_019,CUST_1405,2026-01-20,Meta Ads,Snacks,Seasonal,Bangalore,Premium,22,76122.33843333971,381526,9348,4565,267,356551.4719200444,3,8982.283561455552
CMP_117,CUST_0326,2026-04-17,Instagram,Snacks,Conversion,Hyderabad,Premium,63,25665.46151046488,125528,4932,2046,73,82077.34669582846,4,5490.075497777189
CMP_044,CUST_0555,2026-05-14,Instagram,Personal Care,Product Launch,Hyderabad,Budget,50,22576.22475453409,178160,6941,3467,184,125502.20607061185,4,4674.311182356254
CMP_097,CUST_0625,2026-01-29,LinkedIn,Personal Care,Awareness,Mumbai,Budget,46,54922.98859932544,136287,3030,1610,39,39267.15364254432,8,10063.792591404796
CMP_089,CUST_1438,2026-08-21,YouTube,Snacks,Product Launch,Hyderabad,Regular,29,48709.33450571726,184986,3442,1015,44,35526.856215163374,11,17824.77421762564
CMP_109,CUST_1232,2026-09-01,Instagram,Snacks,Awareness,Hyderabad,Regular,35,20614.051929727357,53710,2315,621,32,30425.41663783532,6,5824.415677141005
CMP_103,CUST_0594,2026-05-06,Google Ads,Beverages,Conversion,Bangalore,Regular,46,41386.03318400756,193044,8798,4298,295,306048.68359740626,3,6038.913014541694
CMP_141,CUST_0901,2026-01-19,Instagram,Home Care,Product Launch,Hyderabad,Regular,43,54349.89860163594,164815,6690,3046,193,154383.9127277971,1,1777.3259076466165
CMP_034,CUST_1464,2026-08-25,LinkedIn,Home Care,Conversion,Hyderabad,Budget,45,89803.27150317712,573714,13802,5015,275,324269.29274865164,11,28658.631469866534
CMP_025,CUST_1180,2026-05-26,Instagram,Beverages,Product Launch,Chennai,Premium,51,62332.57558912976,185680,5868,1510,59,59098.34515700753,6,10279.602286394622
CMP_029,CUST_0225,2026-02-22,Meta Ads,Home Care,Product Launch,Delhi,Regular,40,41457.58859788793,137853,3925,1826,77,75014.70583281625,5,5739.23320959571
CMP_061,CUST_0731,2026-03-30,Google Ads,Personal Care,Product Launch,Hyderabad,Regular,31,74082.11405486801,197393,9089,4751,393,414393.73402660753,2,1831.2057385593894
CMP_106,CUST_0495,2026-09-18,Email,Snacks,Retargeting,Chennai,Premium,60,56899.820262951114,205661,13455,4053,400,760463.157994592,11,17911.575746282066
CMP_052,CUST_1408,2026-08-31,YouTube,Home Care,Product Launch,Delhi,Budget,48,34374.90557024389,148295,2101,1181,34,17296.424167016066,4,1898.6350580673593
CMP_003,CUST_0234,2026-06-16,Email,Packaged Foods,Product Launch,Delhi,Regular,23,13848.348359263275,33676,3017,1804,232,263402.17208748497,3,8197.804141628281
CMP_041,CUST_0379,2026-06-19,Meta Ads,Home Care,Seasonal,Hyderabad,Premium,54,51788.607541695215,174502,6388,3419,193,257037.43808117067,9,17051.14864154566
CMP_116,CUST_0925,2026-04-01,Email,Snacks,Conversion,Bangalore,Budget,44,9842.792529524217,40475,3235,1901,272,234003.2742541354,7,11037.485740992151
CMP_104,CUST_0555,2026-09-24,LinkedIn,Personal Care,Seasonal,Bangalore,Regular,27,55606.814169912584,223084,7481,2261,124,168850.84748714403,3,6422.8106682362
CMP_046,CUST_0638,2026-06-21,Instagram,Snacks,Retargeting,Kolkata,Regular,22,9762.011070477534,52807,1546,533,23,17470.106767621073,10,13574.45657827695
CMP_032,CUST_0280,2026-09-01,Instagram,Beverages,Seasonal,Bangalore,Budget,29,5787.864396596415,26215,1099,588,28,19672.284637590175,1,614.4638248158423
CMP_094,CUST_0736,2026-02-07,Instagram,Packaged Foods,Product Launch,Mumbai,Regular,62,30783.01515610539,72673,2471,1445,51,50773.77410306855,6,11447.55346676048
CMP_145,CUST_0016,2026-03-26,Instagram,Snacks,Awareness,Delhi,Regular,47,58787.73771720384,165086,6250,1624,88,78603.7002446469,9,14883.920100109328
CMP_106,CUST_1101,2026-03-01,Meta Ads,Beverages,Seasonal,Mumbai,Premium,47,37022.36154855952,87000,2940,1254,59,78662.52120450801,4,6729.140080608823
CMP_108,CUST_0734,2026-07-08,Google Ads,Personal Care,Product Launch,Chennai,Premium,52,61309.15802778676,148687,7420,2728,208,305154.93860225775,10,24754.249830775956
CMP_003,CUST_1465,2026-07-13,Meta Ads,Personal Care,Product Launch,Kolkata,Regular,27,80009.62008207568,360519,9877,4632,249,221210.1347875545,6,12566.93579368433
CMP_061,CUST_0405,2026-02-05,Meta Ads,Snacks,Retargeting,Delhi,Regular,58,96978.98218398831,252755,6641,3669,165,168878.6876105919,10,9323.377003408124
CMP_032,CUST_0575,2026-07-08,YouTube,Packaged Foods,Product Launch,Hyderabad,Regular,23,11342.790028542087,45346,869,296,24,20800.68680512458,4,4876.738031469294
CMP_086,CUST_0516,2026-01-02,LinkedIn,Beverages,Seasonal,Bangalore,Regular,56,94469.64411340888,209949,5505,2315,104,143984.2482492611,9,12748.236872903864
CMP_018,CUST_1249,2026-04-15,Google Ads,Beverages,Product Launch,Delhi,Budget,24,41722.26754886916,102560,3825,2091,104,76873.31245844187,5,8759.74502752986
CMP_126,CUST_1444,2026-03-26,LinkedIn,Personal Care,Seasonal,Hyderabad,Regular,25,89650.77953899189,283951,7132,3149,137,178750.7917817053,6,17565.471541648603
CMP_117,CUST_0896,2026-01-26,Google Ads,Personal Care,Conversion,Kolkata,Premium,36,84353.89154178542,332687,15040,5345,418,704575.8611239723,3,7092.956327435806
CMP_042,CUST_1357,2026-08-27,Google Ads,Packaged Foods,Product Launch,Kolkata,Budget,37,35188.565627535674,170615,7910,4344,206,165040.008439621,2,2473.6687575625892
CMP_027,CUST_0418,2026-07-09,YouTube,Packaged Foods,Seasonal,Hyderabad,Regular,34,60542.29756334579,246301,5087,1352,55,35576.49327007608,11,19501.90698729921
CMP_037,CUST_1096,2026-06-21,Email,Beverages,Awareness,Mumbai,Budget,30,77375.84273224536,177385,12921,5647,963,1066639.106917482,4,5346.957732030516
CMP_023,CUST_0098,2026-06-07,Google Ads,Snacks,Retargeting,Hyderabad,Regular,54,84890.10938145804,505754,29239,9658,797,902369.761865787,7,14378.089143639962
CMP_093,CUST_0318,2026-06-04,Instagram,Packaged Foods,Conversion,Delhi,Premium,27,48140.00570737896,198379,7204,4010,256,297329.36236321455,8,8767.490034213854
CMP_142,CUST_0817,2026-01-18,LinkedIn,Personal Care,Product Launch,Hyderabad,Regular,48,64591.548480780395,293011,8476,4515,169,226912.7075044673,7,10160.109416339845
CMP_127,CUST_0186,2026-05-07,Email,Snacks,Retargeting,Mumbai,Budget,46,63620.14848907029,154127,12746,3634,391,360275.5169154322,1,798.4546235940971
CMP_102,CUST_0930,2026-08-02,Instagram,Snacks,Conversion,Kolkata,Budget,44,37097.169646138005,242765,8539,3795,144,98777.82268953728,11,16851.32741543535
CMP_056,CUST_0664,2026-02-07,Instagram,Snacks,Retargeting,Chennai,Budget,24,70598.20291888375,190914,6896,3872,255,179543.93859832073,2,1477.9525179460404
CMP_085,CUST_0721,2026-04-23,Email,Packaged Foods,Retargeting,Chennai,Premium,44,78153.51725066581,246177,19215,5222,521,905747.4562438756,9,31064.232210717204
CMP_147,CUST_0207,2026-08-17,Instagram,Personal Care,Awareness,Pune,Regular,47,13949.101460204314,44205,1526,472,13,11786.557377273079,4,5410.108470662708
CMP_067,CUST_0248,2026-07-26,LinkedIn,Packaged Foods,Seasonal,Pune,Budget,43,49788.35238367578,217806,5684,1999,94,86872.0475935015,8,14999.816262910626
CMP_118,CUST_0231,2026-05-30,LinkedIn,Personal Care,Conversion,Pune,Budget,53,50415.93052642817,119858,3041,1687,84,84047.97668367188,5,9639.339093543942
CMP_023,CUST_0371,2026-07-23,YouTube,Snacks,Seasonal,Chennai,Budget,36,19261.43760226554,81904,1446,415,21,12945.813902200396,1,763.0382962092888
CMP_120,CUST_0138,2026-04-16,YouTube,Snacks,Conversion,Delhi,Budget,52,71737.45945581232,191445,4758,2389,72,47106.88659013525,1,997.4788219207937
CMP_114,CUST_0630,2026-07-16,LinkedIn,Beverages,Retargeting,Delhi,Budget,40,55978.62158960467,422880,10997,3597,233,218927.80470104972,3,3563.0719812109605
CMP_043,CUST_0894,2026-01-13,Instagram,Snacks,Awareness,Mumbai,Budget,21,26315.3809561678,110929,2688,1394,101,69611.8198036929,8,6494.113728780608
CMP_007,CUST_0151,2026-07-31,Instagram,Snacks,Seasonal,Chennai,Budget,53,37511.49934809042,235965,5234,2630,135,78558.4551922067,6,5609.84764517632
CMP_092,CUST_0962,2026-03-26,Google Ads,Snacks,Conversion,Kolkata,Budget,23,59966.664619556905,301020,14814,5239,457,394699.5533299148,1,1207.6095125437887
CMP_121,CUST_1198,2026-03-09,Instagram,Home Care,Retargeting,Chennai,Budget,54,72703.08450750496,337094,15476,4916,251,187808.77587386727,4,3783.2349723165626
CMP_102,CUST_0220,2026-01-07,LinkedIn,Home Care,Product Launch,Chennai,Budget,42,33747.44871995595,95519,2685,1451,64,73448.74677926544,9,14134.966385700947
CMP_018,CUST_0853,2026-04-27,Email,Snacks,Product Launch,Mumbai,Premium,26,27366.79807397762,86091,6602,3804,537,852394.1180798137,8,24954.72561221894
CMP_060,CUST_0675,2026-07-21,Instagram,Packaged Foods,Awareness,Pune,Budget,30,21174.213858603885,132557,4573,1683,83,59010.05172944775,8,6946.4156581618945
CMP_100,CUST_1262,2026-04-17,LinkedIn,Beverages,Retargeting,Pune,Regular,46,22091.84867801633,84901,2328,1379,67,104570.15772547321,3,8877.715875267311
CMP_082,CUST_0832,2026-05-21,Instagram,Home Care,Retargeting,Pune,Budget,34,61358.65646324945,478169,17171,7531,346,233164.8176465832,11,13270.047009779042
CMP_094,CUST_1122,2026-01-19,Instagram,Personal Care,Retargeting,Pune,Premium,62,89358.60340943334,271744,10483,4980,355,488777.7385891345,2,3383.8910917188628
CMP_055,CUST_0821,2026-03-13,YouTube,Snacks,Conversion,Bangalore,Budget,44,13892.735037393433,53283,1017,536,12,7992.770544551703,8,10104.52717990974
CMP_115,CUST_1045,2026-06-09,LinkedIn,Home Care,Retargeting,Bangalore,Premium,55,71581.17539187067,170576,4092,2038,94,190688.88321116415,1,1895.0182323730435
CMP_102,CUST_0479,2026-04-01,Email,Home Care,Awareness,Kolkata,Regular,38,28770.611094752352,218910,17289,8639,993,1103257.4855004046,7,12834.26585849428
CMP_142,CUST_0648,2026-05-08,Email,Packaged Foods,Awareness,Chennai,Budget,52,33035.39944875246,130153,10946,4149,524,576157.3918001498,2,3838.3895340259387
CMP_085,CUST_1128,2026-07-17,Meta Ads,Packaged Foods,Conversion,Kolkata,Regular,39,95966.46201196828,378168,14479,6276,335,319214.92083281727,5,8846.08267946443
CMP_008,CUST_0748,2026-08-21,Google Ads,Snacks,Conversion,Kolkata,Budget,41,41314.429003486446,179972,9216,4397,454,370635.94773340505,7,11843.830420465334
CMP_070,CUST_0790,2026-01-17,Meta Ads,Snacks,Conversion,Mumbai,Premium,64,36155.71839556107,171544,4865,1635,90,113806.06023207463,3,4988.768678320249
CMP_019,CUST_0095,2026-03-05,Meta Ads,Snacks,Conversion,Pune,Regular,22,92726.43380783184,429939,15225,7990,325,304942.1764908306,9,17073.682208115224
CMP_073,CUST_0348,2026-09-29,Email,Packaged Foods,Conversion,Bangalore,Budget,43,65642.8509389682,160016,13371,6171,720,675470.9439626305,10,12688.670955209554
CMP_068,CUST_0030,2026-01-07,Instagram,Home Care,Seasonal,Delhi,Premium,30,89627.08431092837,239619,9802,4016,166,179880.1782040122,2,2991.9870917827016
CMP_101,CUST_1303,2026-04-17,YouTube,Snacks,Product Launch,Hyderabad,Budget,46,68527.08607916303,185739,2615,1308,41,23406.31807602967,6,4870.397329971013
CMP_012,CUST_0980,2026-03-25,Google Ads,Home Care,Conversion,Chennai,Premium,60,64238.713585890466,178612,8083,3620,230,375651.9907628564,9,27965.66401196858
CMP_107,CUST_1040,2026-06-16,YouTube,Packaged Foods,Seasonal,Delhi,Regular,37,80121.26577621239,458237,8867,2765,94,72308.8554728896,10,18194.41396287514
CMP_018,CUST_0319,2026-03-23,Email,Packaged Foods,Retargeting,Kolkata,Premium,37,68843.55097819644,249195,20607,10040,1036,1939686.5250876592,5,20932.441699523548
CMP_036,CUST_0305,2026-04-18,YouTube,Beverages,Seasonal,Bangalore,Budget,30,45667.83578837818,135241,2764,831,28,15698.759946226983,4,2008.8281180544077
CMP_023,CUST_0664,2026-09-01,Meta Ads,Packaged Foods,Awareness,Hyderabad,Regular,49,99324.725134196,724250,20673,8303,572,452844.57876785373,2,3658.065620054273
CMP_044,CUST_0073,2026-08-11,LinkedIn,Snacks,Product Launch,Chennai,Regular,36,6800.169757756898,26349,549,222,9,13428.672919367553,3,7675.875059990428
CMP_022,CUST_1427,2026-06-18,Email,Snacks,Conversion,Bangalore,Premium,63,64442.216835475934,256157,21800,6856,572,1011481.0367924616,2,2927.9003956245247
CMP_138,CUST_1021,2026-05-28,Email,Beverages,Conversion,Chennai,Budget,54,92879.20576428695,727240,59881,18655,2069,2078565.8270717547,1,1270.7675774929583
CMP_104,CUST_0327,2026-04-08,Google Ads,Beverages,Seasonal,Delhi,Premium,42,38163.90450983384,190864,7199,3390,331,495162.71437301213,7,23844.980475785687
CMP_135,CUST_1471,2026-02-11,YouTube,Personal Care,Seasonal,Delhi,Premium,38,67394.76604162078,293848,6295,3010,104,109476.55927044718,11,15542.550471638653
CMP_066,CUST_1364,2026-09-02,Google Ads,Personal Care,Retargeting,Kolkata,Budget,63,16558.82983536815,73917,2850,1020,77,57270.26889268355,4,5216.175273146719
CMP_058,CUST_0043,2026-05-18,Email,Snacks,Seasonal,Delhi,Premium,21,57283.485948787966,129651,11677,6034,462,704314.3559695052,5,10978.311000405423
CMP_038,CUST_1090,2026-07-14,YouTube,Packaged Foods,Product Launch,Chennai,Regular,57,44683.411595089485,146996,3043,1070,26,17543.54079865278,7,4476.727294529697
CMP_076,CUST_1450,2026-02-02,Instagram,Home Care,Awareness,Chennai,Regular,24,98558.23585615517,257896,9414,5391,329,251749.45873700557,1,811.5370333164122
CMP_044,CUST_1439,2026-06-03,Meta Ads,Beverages,Conversion,Delhi,Regular,53,79343.436577804,238668,8427,4364,198,151485.29876923302,11,20897.578095128265
CMP_023,CUST_1312,2026-05-21,Email,Snacks,Conversion,Hyderabad,Regular,46,60824.59323793971,154895,12612,5992,596,797881.1114577833,9,20838.26035115232
CMP_006,CUST_0082,2026-05-03,Meta Ads,Snacks,Conversion,Pune,Premium,33,33681.78635077573,75020,2368,935,54,69451.26919973383,2,3259.0605659207936
CMP_115,CUST_0491,2026-08-29,YouTube,Personal Care,Retargeting,Hyderabad,Budget,32,59640.157680154996,149894,3668,1335,57,33524.25843946867,3,2129.201419976062
CMP_001,CUST_0235,2026-07-06,YouTube,Personal Care,Product Launch,Pune,Premium,39,22305.025302507813,107560,2398,618,24,20961.688276339584,4,8844.256934794721
CMP_056,CUST_0900,2026-07-31,Google Ads,Packaged Foods,Awareness,Kolkata,Premium,27,80766.03975527828,413204,19643,5440,321,405222.43902419804,11,28680.993766350217
CMP_050,CUST_0980,2026-01-06,YouTube,Home Care,Conversion,Chennai,Premium,37,5924.717877680149,24908,525,229,10,9233.18571571203,1,1808.6212113502143
CMP_036,CUST_0885,2026-01-30,Instagram,Home Care,Awareness,Kolkata,Regular,58,98114.85698169,271421,8295,3592,192,160718.71739851052,5,8104.948610680946
CMP_053,CUST_1200,2026-05-12,Meta Ads,Beverages,Conversion,Kolkata,Budget,42,12355.769297528972,39615,1222,406,23,16582.34496578368,3,3441.3736115959873
CMP_029,CUST_0524,2026-05-27,Meta Ads,Home Care,Retargeting,Bangalore,Regular,45,17568.074851461664,42054,1302,636,36,33060.862841673385,8,10459.565941259061
CMP_094,CUST_0779,2026-01-21,YouTube,Beverages,Conversion,Chennai,Budget,36,91087.64824813977,207981,3901,1635,88,56293.52287755049,9,7401.714204896118
CMP_017,CUST_1023,2026-04-01,LinkedIn,Beverages,Awareness,Delhi,Regular,53,96876.24367702333,450055,11564,5606,170,266770.7080459314,1,2553.2362935320243
CMP_105,CUST_1345,2026-09-02,Instagram,Packaged Foods,Seasonal,Hyderabad,Budget,49,81243.09552941061,212261,8823,3100,115,73562.82291455612,7,6252.706584630174
CMP_054,CUST_0010,2026-06-15,Instagram,Snacks,Retargeting,Pune,Regular,30,47123.780234498074,167081,4869,1874,96,81839.90414458537,8,5727.902606266077
CMP_006,CUST_0967,2026-08-09,Instagram,Snacks,Product Launch,Bangalore,Premium,60,58467.48388269028,352092,15104,7573,382,383906.11601801636,11,21182.502084051717
CMP_020,CUST_0210,2026-07-29,Meta Ads,Packaged Foods,Awareness,Kolkata,Regular,20,58235.745258797135,202774,7222,3206,176,189821.77803279314,5,6694.269669105854
CMP_051,CUST_0417,2026-01-18,LinkedIn,Beverages,Product Launch,Hyderabad,Premium,31,51698.257231147014,270823,7043,2460,120,242232.57964245608,1,2359.1511887931483
CMP_057,CUST_0309,2026-05-12,Email,Beverages,Awareness,Chennai,Premium,26,57790.66347547068,361673,20184,8849,572,1040789.6874738614,7,16759.934774195743
CMP_094,CUST_0305,2026-07-04,YouTube,Packaged Foods,Awareness,Mumbai,Budget,42,12490.41923583968,60163,1406,410,20,11021.576685479744,3,3276.3879705456084
CMP_128,CUST_0582,2026-06-09,YouTube,Personal Care,Product Launch,Pune,Premium,30,48969.77170783491,171251,3833,2232,102,117645.56455186893,5,9494.072609719846
CMP_089,CUST_0492,2026-04-09,Email,Beverages,Conversion,Bangalore,Regular,28,47876.46525965107,114951,8008,4656,344,423970.8044482968,3,4130.059904696385
CMP_119,CUST_0771,2026-03-19,Instagram,Home Care,Seasonal,Pune,Regular,55,27122.36142309241,123222,4346,1326,87,73533.41390551663,11,10034.635023528825
CMP_061,CUST_1370,2026-01-12,YouTube,Beverages,Awareness,Chennai,Regular,49,64326.22283022397,388572,7154,3801,141,94846.8378441532,4,4407.860886594014
CMP_007,CUST_1318,2026-08-31,Meta Ads,Home Care,Seasonal,Delhi,Regular,26,43229.50426447396,162751,6435,3245,182,187204.75680312215,6,8302.094896543053
CMP_015,CUST_0147,2026-05-24,Google Ads,Personal Care,Awareness,Delhi,Premium,20,61377.915221203235,162833,8065,4808,275,355983.4705393406,10,22127.30759225175
CMP_112,CUST_0841,2026-05-24,Google Ads,Personal Care,Conversion,Mumbai,Premium,22,11332.281215933977,88958,3795,1035,41,57599.03796765655,1,3679.488567744128
CMP_118,CUST_0909,2026-09-09,Meta Ads,Home Care,Product Launch,Kolkata,Budget,18,91435.8426120881,219562,7139,1845,122,70675.98984364848,9,14358.681292664289
CMP_132,CUST_0621,2026-04-12,Instagram,Snacks,Product Launch,Bangalore,Regular,48,37172.88489246489,106019,3711,1987,54,40143.01880075756,6,12021.94125278139
CMP_029,CUST_0391,2026-09-12,LinkedIn,Home Care,Product Launch,Mumbai,Regular,18,96229.55929975022,498689,11312,4056,134,212356.22172891413,10,12815.07939014051
CMP_139,CUST_0521,2026-02-13,Meta Ads,Personal Care,Retargeting,Pune,Budget,51,95453.98489121399,361222,13456,6778,397,286321.49519219645,8,13109.978192472441
CMP_137,CUST_1061,2026-01-05,LinkedIn,Snacks,Seasonal,Bangalore,Regular,20,52990.52191415371,127587,3352,1732,69,93591.38099805119,10,21240.841579398748
CMP_109,CUST_0652,2026-04-03,Google Ads,Home Care,Awareness,Bangalore,Regular,62,64017.78981689004,241081,10187,5658,297,279836.24192589207,11,16455.55418868122
CMP_034,CUST_0140,2026-01-28,YouTube,Home Care,Product Launch,Kolkata,Premium,43,21742.119624337098,76406,1554,527,13,12737.42523258121,8,10270.652214790944
CMP_148,CUST_1411,2026-07-08,Google Ads,Personal Care,Awareness,Pune,Regular,43,66655.48902154181,356434,17763,8132,663,741282.4922438867,6,14708.065596024862
CMP_082,CUST_0667,2026-09-18,YouTube,Personal Care,Retargeting,Bangalore,Regular,26,12006.527747493652,76526,1389,832,31,22025.403494900707,5,4254.220830506295
CMP_073,CUST_0098,2026-06-10,Email,Home Care,Seasonal,Hyderabad,Premium,30,52900.88727944326,182924,16682,6029,608,1128983.4584647978,3,5555.993509522033
CMP_034,CUST_0208,2026-04-05,Meta Ads,Snacks,Seasonal,Bangalore,Premium,57,68215.86686984843,160795,4845,1704,94,97539.39592335212,6,13809.965142825391
CMP_150,CUST_0295,2026-07-27,Instagram,Personal Care,Awareness,Pune,Premium,28,30079.39053134839,185415,6157,2288,164,223982.92666467058,2,5313.218948997571
CMP_121,CUST_1425,2026-06-10,Email,Beverages,Retargeting,Mumbai,Premium,47,82849.04049678949,338677,21634,12398,1004,1597016.6688176051,2,3251.0998623120754
CMP_136,CUST_0160,2026-05-22,Email,Beverages,Conversion,Kolkata,Premium,37,91551.46536481693,319922,14747,3829,383,706887.6735050973,3,9993.261762058619
CMP_075,CUST_1310,2026-06-02,Email,Home Care,Conversion,Kolkata,Budget,58,50560.9155483682,172774,15378,6849,438,351848.65029515163,7,6388.619186138564
CMP_038,CUST_0209,2026-03-17,Google Ads,Snacks,Product Launch,Delhi,Regular,57,54279.96139995446,166828,8633,3739,263,291535.2651155833,1,2705.601412271577
CMP_064,CUST_0350,2026-01-25,Google Ads,Personal Care,Awareness,Hyderabad,Premium,32,93657.48566778508,417690,21417,10908,896,1472353.142280967,4,6467.008351046059
CMP_008,CUST_0307,2026-04-09,Instagram,Packaged Foods,Retargeting,Hyderabad,Regular,59,71492.28360965011,169886,6049,2984,120,112234.36880840609,4,7042.614725351593
CMP_083,CUST_0319,2026-04-21,YouTube,Personal Care,Awareness,Hyderabad,Budget,20,31884.224578198722,95110,1729,606,23,12439.318897631238,8,6002.388257316435
CMP_126,CUST_0216,2026-09-01,YouTube,Packaged Foods,Awareness,Mumbai,Budget,21,40773.23149842968,138713,3046,1680,57,35746.927142806235,5,4797.72827969932
CMP_100,CUST_1373,2026-03-30,Instagram,Snacks,Retargeting,Pune,Premium,57,11830.057348878163,44599,1497,405,19,20019.870639732508,11,24717.09007842839
CMP_079,CUST_0378,2026-06-14,Meta Ads,Packaged Foods,Product Launch,Bangalore,Budget,32,13018.322780023946,51273,1643,812,32,20954.19324672502,11,9451.0708564397
CMP_021,CUST_0377,2026-09-11,Meta Ads,Personal Care,Retargeting,Mumbai,Budget,40,93164.9897865354,373631,9529,3463,174,112595.48396786851,1,808.6828042921794
CMP_032,CUST_1418,2026-06-02,Google Ads,Snacks,Awareness,Pune,Regular,39,75408.86853840199,372361,18803,10631,709,935680.0900141214,9,10344.953260496117
CMP_040,CUST_1051,2026-06-29,Instagram,Packaged Foods,Product Launch,Delhi,Budget,52,82352.5385063542,323684,10302,4702,295,183337.43871062156,2,2799.402963783644
CMP_029,CUST_0662,2026-03-27,Meta Ads,Personal Care,Awareness,Delhi,Premium,30,47221.38292858118,290824,8917,4976,326,365410.7433361371,7,18815.825874799662
CMP_041,CUST_0518,2026-05-18,YouTube,Personal Care,Product Launch,Bangalore,Budget,54,36440.5259893239,280172,5575,2646,123,64190.096877895565,2,2230.2347551947
CMP_073,CUST_0846,2026-06-30,YouTube,Packaged Foods,Conversion,Kolkata,Regular,55,83612.71287615756,292059,4882,2622,73,58972.01555161896,3,4903.552305224083
CMP_059,CUST_0988,2026-01-18,Google Ads,Home Care,Seasonal,Bangalore,Premium,59,49409.535753727534,354761,14838,6894,516,807753.1098545814,2,2817.1660484133863
CMP_150,CUST_1057,2026-01-24,Email,Snacks,Retargeting,Bangalore,Regular,43,30462.281196325614,178620,13016,7223,875,1225543.2142472502,10,24364.394914564415
CMP_143,CUST_0584,2026-03-06,LinkedIn,Snacks,Seasonal,Pune,Premium,44,92921.99748230819,258125,6655,2894,138,269473.76069593534,6,27674.870869176935
CMP_114,CUST_0404,2026-07-01,Google Ads,Snacks,Seasonal,Bangalore,Regular,42,96865.50304761203,466950,19175,10922,872,1077780.6455637524,5,5062.98473616394
CMP_091,CUST_0568,2026-08-14,Email,Personal Care,Conversion,Hyderabad,Premium,49,24123.600631405097,55307,3782,2110,242,374761.3060677459,4,16761.375918004192
CMP_088,CUST_0896,2026-03-24,Email,Beverages,Conversion,Bangalore,Premium,28,43840.10072565723,120413,9072,2805,226,432664.72939221957,1,3586.8876290914527
CMP_035,CUST_0450,2026-08-30,LinkedIn,Snacks,Product Launch,Hyderabad,Budget,41,11221.536650292453,30866,791,407,14,14658.931231752058,10,17421.841512729447
CMP_066,CUST_0594,2026-06-16,LinkedIn,Packaged Foods,Seasonal,Bangalore,Premium,31,98089.58063476457,512742,9312,5360,180,311463.9332829973,4,17067.358385946074
CMP_077,CUST_0886,2026-03-14,Google Ads,Home Care,Product Launch,Delhi,Premium,46,21656.127940979768,68021,2693,710,71,90645.3664835626,8,20057.12161787705
CMP_054,CUST_0608,2026-06-08,Meta Ads,Packaged Foods,Awareness,Mumbai,Budget,45,65135.74029054364,250096,5995,2726,147,117416.74390127345,4,3306.011995199756
CMP_143,CUST_0266,2026-03-02,Instagram,Packaged Foods,Conversion,Hyderabad,Budget,37,34812.538486901976,80181,2216,1168,81,53723.1062239764,1,1404.9027501572277
CMP_037,CUST_0218,2026-06-29,Meta Ads,Packaged Foods,Product Launch,Delhi,Budget,43,91728.52114229559,289123,8093,4331,247,160971.43164067043,7,6552.1640655716055
CMP_088,CUST_0819,2026-03-28,Email,Beverages,Product Launch,Delhi,Premium,29,25660.819334770138,70214,7082,2231,164,276859.538250574,3,8562.239184443912
CMP_044,CUST_1316,2026-09-04,Meta Ads,Personal Care,Awareness,Chennai,Budget,22,75794.10365619569,273102,8657,4883,180,114489.40631454872,10,9614.104310926406
CMP_075,CUST_0138,2026-02-10,Google Ads,Snacks,Awareness,Pune,Regular,35,5972.610244719562,27888,1171,591,41,42233.72129058445,7,6230.789145706358
CMP_060,CUST_0148,2026-07-30,Meta Ads,Packaged Foods,Retargeting,Bangalore,Premium,40,52887.29650405906,418145,15917,6863,338,375383.7976541176,11,31268.477096469825
CMP_040,CUST_0444,2026-05-18,LinkedIn,Packaged Foods,Seasonal,Bangalore,Premium,29,13311.235514566426,29823,816,285,11,19202.48790361907,1,3339.463078797745
CMP_090,CUST_0521,2026-09-23,YouTube,Packaged Foods,Retargeting,Chennai,Budget,52,90890.52719315566,340109,5983,1541,46,26451.16726866834,8,8349.993510068052
CMP_043,CUST_1212,2026-01-26,Email,Personal Care,Retargeting,Kolkata,Regular,54,40856.02254070694,114485,9284,4600,583,662615.5914262141,9,18674.311959016763
CMP_115,CUST_0867,2026-02-17,LinkedIn,Home Care,Retargeting,Kolkata,Budget,50,37498.458914064366,135114,3591,1194,43,38739.08133269605,7,8198.389773974022
CMP_008,CUST_0090,2026-03-16,YouTube,Personal Care,Awareness,Delhi,Budget,45,96482.39944555807,435349,6410,3236,117,58340.89791512979,8,7585.062922940547
CMP_021,CUST_0156,2026-01-14,Google Ads,Personal Care,Conversion,Bangalore,Budget,45,63589.12121972199,146130,5745,3344,268,239759.66058407302,2,1846.444179270342
CMP_026,CUST_0422,2026-02-28,Meta Ads,Home Care,Retargeting,Delhi,Regular,21,43764.49643878069,115899,3633,1660,129,138997.4917704225,3,4543.342250344129
CMP_129,CUST_1068,2026-07-31,Meta Ads,Beverages,Retargeting,Delhi,Budget,28,94876.36366505924,336258,11623,6506,392,249962.50201112867,9,12617.702961449624
CMP_010,CUST_1078,2026-07-05,Email,Packaged Foods,Product Launch,Chennai,Regular,32,98300.85287672488,237773,24151,11473,901,1087097.3403882317,1,2002.1529777693459
CMP_090,CUST_1454,2026-06-27,Meta Ads,Packaged Foods,Product Launch,Delhi,Regular,43,24919.48390953248,83519,1753,920,38,30465.032611449362,10,12833.921894160727
CMP_114,CUST_0266,2026-02-07,Instagram,Packaged Foods,Retargeting,Hyderabad,Regular,54,25694.849629902496,60340,1956,1144,74,66491.59363496007,6,6495.486502417938
CMP_149,CUST_1189,2026-01-28,Meta Ads,Personal Care,Retargeting,Pune,Budget,54,89522.47598020564,482371,12891,5363,358,276832.12477620656,4,5896.448127164028
CMP_119,CUST_1327,2026-08-03,Meta Ads,Packaged Foods,Conversion,Kolkata,Regular,60,38332.30064559612,246252,10525,4002,193,161564.4455589049,1,1633.1032911711713
CMP_044,CUST_1204,2026-04-15,LinkedIn,Packaged Foods,Product Launch,Kolkata,Regular,44,65827.08445994029,192853,5424,2121,110,178126.5403278184,8,24260.74225699896
CMP_122,CUST_0751,2026-04-16,Instagram,Home Care,Conversion,Bangalore,Premium,56,5411.835317887421,15820,673,340,24,32297.204702947114,10,18221.65169816724
CMP_144,CUST_0702,2026-08-13,LinkedIn,Home Care,Retargeting,Delhi,Budget,21,44759.136210184275,131355,2537,1136,64,75908.4719683337,9,9360.648993538063
CMP_150,CUST_0880,2026-05-17,Meta Ads,Beverages,Retargeting,Bangalore,Premium,34,98309.20417608373,538667,18144,9688,366,441550.5926389485,10,14696.45470829812
CMP_007,CUST_0844,2026-05-28,Instagram,Personal Care,Awareness,Delhi,Budget,28,95660.91923948443,487842,8633,2345,154,92883.13551527393,2,1740.7552197680322
CMP_075,CUST_0017,2026-02-20,Google Ads,Snacks,Retargeting,Bangalore,Premium,39,,219640,8739,5118,249,403518.3449896061,4,8133.229757218827
CMP_067,CUST_1235,2026-05-17,LinkedIn,Snacks,Product Launch,Bangalore,Premium,20,40831.55251128327,288019,7432,3748,201,444484.507707081,7,13092.98528098385
CMP_125,CUST_0937,2026-03-23,LinkedIn,Snacks,Awareness,Hyderabad,Premium,24,60108.73406151375,153115,3019,1249,44,82018.73664632137,8,16328.804156969507
CMP_011,CUST_0808,2026-04-12,Meta Ads,Snacks,Conversion,Bangalore,Regular,33,14811.380101702964,54482,2078,1110,32,30946.68655159518,3,3921.125173520369
CMP_128,CUST_0441,2026-09-10,YouTube,Packaged Foods,Awareness,Chennai,Regular,62,60717.8687398804,328496,7618,2133,65,47086.233885025395,8,8938.248004314983
CMP_071,CUST_0752,2026-09-27,Meta Ads,Home Care,Awareness,Hyderabad,Premium,62,25309.303801822993,107582,3421,1809,91,102983.88592363357,6,7603.267982646672
CMP_132,CUST_0378,2026-07-31,Meta Ads,Beverages,Product Launch,Kolkata,Premium,62,,162259,4615,2141,152,161014.04351903877,8,21905.768862814995
CMP_026,CUST_0612,2026-01-27,Email,Packaged Foods,Seasonal,Delhi,Premium,50,18743.950399738947,88628,5315,1820,272,515582.43686649326,8,22246.112365977846
CMP_074,CUST_0647,2026-03-03,Google Ads,Personal Care,Product Launch,Delhi,Premium,61,23896.62016477379,161432,5060,2604,194,321359.5311596041,7,18258.34818720515
CMP_148,CUST_0343,2026-03-27,Instagram,Home Care,Product Launch,Hyderabad,Budget,58,22734.87426257893,65721,2010,950,53,39929.849668051844,5,5138.6472496847655
CMP_125,CUST_0053,2026-05-08,Email,Personal Care,Conversion,Delhi,Regular,40,61493.95840704057,180414,16328,8656,942,1009747.1446004738,3,3747.720289812384
CMP_030,CUST_0972,2026-09-10,LinkedIn,Home Care,Awareness,Pune,Regular,20,30823.360765716894,113222,2699,1275,69,115919.11646511994,4,10461.973516350972
CMP_017,CUST_1392,2026-05-05,Email,Personal Care,Conversion,Chennai,Premium,26,18579.01672954321,55097,4896,1373,107,201453.7571518415,6,9706.447921526831
CMP_119,CUST_0269,2026-08-12,Email,Home Care,Awareness,Chennai,Budget,29,98294.95386454715,257606,16175,4196,561,515009.2418534077,7,15167.66481302916
CMP_050,CUST_0566,2026-08-12,Meta Ads,Personal Care,Retargeting,Hyderabad,Budget,26,72083.71488303607,247622,8004,4598,269,170032.01263841803,8,11904.963910545592
CMP_080,CUST_0910,2026-09-08,Google Ads,Home Care,Product Launch,Pune,Premium,43,84813.1256170452,287354,12710,5802,449,729090.5668456435,7,22200.180908105132
CMP_130,CUST_0010,2026-07-07,Email,Home Care,Product Launch,Bangalore,Budget,48,88861.6117833646,579392,48964,20874,2499,2785675.160990803,2,3576.932288354858
CMP_093,CUST_1250,2026-03-04,Email,Home Care,Product Launch,Hyderabad,Budget,57,81622.68914930553,534074,38385,11960,1328,1482617.3276080287,4,8039.293738279337
CMP_070,CUST_0732,2026-02-16,Google Ads,Beverages,Product Launch,Pune,Budget,63,10704.907822526558,35316,1335,430,27,23254.332840047096,4,5694.38253865646
CMP_043,CUST_0725,2026-07-20,Instagram,Home Care,Retargeting,Hyderabad,Premium,43,69917.37156176375,479422,13492,6600,343,463409.4855680978,1,2418.3887580212163
CMP_032,CUST_0578,2026-04-21,Instagram,Beverages,Awareness,Mumbai,Premium,39,79103.96585449265,634091,20946,7814,346,452559.2853935351,11,22178.566885411758
CMP_018,CUST_0079,2026-02-03,Email,Home Care,Seasonal,Pune,Budget,39,64585.13230930848,258275,15095,9043,1122,1125608.4562664577,9,13837.046682596967
CMP_006,CUST_0853,2026-08-22,LinkedIn,Home Care,Awareness,Hyderabad,Premium,59,90534.33179987481,352026,8347,3737,177,292754.89523892006,9,31565.114473322097
CMP_097,CUST_0882,2026-07-22,Google Ads,Personal Care,Product Launch,Bangalore,Premium,42,41293.1460181259,94833,3376,1591,117,191171.17455340907,7,15924.12343711876
CMP_088,CUST_1102,2026-07-20,LinkedIn,Personal Care,Conversion,Pune,Premium,46,9303.037240037615,33908,607,317,13,28668.981729895724,3,8611.4138332974
CMP_132,CUST_1190,2026-05-21,LinkedIn,Beverages,Conversion,Kolkata,Regular,62,90528.22630770125,215895,4201,1710,62,80268.28845736671,5,16631.15164394356
CMP_021,CUST_1309,2026-06-22,YouTube,Personal Care,Conversion,Bangalore,Premium,58,77803.0565639503,321899,6450,3084,77,88354.73660829471,10,12953.081678290791
CMP_047,CUST_0461,2026-07-21,Instagram,Packaged Foods,Awareness,Chennai,Budget,56,95186.80359768153,320774,14350,8062,471,280411.17868341244,10,12223.118672473303
CMP_072,CUST_1232,2026-03-06,Google Ads,Home Care,Retargeting,Hyderabad,Premium,30,78509.90836241473,313310,17069,5041,505,753987.1524890988,9,26991.025382828757
CMP_121,CUST_0135,2026-07-18,Meta Ads,Beverages,Seasonal,Pune,Budget,24,89357.52458152072,483015,17941,8505,428,301072.0297083659,4,5126.6521548318715
CMP_053,CUST_1385,2026-06-22,YouTube,Home Care,Seasonal,Delhi,Budget,46,53992.25688729056,162161,3157,1222,55,35483.20870468943,5,6328.422646874252
CMP_050,CUST_0837,2026-03-05,Meta Ads,Personal Care,Conversion,Mumbai,Regular,32,55551.824207202575,180038,4179,2449,122,100402.90652062888,2,3641.1278270920943
CMP_102,CUST_0089,2026-05-24,Google Ads,Beverages,Product Launch,Chennai,Regular,25,32515.56048142465,91816,3775,1698,206,200339.2311759792,3,6005.502183320161
CMP_004,CUST_1218,2026-02-25,LinkedIn,Snacks,Conversion,Bangalore,Budget,24,10111.106599233073,24438,539,151,8,9209.666998404819,4,7783.198462579656
CMP_008,CUST_0563,2026-08-10,LinkedIn,Packaged Foods,Retargeting,Delhi,Premium,46,65124.160501939215,167166,4273,1969,75,120888.02641665026,11,29109.172441767074
CMP_006,CUST_0132,2026-09-02,Meta Ads,Personal Care,Conversion,Delhi,Premium,34,7903.520269677806,19580,613,179,15,19537.23311879282,3,8937.133335815304
CMP_120,CUST_0464,2026-02-18,Instagram,Packaged Foods,Awareness,Chennai,Premium,59,69581.88215527148,170661,5368,2885,216,217108.86682776522,1,2637.3854005451926
CMP_108,CUST_0592,2026-08-24,YouTube,Beverages,Product Launch,Bangalore,Regular,41,87894.00381892611,253207,4393,2215,48,38834.83511245205,7,8352.795365452368
CMP_029,CUST_1337,2026-06-11,Google Ads,Packaged Foods,Seasonal,Bangalore,Regular,27,9034.57038496538,33721,1379,758,67,63903.899813457516,1,1385.513864461268
CMP_057,CUST_0840,2026-08-02,LinkedIn,Personal Care,Seasonal,Mumbai,Budget,40,19244.425616204284,72696,1696,713,22,27210.39396425776,4,7965.2805405229465
CMP_015,CUST_0998,2026-07-13,Instagram,Snacks,Retargeting,Chennai,Premium,22,47239.49504314738,130232,4482,1971,120,123901.08792136844,7,18703.74702174099
CMP_041,CUST_0582,2026-01-17,LinkedIn,Beverages,Retargeting,Hyderabad,Budget,24,88290.70862308865,436057,11395,3959,120,144008.98576729998,4,6397.607989953031
CMP_070,CUST_1352,2026-04-14,Instagram,Personal Care,Retargeting,Kolkata,Budget,47,8050.588916393029,22036,705,348,20,10926.194846533186,8,4740.249852539251
CMP_109,CUST_0446,2026-04-09,LinkedIn,Home Care,Seasonal,Delhi,Regular,32,49458.966709246284,310096,7414,2529,135,203814.17531111315,8,12844.021149109773
CMP_081,CUST_0250,2026-03-25,Instagram,Beverages,Awareness,Chennai,Regular,42,43917.14639247011,170110,5609,2377,111,83094.73890307198,9,18441.82355575758
CMP_082,CUST_1034,2026-08-31,Instagram,Personal Care,Product Launch,Hyderabad,Budget,34,79680.28828703257,351204,10130,4178,267,157260.13421925006,8,4736.843577667319
CMP_124,CUST_0978,2026-09-09,YouTube,Packaged Foods,Seasonal,Bangalore,Budget,40,16386.705074297333,59470,1397,419,20,11156.658395356797,8,5714.1806188495475
CMP_080,CUST_0696,2026-01-15,Instagram,Home Care,Awareness,Kolkata,Premium,36,72126.05559574913,208715,6717,2507,131,143167.1050139146,2,1837.3435516916873
CMP_058,CUST_1137,2026-07-07,Meta Ads,Home Care,Awareness,Delhi,Budget,62,75583.21572411065,290771,8135,3328,117,88346.89269460608,9,13688.638783148164
CMP_074,CUST_1353,2026-01-17,Instagram,Packaged Foods,Retargeting,Chennai,Premium,34,9464.656413770692,44515,1881,775,29,36594.087630999995,4,7412.411493984701
CMP_143,CUST_1032,2026-04-24,Meta Ads,Beverages,Retargeting,Hyderabad,Regular,48,89513.37445325308,276783,7977,3759,194,150541.38435716322,3,6517.283726902834
CMP_041,CUST_0946,2026-05-09,Instagram,Beverages,Retargeting,Chennai,Regular,42,7287.378491017009,54195,1878,987,26,19749.887709390365,11,17751.722974773278
CMP_097,CUST_1187,2026-06-07,LinkedIn,Beverages,Awareness,Pune,Budget,37,22244.650178126,69221,1602,766,39,43718.73469750894,3,6311.3560631031
CMP_092,CUST_0458,2026-09-27,Google Ads,Personal Care,Conversion,Kolkata,Regular,50,29829.873786398217,124715,3720,1649,116,146589.05576421594,1,1829.730393650014
CMP_056,CUST_0615,2026-06-16,YouTube,Home Care,Conversion,Hyderabad,Premium,49,53226.638820008484,158457,2957,1764,61,57882.73409818398,6,5209.428630554223
CMP_146,CUST_1355,2026-08-15,Email,Snacks,Product Launch,Bangalore,Budget,46,39122.81757457368,213860,19665,9997,990,813215.1638139397,4,5592.259950879209
CMP_016,CUST_0956,2026-01-26,Email,Personal Care,Conversion,Delhi,Regular,62,52618.44172417248,153845,13318,3366,303,447060.3872414952,1,1956.3622263453549
CMP_032,CUST_1145,2026-02-24,YouTube,Personal Care,Seasonal,Bangalore,Premium,26,90393.04525950854,439073,8212,3164,118,128513.66862318611,11,24920.990797304603
CMP_037,CUST_0417,2026-07-07,YouTube,Beverages,Seasonal,Chennai,Budget,38,99984.73259525844,282062,6602,3256,149,94248.68938132886,3,3684.7080474551994
CMP_099,CUST_0285,2026-04-20,Meta Ads,Personal Care,Conversion,Pune,Regular,37,91057.41306345319,203283,5001,1751,88,84877.36762919031,3,3654.223110728662
CMP_111,CUST_0608,2026-02-24,Email,Snacks,Seasonal,Hyderabad,Regular,20,70443.49778293897,421880,25572,12568,1112,1576536.4152743851,3,6379.123239308648
CMP_103,CUST_0814,2026-09-29,Email,Snacks,Conversion,Pune,Regular,56,21498.300940471472,82581,8258,4326,299,418558.38066184137,10,27072.87705885278
CMP_031,CUST_1319,2026-09-22,Email,Personal Care,Retargeting,Bangalore,Regular,21,71055.06767110559,298307,24109,12132,1021,1455359.5077793875,7,14628.122442335773
CMP_045,CUST_1443,2026-07-30,LinkedIn,Packaged Foods,Conversion,Kolkata,Budget,32,59191.48223676538,187975,5050,1729,95,116362.97194567772,7,11965.73496043669
CMP_035,CUST_1462,2026-05-23,LinkedIn,Home Care,Awareness,Bangalore,Premium,27,74237.61811365637,238502,5051,2002,82,159702.3753332906,10,26882.527501626773
CMP_049,CUST_0179,2026-01-28,Google Ads,Personal Care,Product Launch,Bangalore,Regular,47,15875.867796120909,124409,4801,2375,135,135397.0608230265,3,7919.436983514562
CMP_063,CUST_0758,2026-01-17,Email,Home Care,Awareness,Bangalore,Budget,28,12443.75165202529,55955,4534,2532,371,353764.5856508739,7,13541.904088724872
CMP_016,CUST_0781,2026-08-24,Google Ads,Beverages,Conversion,Chennai,Budget,61,83220.42222807107,222537,11102,3753,304,284500.4503313296,9,16766.435045275994
CMP_135,CUST_1319,2026-04-08,LinkedIn,Personal Care,Retargeting,Bangalore,Budget,37,6458.12471864687,25391,454,174,5,4972.020197438322,8,11018.092272646278
CMP_135,CUST_0082,2026-03-24,LinkedIn,Packaged Foods,Awareness,Delhi,Budget,48,17251.7706089279,81272,2005,866,54,66875.40666638098,7,9583.494066548852
CMP_027,CUST_1053,2026-01-18,Google Ads,Packaged Foods,Retargeting,Bangalore,Regular,29,18412.147379973856,45056,1703,656,25,31551.129750110194,9,13788.072513863717
CMP_064,CUST_0254,2026-09-06,YouTube,Beverages,Seasonal,Delhi,Regular,31,28836.945514513864,133021,2970,1230,54,46493.22694465267,10,17822.979373028866
CMP_092,CUST_0419,2026-07-13,LinkedIn,Snacks,Awareness,Chennai,Premium,31,35440.3847502414,141091,2968,949,43,86906.55134624797,5,22159.753813811472
CMP_016,CUST_0415,2026-09-18,YouTube,Personal Care,Conversion,Kolkata,Premium,46,31852.221601609097,186412,4181,1316,44,51120.54617976558,5,6745.2051559308975
CMP_114,CUST_1009,2026-05-23,Email,Home Care,Product Launch,Mumbai,Regular,29,65775.66855091785,251874,20164,5506,525,583543.966923531,3,8244.919107320618
CMP_090,CUST_0438,2026-06-17,LinkedIn,Snacks,Awareness,Chennai,Premium,22,96938.3553833356,228750,6768,3874,143,255070.95287966015,11,30959.29634307118
CMP_059,CUST_0486,2026-08-18,Google Ads,Beverages,Retargeting,Chennai,Budget,60,66140.05943622686,170445,8892,3048,155,123622.96617508205,11,14979.322918617401
CMP_058,CUST_0805,2026-09-04,LinkedIn,Snacks,Awareness,Hyderabad,Regular,42,43176.691040462254,108880,3103,1329,54,67934.5591506556,9,28628.79041365908
CMP_133,CUST_0012,2026-06-18,Email,Home Care,Product Launch,Hyderabad,Regular,41,58579.12442695325,430272,35614,18693,2169,2826325.4610269694,11,28577.21052542151
CMP_020,CUST_0440,2026-09-01,Google Ads,Snacks,Conversion,Delhi,Regular,38,24911.798897177843,73182,3973,1239,90,116375.40482398416,6,5815.768263368784
CMP_051,CUST_1467,2026-03-10,LinkedIn,Snacks,Product Launch,Bangalore,Premium,42,66240.02608359233,195277,5079,2356,151,326380.7610407997,7,32117.498197539404
CMP_085,CUST_0834,2026-02-24,LinkedIn,Personal Care,Product Launch,Pune,Budget,34,40535.081979640985,142558,3810,1393,70,68136.81350293593,9,23097.685304224087
CMP_001,CUST_0041,2026-03-14,Email,Snacks,Seasonal,Mumbai,Regular,59,91376.16192489392,415542,32411,18296,2631,3645455.036664972,1,2071.000957243092
CMP_039,CUST_0603,2026-08-29,YouTube,Snacks,Product Launch,Mumbai,Budget,36,88519.4393615768,245104,4596,1539,68,34650.65872360786,7,8695.806348162247
CMP_093,CUST_0513,2026-06-13,Google Ads,Snacks,Awareness,Delhi,Premium,52,31382.53948129576,89370,2991,1730,109,159243.07446937016,7,12159.14020755978
CMP_006,CUST_0951,2026-02-13,Google Ads,Home Care,Awareness,Chennai,Regular,57,53236.62854009733,255753,11131,4713,314,325387.12040341535,7,11308.517057543851
CMP_016,CUST_1298,2026-08-18,Google Ads,Personal Care,Conversion,Bangalore,Budget,53,43743.93401167165,163732,6952,2713,161,128536.27905022798,11,16776.246504080722
CMP_069,CUST_0649,2026-06-01,Google Ads,Beverages,Product Launch,Pune,Regular,43,43083.86824760994,189288,8178,4800,436,491736.8984916252,6,15230.855365928073
CMP_098,CUST_1118,2026-02-04,Google Ads,Home Care,Seasonal,Mumbai,Premium,32,50243.978848138395,345668,10647,5112,374,659882.0209291246,11,15585.255996563314
CMP_049,CUST_0284,2026-07-09,Instagram,Packaged Foods,Product Launch,Mumbai,Budget,39,31168.032363415023,105973,4300,2416,107,64542.900407210655,1,694.4041282218267
CMP_072,CUST_1366,2026-08-03,Meta Ads,Home Care,Seasonal,Kolkata,Premium,23,43031.794787714,102284,3016,1175,77,107265.92792477075,1,2846.4040853603537
CMP_083,CUST_0536,2026-05-27,Email,Snacks,Awareness,Delhi,Premium,25,99952.13067817838,468442,36594,15615,1238,1910196.7588493377,7,25992.661100475667
CMP_145,CUST_1046,2026-03-19,Instagram,Home Care,Awareness,Delhi,Premium,64,83124.40131285772,316914,10361,2860,172,232030.52778352075,9,23068.183513072934
CMP_113,CUST_1195,2026-01-06,Instagram,Beverages,Retargeting,Pune,Budget,36,66162.78782253068,277093,9950,5070,256,163968.77295066635,5,5541.265032994782
CMP_055,CUST_0501,2026-07-24,Google Ads,Packaged Foods,Product Launch,Pune,Budget,34,88136.08582655196,204251,9493,4588,275,219431.63337529622,3,2257.131157835751
CMP_129,CUST_1321,2026-04-12,YouTube,Snacks,Awareness,Bangalore,Budget,52,73287.64795809015,300931,6285,2211,84,47263.120717186015,2,1809.5060866643234
CMP_054,CUST_1024,2026-06-29,Google Ads,Home Care,Awareness,Bangalore,Regular,26,68907.77641742307,417281,16141,5010,363,473059.17248729797,11,19961.31096745944
CMP_120,CUST_1357,2026-04-11,Email,Personal Care,Product Launch,Bangalore,Regular,40,69451.66943162485,303539,24720,10173,1726,1858028.583355444,10,25470.230456837307
CMP_118,CUST_1443,2026-07-26,Instagram,Home Care,Retargeting,Hyderabad,Budget,55,18557.22857532225,76769,2637,956,52,32831.95782383936,9,12433.390497376853
CMP_127,CUST_1148,2026-06-05,LinkedIn,Home Care,Conversion,Kolkata,Regular,24,66926.1269767969,236014,7467,4387,214,353460.12761015916,4,5995.1484226832845
CMP_008,CUST_0450,2026-09-08,Email,Snacks,Seasonal,Bangalore,Premium,28,50872.91734147092,115329,10178,2901,302,570922.9723897834,10,19157.929109038367
CMP_145,CUST_0858,2026-01-05,YouTube,Beverages,Retargeting,Pune,Premium,27,91450.98050073379,335413,9427,4322,130,149172.2286311141,10,8954.682710523613
CMP_127,CUST_0693,2026-07-20,Meta Ads,Snacks,Conversion,Pune,Premium,22,47128.85548054136,184185,5841,3193,201,281083.76440012036,9,9679.005923448694
CMP_064,CUST_0501,2026-05-18,Meta Ads,Beverages,Product Launch,Mumbai,Regular,31,96037.83168255031,695132,18729,9095,448,364887.000387754,2,4165.287503676445
CMP_019,CUST_0532,2026-08-27,Email,Personal Care,Seasonal,Pune,Regular,32,48945.58174873118,322798,23783,6899,858,934075.6064353806,7,18480.23274023882
CMP_147,CUST_0047,2026-08-29,YouTube,Snacks,Seasonal,Hyderabad,Regular,27,96900.72623190214,236021,6311,3160,79,59423.06618963001,1,614.5070218243612
CMP_071,CUST_1443,2026-07-25,Instagram,Beverages,Awareness,Hyderabad,Premium,50,21256.851430970433,83054,3208,1133,46,45284.932403127175,11,17123.859346573034
CMP_133,CUST_0273,2026-04-17,Instagram,Packaged Foods,Seasonal,Kolkata,Premium,56,73478.23150882704,246403,8661,3802,223,241971.68096639283,2,3718.53771760479
CMP_131,CUST_1183,2026-01-27,Google Ads,Home Care,Conversion,Delhi,Budget,37,69495.50562627637,226842,12622,7536,405,291988.99404073256,5,6429.109465307587
CMP_073,CUST_0504,2026-02-05,Google Ads,Snacks,Conversion,Chennai,Regular,44,37670.80405539351,92409,3149,1211,80,87372.4932284161,9,13769.077554008198
CMP_113,CUST_1239,2026-02-26,YouTube,Packaged Foods,Seasonal,Delhi,Regular,26,19466.017213242256,63838,1218,633,18,13250.509087050692,4,3315.5499627691797
CMP_075,CUST_0184,2026-02-26,YouTube,Home Care,Retargeting,Mumbai,Premium,19,12316.264323139056,51336,1053,454,11,13157.04965718242,10,13148.843296171595
CMP_014,CUST_1124,2026-08-13,Google Ads,Snacks,Awareness,Kolkata,Regular,25,29139.901503923018,112667,5583,2916,262,324651.3290412135,5,13268.290069610905
CMP_098,CUST_1023,2026-02-21,LinkedIn,Beverages,Awareness,Delhi,Budget,31,26039.670058196596,190289,4203,1603,94,91017.68075644285,8,16128.276611507365
CMP_140,CUST_0438,2026-09-13,LinkedIn,Home Care,Conversion,Delhi,Regular,29,25159.11579363973,70794,1667,478,13,20340.669388849583,4,9433.453323303147
CMP_113,CUST_0557,2026-09-06,LinkedIn,Snacks,Seasonal,Bangalore,Premium,47,80002.25079860984,305674,6539,3520,123,251898.12990980895,5,18655.771985961812
CMP_075,CUST_1396,2026-02-24,Google Ads,Personal Care,Conversion,Mumbai,Budget,29,93337.3159766721,275167,11135,5123,349,265658.02585095284,8,15775.818065899053
CMP_039,CUST_0032,2026-04-18,YouTube,Packaged Foods,Product Launch,Kolkata,Budget,33,82560.02225464689,215122,4391,2556,94,57458.40212232548,3,3918.3599065519497
CMP_124,CUST_0255,2026-03-10,Instagram,Beverages,Awareness,Mumbai,Budget,44,32080.510363209993,98463,2885,1729,68,46583.715567777435,2,2216.952340656857
CMP_106,CUST_1415,2026-09-15,Email,Personal Care,Awareness,Delhi,Budget,60,40098.27840468708,288837,25573,11114,1479,1412625.1821261274,3,5017.800740426234
CMP_054,CUST_1297,2026-07-17,Email,Packaged Foods,Awareness,Chennai,Budget,57,13751.101716460938,30597,2126,876,165,140615.70889572133,8,15871.009722060215
CMP_099,CUST_0006,2026-07-31,LinkedIn,Snacks,Conversion,Kolkata,Budget,52,76144.57159528344,286302,5534,3252,118,146833.32257286183,7,6833.844877014408
CMP_060,CUST_0379,2026-03-12,Email,Personal Care,Conversion,Hyderabad,Regular,64,25129.56479280487,183842,9947,4376,442,470004.405290881,9,17849.296162943654
CMP_050,CUST_0615,2026-07-21,YouTube,Home Care,Seasonal,Pune,Budget,31,63105.320630861774,359863,7634,2627,117,56412.634566653825,4,2105.6669212284082
CMP_092,CUST_0828,2026-05-13,Meta Ads,Packaged Foods,Seasonal,Delhi,Budget,41,37455.203672951124,174918,5124,2076,161,117873.51146471563,10,15094.382724605108
CMP_106,CUST_0895,2026-04-28,Email,Snacks,Awareness,Delhi,Regular,32,76198.50982447287,448158,31345,10520,1223,1409308.1687779461,4,7503.754543772762
CMP_140,CUST_0913,2026-04-18,LinkedIn,Snacks,Awareness,Mumbai,Budget,25,81277.96457772922,286814,7857,2052,100,96081.81957631848,11,26328.45758810833
CMP_067,CUST_0423,2026-04-28,YouTube,Packaged Foods,Product Launch,Pune,Premium,56,11153.279245869488,33779,724,288,8,9467.0449821294,8,9568.432492508051
CMP_123,CUST_0554,2026-07-13,Meta Ads,Personal Care,Retargeting,Bangalore,Budget,25,19375.063872524326,47065,1432,614,26,16928.763773243056,8,9727.86529956506
CMP_115,CUST_0282,2026-01-07,YouTube,Packaged Foods,Seasonal,Pune,Premium,63,98728.22138500932,776657,17877,8514,397,402253.8137845286,10,14869.870110756809
CMP_048,CUST_0503,2026-05-19,Google Ads,Snacks,Conversion,Delhi,Budget,54,24691.914055662004,96529,4763,1397,113,110025.1937810595,9,9105.59544964155
CMP_143,CUST_0607,2026-06-05,Instagram,Snacks,Awareness,Mumbai,Regular,28,69274.33002505402,301417,10364,2876,171,128913.72802030983,2,4175.056856395137
CMP_004,CUST_1230,2026-04-04,LinkedIn,Snacks,Product Launch,Bangalore,Premium,35,20080.50225285192,68594,1492,863,50,101637.335111048,7,32020.911138685264
CMP_073,CUST_0214,2026-09-23,YouTube,Snacks,Product Launch,Mumbai,Regular,25,77845.16318205486,480620,9461,5213,229,193243.0888720728,2,1829.1533480797932
CMP_147,CUST_1364,2026-02-21,Google Ads,Snacks,Conversion,Pune,Budget,19,6268.481279939529,21393,1225,378,32,23988.982697052856,2,1541.3482476341828
CMP_125,CUST_1426,2026-08-19,Instagram,Personal Care,Retargeting,Bangalore,Budget,46,24007.803337818015,61703,1658,777,34,19255.155772307946,9,5465.666883026305
CMP_132,CUST_1320,2026-05-24,YouTube,Packaged Foods,Awareness,Chennai,Premium,23,50263.26520640562,340010,5379,1770,45,49459.15402267661,7,17304.257227781527
CMP_121,CUST_0575,2026-05-29,LinkedIn,Home Care,Awareness,Bangalore,Regular,49,34093.65655583989,76018,2309,1216,58,93021.61035668351,4,11463.922395486808
CMP_146,CUST_0681,2026-07-14,Google Ads,Snacks,Retargeting,Delhi,Premium,45,7527.021893985515,42055,2104,777,56,91384.06017854535,5,12426.750664536494
CMP_049,CUST_0747,2026-02-07,Email,Beverages,Conversion,Bangalore,Budget,34,73882.21149853567,213910,15304,7395,682,653687.3446119782,2,4520.401474967434
CMP_105,CUST_1423,2026-01-04,LinkedIn,Snacks,Retargeting,Chennai,Budget,59,36864.38966219363,95143,2220,872,49,57337.770119615656,2,4944.606964196968
CMP_091,CUST_0264,2026-05-01,YouTube,Personal Care,Retargeting,Pune,Premium,56,51269.64328488636,427167,8331,3610,159,167110.04269209603,3,4261.691270613846
CMP_070,CUST_1090,2026-01-31,LinkedIn,Packaged Foods,Awareness,Bangalore,Budget,59,75438.64954004258,241057,6088,2058,51,47306.79588513242,10,23870.929297592607
CMP_022,CUST_0995,2026-07-14,LinkedIn,Beverages,Seasonal,Mumbai,Budget,41,44521.63009555636,337263,9347,3674,209,191540.9972101221,11,18306.909636545588
CMP_057,CUST_1250,2026-05-21,LinkedIn,Beverages,Conversion,Hyderabad,Regular,34,99982.17686391722,331523,9825,4850,236,342720.87424656743,6,9234.796104141313
CMP_017,CUST_0604,2026-07-13,Email,Home Care,Product Launch,Bangalore,Regular,62,84301.07234925318,297956,32315,12273,1467,2170682.954819012,6,6526.351451604593
CMP_078,CUST_1398,2026-05-05,Email,Personal Care,Product Launch,Kolkata,Regular,53,41597.11169764823,207872,13121,7599,862,1073765.2412973763,5,11887.978453611307
CMP_105,CUST_0922,2026-02-16,LinkedIn,Beverages,Retargeting,Mumbai,Budget,53,71923.88091495197,207348,4736,1773,91,107149.39089386813,10,20501.04882774236
CMP_044,CUST_1183,2026-04-08,Meta Ads,Personal Care,Product Launch,Hyderabad,Premium,41,97022.45088993374,493335,14246,4174,208,251430.3095290544,10,13760.443760332935
CMP_142,CUST_0921,2026-02-21,YouTube,Packaged Foods,Retargeting,Bangalore,Regular,60,9487.455327009944,25693,474,258,10,6398.254111513863,5,5244.2907492470285
CMP_083,CUST_0057,2026-05-27,Email,Home Care,Awareness,Kolkata,Budget,63,31525.880973889205,175886,14384,6460,596,578887.5952116459,11,13491.331647909408
CMP_083,CUST_0145,2026-02-19,YouTube,Personal Care,Product Launch,Hyderabad,Premium,61,8200.534531853362,24766,488,246,8,7734.9969150678035,9,14109.65888981841
CMP_135,CUST_1403,2026-08-15,Meta Ads,Home Care,Retargeting,Mumbai,Regular,28,39660.65381841987,194560,5197,2247,137,108177.77573033655,11,19116.89361374689
CMP_128,CUST_0324,2026-03-26,Instagram,Snacks,Seasonal,Delhi,Regular,58,62956.55843876323,175291,6534,3234,135,113348.33882243746,5,6109.722370451649
CMP_140,CUST_1397,2026-08-14,Instagram,Packaged Foods,Awareness,Pune,Budget,60,73520.88489729457,286620,10674,3994,236,157380.8451822809,10,9147.683464868618
CMP_023,CUST_0337,2026-07-28,Instagram,Home Care,Awareness,Bangalore,Budget,45,80447.09666346996,248408,10556,2926,99,64186.86233194,3,4271.783264979872
CMP_024,CUST_1247,2026-03-11,Google Ads,Snacks,Conversion,Delhi,Regular,53,61232.41333584061,170366,7755,2782,209,217511.8424509399,5,13616.1647907186
CMP_012,CUST_0443,2026-09-08,Instagram,Snacks,Conversion,Hyderabad,Budget,48,18227.277623585644,45669,2016,794,47,33588.78182440982,11,15524.372156706564
CMP_119,CUST_0471,2026-01-27,Email,Beverages,Conversion,Hyderabad,Budget,56,71961.55753609685,262566,15768,4307,289,318497.9269331326,3,6211.793416630569
CMP_023,CUST_0709,2026-08-24,Meta Ads,Beverages,Awareness,Delhi,Premium,21,53236.93550660663,147282,3744,1063,73,90747.70157781131,9,22247.26038107539
CMP_106,CUST_0969,2026-01-01,YouTube,Snacks,Conversion,Delhi,Premium,44,77589.99785430255,308095,5194,1988,66,76016.71027715092,11,22032.79161669449
CMP_038,CUST_0182,2026-06-13,YouTube,Beverages,Awareness,Kolkata,Regular,22,53754.54213669395,373690,8864,2713,107,68788.11442223519,11,16093.69173803213
CMP_044,CUST_0633,2026-05-22,YouTube,Beverages,Seasonal,Bangalore,Regular,47,37183.752775905385,213805,4811,1580,55,40172.02688414771,2,2186.089236969905
CMP_031,CUST_0621,2026-09-29,Google Ads,Packaged Foods,Awareness,Hyderabad,Regular,46,71635.36118609892,240798,11748,3463,278,347642.28795808763,4,4495.123728109315
CMP_059,CUST_1284,2026-02-20,Instagram,Home Care,Seasonal,Delhi,Premium,38,19494.83322525682,96772,3640,1446,50,66063.7057402664,2,2116.524247788033
CMP_061,CUST_1020,2026-08-11,LinkedIn,Snacks,Seasonal,Hyderabad,Regular,40,25125.66207121418,87347,1717,604,23,31271.227102972283,6,9124.465153246538
CMP_015,CUST_0538,2026-01-23,YouTube,Personal Care,Seasonal,Kolkata,Budget,27,64355.620122753615,182518,3206,1753,78,45624.99302581101,8,10998.22250980257
CMP_063,CUST_1329,2026-07-19,YouTube,Personal Care,Conversion,Chennai,Budget,20,64566.43750062823,216148,4808,1967,64,40830.7522309495,4,3476.9817912767285
CMP_108,CUST_0361,2026-05-10,LinkedIn,Home Care,Conversion,Chennai,Budget,21,74828.67108983766,225903,5438,1488,70,73296.74796550092,10,23653.28275015875
CMP_130,CUST_1058,2026-08-10,YouTube,Personal Care,Conversion,Kolkata,Premium,32,19212.27161838146,50603,855,354,15,14490.09990568364,7,8064.59557973859
CMP_134,CUST_0488,2026-09-01,LinkedIn,Snacks,Retargeting,Chennai,Budget,55,74952.07570395345,213133,6200,3466,194,225989.83856291344,11,27147.512781445384
CMP_059,CUST_1114,2026-03-11,Email,Snacks,Product Launch,Hyderabad,Regular,53,30004.84074366279,103433,7877,2257,254,368187.3952462117,9,26175.91373349383
CMP_011,CUST_1400,2026-06-10,YouTube,Personal Care,Retargeting,Kolkata,Regular,18,76896.43843882339,348289,7666,2720,103,65968.33566166989,8,10139.95996797113
CMP_046,CUST_0028,2026-01-16,LinkedIn,Snacks,Retargeting,Bangalore,Premium,61,95759.89166946152,336865,8645,2468,122,214997.0066514037,3,12961.90563477953
CMP_141,CUST_0194,2026-03-07,Instagram,Beverages,Awareness,Kolkata,Premium,35,22416.639455113116,148807,5964,2350,81,83014.67147595776,6,8439.086395366548
CMP_091,CUST_1353,2026-05-21,Google Ads,Packaged Foods,Retargeting,Delhi,Premium,28,82657.10607833043,202022,9268,3518,259,387170.5703684411,2,6871.7899306773315
CMP_138,CUST_1357,2026-05-09,Google Ads,Personal Care,Conversion,Pune,Premium,49,6415.1936252301775,15142,644,254,21,31331.08053693752,1,2474.004098237415
CMP_047,CUST_1262,2026-01-26,Google Ads,Packaged Foods,Awareness,Kolkata,Regular,56,59670.69802551369,179086,6896,3432,198,203321.63263384035,11,15936.929643183941
CMP_135,CUST_0938,2026-05-21,LinkedIn,Beverages,Awareness,Bangalore,Premium,30,18509.816507399046,63497,1377,644,25,40515.62380294653,1,4117.880972091798
CMP_125,CUST_0201,2026-01-02,YouTube,Personal Care,Conversion,Hyderabad,Premium,42,26241.188805672657,60179,1123,662,26,24720.350603355517,10,17051.42899410011
CMP_125,CUST_1169,2026-03-20,Meta Ads,Packaged Foods,Awareness,Bangalore,Budget,24,82366.39522655407,523488,21376,10622,451,272756.43733915774,2,2976.4478388091884
CMP_064,CUST_0690,2026-02-21,Email,Home Care,Awareness,Bangalore,Premium,36,23651.37127919825,54454,5281,1773,217,336449.8497949249,6,25203.926569190076
CMP_039,CUST_1200,2026-03-21,Instagram,Packaged Foods,Retargeting,Kolkata,Regular,23,97164.61188395914,325360,9122,4233,241,176576.5925144652,4,3003.054601170311
CMP_036,CUST_0156,2026-08-31,YouTube,Beverages,Conversion,Chennai,Budget,41,53072.34122278576,121819,2654,1089,47,29106.52664200335,11,10111.17371522267
CMP_009,CUST_0028,2026-06-23,Meta Ads,Packaged Foods,Seasonal,Hyderabad,Premium,24,33805.4148635453,224176,7790,4339,228,271587.22260272,11,19230.579049990003
CMP_005,CUST_0881,2026-05-16,Google Ads,Packaged Foods,Conversion,Chennai,Premium,21,49730.08039573458,264570,8803,4060,284,413684.8276599831,4,7607.686963032728
CMP_122,CUST_0671,2026-09-25,Meta Ads,Snacks,Product Launch,Delhi,Budget,60,21837.941412346347,56901,1742,889,28,16926.02361578472,6,8866.142378448187
CMP_150,CUST_0594,2026-01-10,LinkedIn,Beverages,Product Launch,Mumbai,Premium,23,20297.71387639318,111493,2905,1723,95,184988.27248272175,8,15904.794113542634
CMP_125,CUST_0948,2026-01-31,Email,Snacks,Product Launch,Delhi,Regular,32,87791.32358766049,353166,30896,13514,1506,1615090.760049625,4,12202.907147818543
CMP_007,CUST_0534,2026-03-13,YouTube,Snacks,Product Launch,Hyderabad,Premium,25,28431.48745180863,75378,1184,579,15,17386.47891209514,2,4603.075242496968
CMP_126,CUST_1045,2026-06-19,Instagram,Snacks,Product Launch,Bangalore,Regular,58,44598.36962813963,130609,5361,2446,70,50950.89257359125,6,5671.209030136337
CMP_052,CUST_0657,2026-07-03,LinkedIn,Snacks,Awareness,Delhi,Regular,38,33949.516637005625,225018,5334,2867,103,137149.25524429613,8,17115.374171628202
CMP_045,CUST_0574,2026-01-30,Email,Home Care,Awareness,Kolkata,Premium,35,40417.27786188909,93129,7789,4602,562,1060197.492154457,7,25733.550909099806
CMP_099,CUST_1123,2026-01-30,Instagram,Beverages,Conversion,Kolkata,Budget,31,85596.31887892236,194548,5764,2228,97,57408.99464382442,4,3471.831525566833
CMP_125,CUST_1344,2026-06-02,Instagram,Packaged Foods,Conversion,Bangalore,Premium,59,75011.72769909244,438945,14615,7277,355,371758.95219558687,7,15643.439761229965
CMP_049,CUST_0184,2026-09-06,YouTube,Packaged Foods,Awareness,Delhi,Premium,26,71456.65751138683,359552,7345,3779,114,118755.1778576415,5,5575.978365212222
CMP_031,CUST_0290,2026-09-13,Email,Home Care,Seasonal,Mumbai,Premium,62,44444.020399947214,211559,12081,3456,377,680948.6792510112,2,4805.191522971275
CMP_038,CUST_0257,2026-09-06,Meta Ads,Beverages,Retargeting,Hyderabad,Premium,54,64445.90288850031,146407,3494,1265,82,109914.70284504912,2,4014.386341969773
CMP_015,CUST_0093,2026-08-03,Meta Ads,Home Care,Product Launch,Pune,Premium,60,80328.12321143952,288421,7764,1988,74,92756.83398786913,3,8458.475652539764
CMP_113,CUST_1130,2026-07-31,Google Ads,Beverages,Product Launch,Mumbai,Premium,59,17342.113650769472,39041,1624,924,86,109026.93752945808,4,10075.585533844387
CMP_029,CUST_0057,2026-06-10,Google Ads,Personal Care,Retargeting,Kolkata,Budget,58,55259.29451690097,282020,11338,3748,261,184703.50752583623,10,8104.208694449182
CMP_027,CUST_0852,2026-06-27,Google Ads,Personal Care,Seasonal,Kolkata,Regular,64,57731.00708880997,398517,12684,4587,199,186520.1752216778,7,13880.31458924888
CMP_048,CUST_1015,2026-07-10,LinkedIn,Beverages,Retargeting,Mumbai,Budget,42,18090.664438505533,93396,2438,771,44,54502.548727620124,8,12678.215740904305
CMP_148,CUST_0144,2026-06-13,Meta Ads,Packaged Foods,Retargeting,Chennai,Budget,34,22181.51157510506,132742,3483,2037,101,61831.03984885378,4,5960.604024518548
CMP_064,CUST_1247,2026-04-14,YouTube,Beverages,Conversion,Mumbai,Premium,39,86773.14094916747,267446,4740,2841,123,118151.41469237398,9,15242.38617563667
CMP_024,CUST_0406,2026-04-11,Instagram,Home Care,Product Launch,Mumbai,Regular,38,82140.37424288521,366702,12213,6741,126,123465.93440290121,1,1769.0184419658085
CMP_072,CUST_0543,2026-06-05,YouTube,Snacks,Product Launch,Hyderabad,Premium,36,28345.992924160983,108929,2200,1305,32,35349.28733370916,10,14176.328341159702
CMP_032,CUST_0425,2026-02-11,Instagram,Personal Care,Product Launch,Bangalore,Budget,50,69804.70876914004,221761,6057,2423,152,108239.05594592885,5,5467.166304826375
CMP_068,CUST_1362,2026-06-04,Meta Ads,Beverages,Product Launch,Hyderabad,Premium,33,9687.007681094088,65732,2286,586,40,57652.69759606935,3,5721.8542079248455
CMP_114,CUST_0435,2026-01-10,LinkedIn,Home Care,Product Launch,Bangalore,Budget,31,56526.10335508971,205331,4658,1597,86,105453.71281001659,11,17540.11353666913
CMP_141,CUST_0367,2026-09-26,Email,Packaged Foods,Conversion,Bangalore,Regular,46,62545.053058948506,169683,12872,6499,843,907983.904414725,7,19093.419682741172
CMP_058,CUST_0059,2026-06-17,Instagram,Beverages,Retargeting,Hyderabad,Budget,57,68260.19760001407,386730,13595,7294,304,209736.20500367193,11,8422.780514032776
CMP_035,CUST_1443,2026-02-17,LinkedIn,Beverages,Awareness,Chennai,Premium,49,58784.02117737261,147247,2961,1104,21,43692.65615913145,8,35764.88051656094
CMP_124,CUST_0713,2026-04-20,Google Ads,Packaged Foods,Product Launch,Kolkata,Regular,32,80607.00375696417,324525,14296,5077,335,351501.86401561997,4,5703.960834836821
CMP_144,CUST_0499,2026-01-06,YouTube,Home Care,Product Launch,Pune,Regular,32,81046.88692653709,413493,4607,1713,57,42551.639313423344,2,3002.1908715102263
CMP_002,CUST_1202,2026-05-22,YouTube,Snacks,Retargeting,Chennai,Budget,56,31564.50302987209,140384,2211,1081,53,32228.12267664824,6,6995.8883435190155
CMP_064,CUST_0241,2026-06-16,YouTube,Beverages,Retargeting,Hyderabad,Budget,28,71532.2742122594,450718,7298,2688,85,48250.69666404918,8,7352.949405246583
CMP_028,CUST_0262,2026-01-09,Meta Ads,Packaged Foods,Conversion,Chennai,Budget,52,37070.523489247185,95211,2786,788,35,23267.48713869264,8,9060.599165678997
CMP_139,CUST_0644,2026-02-16,Meta Ads,Packaged Foods,Seasonal,Chennai,Regular,47,41910.67687183211,188177,4768,2127,136,122379.48218001518,4,2880.892097756389
CMP_141,CUST_0905,2026-01-17,LinkedIn,Personal Care,Conversion,Bangalore,Budget,64,41141.56385598286,103029,2690,1596,50,44963.18689433754,4,10223.28515636604
CMP_025,CUST_1259,2026-05-06,Google Ads,Home Care,Awareness,Pune,Regular,27,34257.622737387515,136806,5673,3400,271,339951.286799188,4,3813.392012808139
CMP_017,CUST_1385,2026-05-18,Meta Ads,Snacks,Awareness,Mumbai,Budget,40,47236.56577614189,186349,5713,2665,159,106963.62170215171,1,1595.4061263811811
CMP_045,CUST_0964,2026-08-10,LinkedIn,Home Care,Seasonal,Mumbai,Regular,24,20967.263779561734,61563,1598,521,23,27710.420121215044,5,7669.068724911338
CMP_015,CUST_1091,2026-07-06,Google Ads,Snacks,Retargeting,Kolkata,Regular,18,15933.95507061993,107065,4434,1375,98,113098.18189339843,5,7574.323088935021
CMP_019,CUST_1083,2026-07-20,Meta Ads,Beverages,Retargeting,Pune,Budget,34,39631.19883622779,221454,7004,3426,177,101987.03104299118,2,2763.5735840470006
CMP_137,CUST_0497,2026-07-20,LinkedIn,Packaged Foods,Awareness,Chennai,Budget,54,57819.878859236735,215018,4946,1723,56,64099.855506788,3,6002.387028681183
CMP_108,CUST_0238,2026-07-05,Email,Beverages,Retargeting,Bangalore,Budget,56,68747.05158560735,156551,11344,2931,305,292271.2438318267,11,11364.5907977357
CMP_148,CUST_0036,2026-09-02,Meta Ads,Beverages,Product Launch,Hyderabad,Regular,20,56862.27558562795,135206,4240,1756,94,93304.6814106683,11,13658.958013977463
CMP_027,CUST_0207,2026-05-23,Instagram,Snacks,Product Launch,Chennai,Regular,22,53226.695698193726,142704,4485,1275,69,67717.13156222574,11,18100.55833212216
CMP_006,CUST_0969,2026-06-13,YouTube,Packaged Foods,Retargeting,Chennai,Budget,44,88729.39420222052,265041,5557,1935,63,35381.02119504832,3,3128.9257548322003
CMP_117,CUST_0151,2026-03-24,Google Ads,Packaged Foods,Retargeting,Hyderabad,Budget,40,48431.89918171351,139423,6673,2449,169,158630.53845381745,2,3193.9442612658568
CMP_072,CUST_0661,2026-02-27,Meta Ads,Snacks,Product Launch,Chennai,Regular,18,50532.084946484116,138483,3942,1876,82,84952.66126976607,1,1604.6015771750333
CMP_051,CUST_1449,2026-05-07,Meta Ads,Packaged Foods,Awareness,Chennai,Regular,23,65464.20676557706,160425,5205,2832,186,176893.45845121006,10,9780.06848534566
CMP_007,CUST_1406,2026-02-27,Instagram,Snacks,Seasonal,Hyderabad,Budget,28,26583.007534021173,120503,4156,2253,107,66339.12886111334,3,4611.27682058357
CMP_031,CUST_0631,2026-06-08,Instagram,Home Care,Awareness,Delhi,Regular,23,77411.05458113727,572976,19627,8177,332,268086.1383443105,7,7669.528025523618
CMP_005,CUST_0643,2026-01-02,Meta Ads,Packaged Foods,Product Launch,Delhi,Budget,42,56857.061342115005,205040,5486,2485,170,124564.4409764474,11,17941.482902028758
CMP_100,CUST_0901,2026-04-21,Google Ads,Beverages,Seasonal,Hyderabad,Regular,45,87041.14649962338,471805,20786,11271,1051,1207241.75144705,9,8991.588535497222
CMP_100,CUST_1266,2026-09-02,YouTube,Personal Care,Seasonal,Chennai,Regular,59,34130.80307603328,134366,3251,1527,52,43789.4025895827,8,7312.24334427234
CMP_125,CUST_0754,2026-07-31,Meta Ads,Packaged Foods,Product Launch,Kolkata,Premium,23,87407.52230330478,622351,20237,5270,292,399407.2815497787,5,10490.861647348866
CMP_070,CUST_0404,2026-08-24,Google Ads,Home Care,Seasonal,Delhi,Premium,24,93329.95168983463,342319,18877,6824,392,624148.8433626154,10,12344.72413123744
CMP_138,CUST_0706,2026-02-25,Email,Packaged Foods,Conversion,Mumbai,Premium,57,18674.93887027631,64746,7008,3772,199,384382.31004565395,1,3831.309217271509
CMP_059,CUST_0128,2026-09-19,Meta Ads,Snacks,Product Launch,Kolkata,Regular,23,91921.32179102191,555899,14409,8448,470,491149.52388860926,5,9889.189192471567
CMP_095,CUST_0555,2026-05-13,YouTube,Snacks,Seasonal,Bangalore,Regular,57,18882.078612814363,99858,2184,633,23,15460.189738119096,7,10222.48760801135
CMP_020,CUST_1459,2026-07-31,LinkedIn,Personal Care,Conversion,Hyderabad,Budget,45,27855.856736041165,66215,1869,654,34,41771.089145898346,9,19936.700699024917
CMP_029,CUST_1089,2026-02-25,Email,Home Care,Conversion,Pune,Premium,42,59661.419727649874,338375,27293,11765,1218,2392703.624070678,1,3868.3040190241104
CMP_149,CUST_0716,2026-01-27,LinkedIn,Packaged Foods,Seasonal,Pune,Regular,18,68132.59807585862,339117,7732,3224,53,88772.05439333439,2,4264.84584136211
CMP_037,CUST_0897,2026-09-26,Email,Packaged Foods,Product Launch,Hyderabad,Budget,56,66291.15658868037,163731,14275,4073,345,299400.6129809076,5,10341.693338870924
CMP_039,CUST_0151,2026-07-07,Google Ads,Packaged Foods,Product Launch,Bangalore,Premium,37,63556.3229823905,207692,10199,4547,351,511297.9406750111,2,7220.4366895994
CMP_073,CUST_1246,2026-06-23,Meta Ads,Packaged Foods,Awareness,Kolkata,Budget,43,45207.638100130396,199740,5759,3129,162,116600.60685971237,5,5975.727374110631
CMP_069,CUST_0165,2026-09-15,Email,Personal Care,Product Launch,Chennai,Regular,60,87735.24531646463,679976,50662,15293,1806,2085143.6911858856,1,3010.774586369106
CMP_025,CUST_0434,2026-03-27,YouTube,Packaged Foods,Conversion,Kolkata,Regular,57,57878.76593158444,352433,6708,2172,60,52257.7871352186,3,5153.383450648942
CMP_131,CUST_1195,2026-05-25,Google Ads,Packaged Foods,Retargeting,Pune,Budget,50,9763.302099759923,34105,1498,593,27,22431.44587483186,8,14634.021564874178
CMP_029,CUST_0767,2026-07-04,Google Ads,Beverages,Retargeting,Mumbai,Premium,63,35292.01917900299,133801,7093,1817,143,250922.18838525013,5,7485.067360776782
CMP_122,CUST_0482,2026-06-19,YouTube,Snacks,Seasonal,Pune,Premium,48,41753.200023498226,101490,2384,906,26,29515.641477665384,11,13299.42463294267
CMP_118,CUST_1071,2026-03-31,Meta Ads,Home Care,Seasonal,Hyderabad,Budget,57,20289.515410146334,82530,1782,677,34,22202.37740605818,1,749.4157146821864
CMP_039,CUST_0908,2026-06-11,Email,Snacks,Seasonal,Kolkata,Regular,62,30886.2719149591,143766,10925,5980,450,488655.5728295976,2,3967.0085792091504
CMP_017,CUST_1104,2026-03-26,YouTube,Snacks,Retargeting,Hyderabad,Regular,21,84769.97719484316,501404,6935,3439,122,81070.2999318684,11,16762.841795944547
CMP_063,CUST_1240,2026-05-14,LinkedIn,Home Care,Seasonal,Pune,Budget,47,11070.11241921241,45216,1106,599,20,20378.239712404276,7,14054.916125142963
CMP_130,CUST_0587,2026-09-11,YouTube,Personal Care,Product Launch,Hyderabad,Regular,29,65125.79226757573,369765,7126,3445,119,90531.4743121692,4,6718.7832039914565
CMP_008,CUST_1323,2026-07-24,Instagram,Beverages,Seasonal,Pune,Regular,27,58226.682818996574,378017,13140,7232,366,281612.05687666545,9,14806.661931690169
CMP_096,CUST_1419,2026-02-13,Instagram,Personal Care,Seasonal,Bangalore,Premium,43,36742.22116814765,109440,4702,2274,97,112569.50295251826,2,2546.4875473956895
CMP_088,CUST_1167,2026-07-14,Instagram,Snacks,Conversion,Kolkata,Budget,60,82896.02146893012,239857,6376,1932,90,52551.96358545524,7,10865.590381254839
CMP_097,CUST_1468,2026-09-19,LinkedIn,Personal Care,Product Launch,Pune,Regular,22,53886.21714069507,136798,3420,1579,91,140990.50296279037,7,24306.712516323994
CMP_034,CUST_1445,2026-07-15,Email,Snacks,Seasonal,Delhi,Budget,45,95064.70792013049,217106,14584,5599,496,515158.8445595011,7,7718.102075432177
CMP_136,CUST_1321,2026-01-23,Email,Beverages,Retargeting,Bangalore,Budget,48,55074.59681893778,241054,19523,8828,618,605473.467650281,2,2888.597362917072
CMP_009,CUST_1236,2026-06-16,Instagram,Beverages,Conversion,Chennai,Premium,30,22236.78417597617,104594,4467,1792,96,119199.05225071558,11,17933.328951488278
CMP_125,CUST_0086,2026-05-23,Email,Packaged Foods,Conversion,Chennai,Premium,29,96151.89169866055,427001,27138,7835,1045,1778246.2018814664,2,6200.500584256479
CMP_068,CUST_1104,2026-03-27,Meta Ads,Packaged Foods,Conversion,Kolkata,Budget,55,50602.57351466733,139932,3327,1059,66,45712.592611965105,6,3930.2525363865257
CMP_047,CUST_0185,2026-03-13,Google Ads,Beverages,Awareness,Chennai,Regular,57,58812.18469570485,360518,14517,3825,242,239711.29105351068,1,2202.0644341129396
CMP_146,CUST_0926,2026-08-03,Instagram,Beverages,Awareness,Bangalore,Premium,19,60435.89285541923,444957,13394,5672,268,314900.7691629412,2,5720.728990935553
CMP_035,CUST_0297,2026-04-20,Google Ads,Packaged Foods,Product Launch,Bangalore,Regular,26,50343.045199996675,203325,8872,3527,198,234489.48756563754,3,7920.0221556889555
CMP_031,CUST_0637,2026-01-24,Google Ads,Packaged Foods,Retargeting,Delhi,Premium,46,43334.727933554976,113054,4944,2191,183,245483.80644732775,10,27217.561252739855
CMP_070,CUST_0684,2026-09-09,Meta Ads,Home Care,Conversion,Pune,Regular,60,9259.930624769459,22097,537,219,22,18944.224164665564,9,8176.623996888475
CMP_141,CUST_0146,2026-02-07,Meta Ads,Beverages,Retargeting,Kolkata,Regular,26,47188.957886587355,314268,9467,4769,309,256931.06907938424,10,13259.441313650424
CMP_047,CUST_1426,2026-08-10,YouTube,Snacks,Product Launch,Chennai,Premium,51,78455.19117474322,216245,4976,2200,55,52367.977053571776,1,1131.3125918544195
CMP_038,CUST_0631,2026-01-26,LinkedIn,Snacks,Retargeting,Kolkata,Budget,23,81107.34426024374,265385,7997,4373,206,259103.60045671638,1,1151.4067792067494
CMP_139,CUST_1280,2026-09-21,Meta Ads,Snacks,Seasonal,Kolkata,Premium,22,23816.17635291876,66113,1768,739,34,43498.978798874195,4,5712.824883939534
CMP_038,CUST_0025,2026-08-25,YouTube,Snacks,Awareness,Kolkata,Regular,50,98931.93781091033,560615,11441,3203,122,77983.35682385741,2,3277.131968061672
CMP_045,CUST_1239,2026-05-08,Meta Ads,Personal Care,Awareness,Kolkata,Regular,20,39746.17191963827,91053,2867,898,52,39835.96503304216,9,14647.037258258119
CMP_036,CUST_1184,2026-01-26,LinkedIn,Personal Care,Product Launch,Hyderabad,Budget,44,72505.780666198,293206,7422,2760,155,172161.21466132233,8,18143.909920853126
CMP_047,CUST_0429,2026-02-04,Email,Personal Care,Conversion,Mumbai,Budget,57,96582.69856562845,287866,20711,6225,839,829107.9526437797,9,14791.00490285594
CMP_060,CUST_0321,2026-05-07,YouTube,Home Care,Seasonal,Chennai,Premium,21,88723.31633379344,209635,4021,2292,90,107347.83085624076,9,18405.06199949829
CMP_091,CUST_0117,2026-01-11,Meta Ads,Home Care,Awareness,Delhi,Regular,64,23345.5254498895,81927,2601,805,48,50566.493187970686,11,10328.421222408993
CMP_127,CUST_0980,2026-02-12,Instagram,Snacks,Conversion,Mumbai,Regular,56,44677.04438268245,158560,6856,3518,147,134022.74919373967,7,13197.937166008245
CMP_096,CUST_0457,2026-08-29,YouTube,Beverages,Retargeting,Kolkata,Premium,20,81197.00878410514,589339,12035,5539,162,169934.0734472178,11,23863.733526977932
CMP_082,CUST_0190,2026-08-27,Email,Packaged Foods,Conversion,Delhi,Regular,56,34248.749440743035,104888,9082,3239,304,395301.47425690433,6,10113.09267389641
CMP_083,CUST_0927,2026-01-02,Instagram,Beverages,Conversion,Kolkata,Regular,20,96098.36960064479,507257,22316,12375,607,602300.4986411303,2,3824.218495075339
CMP_043,CUST_0431,2026-01-23,Meta Ads,Home Care,Awareness,Hyderabad,Premium,19,58445.10873059429,130229,3916,1353,83,98127.31029428677,3,5376.439680917421
CMP_087,CUST_1232,2026-06-08,LinkedIn,Packaged Foods,Conversion,Kolkata,Budget,58,81251.44214231793,529967,15908,7962,392,395251.3546019589,8,10706.817300146347
CMP_016,CUST_1240,2026-08-28,Meta Ads,Beverages,Conversion,Mumbai,Regular,20,12499.326457328068,28368,894,292,12,9555.433624875077,5,10177.549650880592
CMP_013,CUST_0006,2026-05-01,Instagram,Snacks,Awareness,Chennai,Budget,46,9963.957844937984,32038,1181,603,26,14545.61669852068,4,5767.378139468454
CMP_138,CUST_0650,2026-04-16,Meta Ads,Home Care,Conversion,Hyderabad,Regular,27,15605.949296144692,40785,1477,449,27,27175.139435170826,8,6810.405925658638
CMP_019,CUST_1132,2026-05-23,Instagram,Personal Care,Product Launch,Chennai,Premium,21,86471.67041780979,555288,18260,8224,385,459989.181322498,7,10057.55714874832
CMP_091,CUST_0002,2026-01-01,Meta Ads,Beverages,Awareness,Delhi,Regular,26,18331.30754551892,110870,3216,1280,70,65097.409356210876,11,18553.13704233493
CMP_124,CUST_0766,2026-03-06,LinkedIn,Personal Care,Seasonal,Mumbai,Regular,60,5851.706923126033,13445,314,92,3,4940.284188965474,5,9958.226947235024
CMP_064,CUST_0770,2026-03-20,Email,Home Care,Conversion,Chennai,Budget,51,74979.99914774652,210442,15115,8907,1590,1368876.730754007,9,20979.381540560906
CMP_034,CUST_0100,2026-03-22,Google Ads,Home Care,Conversion,Delhi,Premium,25,97660.21180181587,324808,10924,3232,232,401952.4497074648,2,5648.913851591174
CMP_071,CUST_0830,2026-04-20,Instagram,Snacks,Retargeting,Bangalore,Premium,57,86009.97074178304,237263,8830,3027,204,240848.53885676956,11,20929.251353929645
CMP_150,CUST_1240,2026-02-11,LinkedIn,Beverages,Awareness,Pune,Regular,24,58640.517174902336,145869,3432,1525,57,86302.94663806052,9,15095.67858472081
CMP_133,CUST_0277,2026-09-22,Google Ads,Packaged Foods,Product Launch,Bangalore,Regular,21,87744.2707010784,462973,16764,5726,324,416190.6512175215,9,18314.70988342881
CMP_001,CUST_0744,2026-07-08,Google Ads,Snacks,Seasonal,Mumbai,Regular,51,56457.657170709725,231546,13523,4051,382,501047.93536119093,9,21503.132515465513
CMP_003,CUST_1095,2026-01-28,Instagram,Packaged Foods,Conversion,Pune,Premium,23,26435.27062264449,110494,2833,1468,65,88554.459173979,9,17437.599493365295
CMP_049,CUST_0803,2026-06-06,Instagram,Personal Care,Retargeting,Kolkata,Regular,22,59164.35564015997,238692,8894,4722,211,184288.83225373825,8,13259.0717393186
CMP_102,CUST_0010,2026-05-03,Google Ads,Packaged Foods,Product Launch,Bangalore,Budget,63,77349.89012600477,234106,11495,3977,343,315776.1697394123,10,9051.856921520464
CMP_110,CUST_0292,2026-07-21,YouTube,Packaged Foods,Product Launch,Kolkata,Premium,34,22270.70371989969,119407,2690,992,36,40212.3627914711,4,7059.435092803937
CMP_138,CUST_0407,2026-05-20,Instagram,Packaged Foods,Conversion,Delhi,Regular,26,76550.09816732025,256752,9799,5846,443,365503.9053215724,5,7160.346987389517
CMP_022,CUST_0307,2026-01-11,Email,Packaged Foods,Product Launch,Kolkata,Premium,40,13811.61030249924,36616,2928,1614,151,230805.85086411564,4,11704.553531979771
CMP_025,CUST_0967,2026-07-26,Instagram,Snacks,Product Launch,Hyderabad,Regular,63,26561.16467777079,163622,4671,2301,97,70082.6597746201,7,5216.612077115333
CMP_101,CUST_0236,2026-09-05,Instagram,Personal Care,Retargeting,Hyderabad,Budget,47,60942.18911878881,211533,6409,2635,166,106592.32964857476,9,13968.721218795838
CMP_085,CUST_0065,2026-05-16,Email,Snacks,Conversion,Hyderabad,Regular,41,45163.57643904465,101100,6366,3435,280,349343.256258977,5,10998.49511103971
CMP_064,CUST_0243,2026-05-07,LinkedIn,Beverages,Awareness,Hyderabad,Budget,64,38815.45046651363,317579,7958,3525,157,193277.44095806245,11,28523.23387103055
CMP_138,CUST_1001,2026-07-08,Email,Beverages,Seasonal,Hyderabad,Regular,25,81502.67188225125,218413,19284,5545,524,689671.5113761046,10,30843.774276709002
CMP_112,CUST_0557,2026-03-04,Instagram,Beverages,Seasonal,Delhi,Premium,47,68961.58487605468,201636,7451,2214,44,59445.73115920278,9,25729.232544581428
CMP_103,CUST_0110,2026-05-11,LinkedIn,Personal Care,Seasonal,Pune,Regular,24,64901.39543152334,254818,5906,1872,77,101681.1646195405,8,9665.205576212884
CMP_075,CUST_0418,2026-08-30,Email,Beverages,Awareness,Chennai,Premium,38,72319.57469496969,179780,13699,4185,350,702039.1809349481,8,20769.371585813187
CMP_015,CUST_0688,2026-03-11,LinkedIn,Personal Care,Product Launch,Hyderabad,Budget,24,35180.32226097465,103010,2885,1023,33,33240.98959935694,1,881.369309399166
CMP_092,CUST_1131,2026-01-16,YouTube,Packaged Foods,Seasonal,Delhi,Regular,61,77429.77497793772,287306,5839,2256,62,54743.982540889876,9,9957.538328938495
CMP_098,CUST_1127,2026-02-10,Meta Ads,Packaged Foods,Awareness,Mumbai,Budget,59,67546.50916017538,334114,8950,3213,211,140380.11503404446,5,6853.111835443163
CMP_059,CUST_0304,2026-02-04,YouTube,Personal Care,Conversion,Hyderabad,Budget,18,69159.00731093065,159937,3008,1708,54,35102.00470033335,7,4971.304790612787
CMP_132,CUST_1351,2026-01-10,Google Ads,Beverages,Awareness,Delhi,Premium,48,70273.63206695752,165485,9024,3088,118,172650.4566220002,5,10585.558065429828
CMP_018,CUST_0490,2026-07-05,Google Ads,Personal Care,Seasonal,Chennai,Regular,36,13999.025861294585,71866,3072,1515,135,133711.86398676035,5,9272.430338903481
CMP_114,CUST_0284,2026-02-16,YouTube,Home Care,Seasonal,Mumbai,Premium,27,25653.455975533972,142457,3340,1564,60,54851.0546474542,3,4490.825433698163
CMP_021,CUST_0221,2026-07-12,LinkedIn,Packaged Foods,Seasonal,Chennai,Regular,26,16533.36577144036,38525,840,274,15,18063.08883930895,5,9915.769244513982
CMP_017,CUST_1497,2026-09-29,YouTube,Packaged Foods,Seasonal,Pune,Premium,51,36775.89362727975,150356,3181,1592,56,63763.81448656197,4,6935.566703221031
CMP_072,CUST_0110,2026-04-23,YouTube,Home Care,Conversion,Delhi,Premium,33,73110.32080508802,402687,8243,4682,119,123772.58249987358,3,6865.977325297985
CMP_124,CUST_0024,2026-09-27,Instagram,Home Care,Seasonal,Chennai,Budget,64,22311.640085889914,54410,2101,627,25,13600.877303825544,3,2764.1200479930803
CMP_087,CUST_0988,2026-05-25,LinkedIn,Snacks,Awareness,Bangalore,Premium,22,74281.58421490484,187876,5053,2879,139,223582.51109403194,1,3327.198821511658
CMP_092,CUST_1192,2026-09-15,Google Ads,Personal Care,Conversion,Bangalore,Budget,38,72645.84987749843,170661,8489,2820,249,182345.63825806687,4,7840.635629901489
CMP_045,CUST_0164,2026-06-28,YouTube,Packaged Foods,Retargeting,Hyderabad,Regular,21,52455.1395648289,226642,4985,1554,64,49143.7911012942,10,18038.596087701168
CMP_018,CUST_1408,2026-07-27,YouTube,Snacks,Conversion,Mumbai,Regular,48,80289.36529107671,551931,11637,3331,177,145739.68169945315,4,3396.1187937711315
CMP_061,CUST_0443,2026-08-23,Meta Ads,Personal Care,Conversion,Mumbai,Regular,53,92603.82671401196,493829,15382,7650,371,331374.6677016518,5,6258.142756546155
CMP_090,CUST_1143,2026-07-03,LinkedIn,Packaged Foods,Seasonal,Hyderabad,Regular,45,69590.44551984163,353323,9624,5019,194,245814.36087994144,8,18993.84968839663
CMP_106,CUST_0522,2026-08-30,Email,Beverages,Awareness,Hyderabad,Regular,48,95005.84982717849,369232,26554,8651,573,650590.7819444549,6,12826.316281815734
CMP_009,CUST_0110,2026-07-26,Google Ads,Snacks,Conversion,Hyderabad,Premium,23,20329.93368066504,89332,5566,2481,170,296128.45531206595,6,10628.061660036446
CMP_050,CUST_0196,2026-04-06,Meta Ads,Beverages,Conversion,Bangalore,Premium,36,16975.79897455279,64063,2065,636,34,43257.96547482675,1,2186.036132050751
CMP_045,CUST_0499,2026-06-14,Google Ads,Personal Care,Seasonal,Delhi,Budget,60,95192.35107984564,220775,9943,3164,350,282866.1259109223,10,10729.058095882488
CMP_121,CUST_1090,2026-03-22,Email,Personal Care,Retargeting,Chennai,Premium,23,31026.47733640852,240701,17985,10166,1020,1900844.5448650026,4,6248.295991004021
CMP_100,CUST_1199,2026-08-09,YouTube,Snacks,Seasonal,Hyderabad,Budget,19,18731.926047940182,48990,1167,470,13,6653.290964498275,1,1323.3653639398628
CMP_099,CUST_0579,2026-07-29,Google Ads,Home Care,Product Launch,Delhi,Premium,45,25065.737907241357,197464,8942,3291,257,454703.17952315457,4,9243.654457789013
CMP_013,CUST_0222,2026-01-12,Instagram,Snacks,Retargeting,Pune,Budget,45,35008.43530824804,150410,3964,1561,61,33307.200468110655,6,4877.253753286396
CMP_042,CUST_0053,2026-05-30,LinkedIn,Snacks,Retargeting,Chennai,Budget,47,6911.650025609045,25819,504,240,11,10889.626687002696,11,24064.801953521972
CMP_093,CUST_0107,2026-07-12,Meta Ads,Snacks,Product Launch,Mumbai,Budget,19,32721.94125210015,97196,2686,1422,90,70271.88988879113,3,3851.5896866148883
CMP_121,CUST_0701,2026-08-30,LinkedIn,Personal Care,Awareness,Pune,Budget,61,39823.24508411321,219776,5034,2005,87,78517.42005135339,1,1775.054929998166
CMP_105,CUST_0242,2026-09-29,Instagram,Packaged Foods,Seasonal,Kolkata,Regular,48,72707.63355190126,272622,10928,5732,300,297684.80998349603,3,5891.418670424746
CMP_048,CUST_0199,2026-01-08,LinkedIn,Packaged Foods,Awareness,Hyderabad,Premium,51,96251.32580026914,546318,11651,3323,127,252161.690083129,2,3428.3075495384364
CMP_150,CUST_1416,2026-06-05,Google Ads,Packaged Foods,Retargeting,Chennai,Budget,24,60742.22524829088,189894,9169,3704,307,245142.98451536676,7,12501.687365939735
CMP_138,CUST_1490,2026-03-18,Instagram,Beverages,Awareness,Pune,Regular,18,88362.0514466135,425071,11752,3863,205,157257.05986502918,3,2494.5297974001032
CMP_137,CUST_0647,2026-03-18,LinkedIn,Beverages,Retargeting,Delhi,Premium,40,99613.460760314,786195,21016,9964,528,1143562.848131915,5,14879.48117447929
CMP_007,CUST_0772,2026-02-01,YouTube,Snacks,Conversion,Pune,Budget,23,77610.67332860135,487075,9678,4423,133,76573.35261883299,11,6609.2341024910365
CMP_102,CUST_0945,2026-07-13,LinkedIn,Personal Care,Product Launch,Delhi,Budget,33,35656.677720198895,117307,2296,1300,50,51005.29190530797,4,8731.633482424995
CMP_009,CUST_0658,2026-01-31,Email,Beverages,Product Launch,Bangalore,Premium,47,7058.404632495958,39012,3278,998,117,230473.82938311584,5,14735.570336998155
CMP_068,CUST_0532,2026-02-16,YouTube,Personal Care,Conversion,Pune,Budget,40,22272.565438426638,104863,2176,629,13,7952.135198996899,5,5803.251307201731
CMP_018,CUST_0485,2026-05-02,Google Ads,Packaged Foods,Conversion,Hyderabad,Budget,49,75124.9129086023,180957,9375,3270,264,232000.99495298706,10,13951.369461857526
CMP_034,CUST_0602,2026-07-16,Google Ads,Snacks,Seasonal,Hyderabad,Regular,48,69027.3221139809,407757,19453,9454,692,737978.3607066452,4,4681.73820240692
CMP_059,CUST_0167,2026-02-22,LinkedIn,Snacks,Product Launch,Kolkata,Premium,57,15117.223269277716,34501,855,449,23,38728.33148459149,2,5039.523951949689
CMP_103,CUST_1229,2026-09-17,LinkedIn,Home Care,Conversion,Chennai,Premium,24,52789.34478251559,383221,9705,3013,171,326349.7168251199,5,21839.405094342572
CMP_099,CUST_0769,2026-05-16,Email,Beverages,Conversion,Mumbai,Budget,39,95972.4387264966,389594,28211,11938,1053,1111276.4411811815,9,10291.538491433606
CMP_020,CUST_0329,2026-08-30,Instagram,Beverages,Awareness,Mumbai,Budget,64,24229.145855074064,83622,2662,1553,79,47541.170001181184,6,4016.7400063902132
CMP_113,CUST_0283,2026-04-26,Instagram,Personal Care,Conversion,Mumbai,Premium,39,31373.715346757377,132092,4257,1481,56,74899.19920066769,2,4297.82245873733
CMP_002,CUST_0044,2026-06-17,Email,Beverages,Retargeting,Chennai,Budget,46,63872.577301226214,310724,21042,9615,975,1050747.6086536748,4,6499.571038097255
CMP_105,CUST_0577,2026-05-20,YouTube,Personal Care,Awareness,Kolkata,Budget,47,84578.45588009774,431225,7809,4420,202,106351.22989347418,10,7914.34574944702
CMP_027,CUST_0344,2026-08-21,Email,Packaged Foods,Seasonal,Delhi,Budget,57,70292.79856071119,265786,20265,8387,1100,1220788.3039214846,3,4521.22715051868
CMP_109,CUST_1068,2026-04-19,Instagram,Home Care,Conversion,Kolkata,Regular,64,44664.837566773094,246001,8640,5162,284,276290.8535215531,11,8443.304003766556
CMP_124,CUST_0524,2026-02-14,Email,Packaged Foods,Conversion,Chennai,Regular,55,94670.38694507565,494915,35619,19837,2549,3511934.9723579595,6,8015.192349263817
CMP_145,CUST_0755,2026-05-28,YouTube,Home Care,Retargeting,Kolkata,Budget,58,22544.063030763547,78779,1441,790,26,17533.00191545118,9,5301.414011674314
CMP_101,CUST_0780,2026-02-04,YouTube,Home Care,Product Launch,Delhi,Budget,22,39437.11797879657,161799,3091,863,30,15230.409628954467,2,1711.9941763559957
CMP_078,CUST_0499,2026-07-23,Meta Ads,Beverages,Conversion,Delhi,Budget,35,99652.46011142017,311386,10887,4782,282,195606.55375203196,4,4951.586630686316
CMP_045,CUST_0198,2026-09-17,Instagram,Home Care,Seasonal,Kolkata,Regular,44,84996.4376738134,347494,15639,6000,290,223758.85219088875,9,11832.468725311199
CMP_047,CUST_0919,2026-09-28,Instagram,Packaged Foods,Product Launch,Kolkata,Budget,52,13266.113951697549,34771,1220,706,25,15912.303738411081,8,6966.9870827869745
CMP_082,CUST_1077,2026-03-26,Email,Packaged Foods,Product Launch,Hyderabad,Budget,29,16723.888248412106,47226,2708,1124,148,154026.19690989444,6,8405.449734878357
CMP_150,CUST_0315,2026-06-11,YouTube,Snacks,Retargeting,Mumbai,Regular,20,25236.51842282217,71268,1262,647,25,17715.391932406306,5,5439.403709624546
CMP_097,CUST_1375,2026-08-28,Meta Ads,Packaged Foods,Seasonal,Bangalore,Premium,53,43134.05171473127,223320,6340,2891,153,222234.59462470014,6,9208.164127399803
CMP_111,CUST_0756,2026-06-27,Instagram,Home Care,Retargeting,Delhi,Premium,39,5294.313474927403,25513,1011,297,11,13685.788128189703,3,6402.417899403126
CMP_092,CUST_0667,2026-06-25,Instagram,Personal Care,Retargeting,Delhi,Regular,32,84353.47671072082,224908,10742,3008,151,131566.62487394165,5,6486.581608881281
CMP_138,CUST_0986,2026-06-21,Email,Home Care,Product Launch,Chennai,Premium,54,48271.56978689261,145315,12069,6753,788,1327387.0932882845,8,30041.094843382445
CMP_042,CUST_0912,2026-09-16,Instagram,Home Care,Retargeting,Bangalore,Regular,28,83414.18806549843,408788,12656,5579,318,242577.13958019472,1,1643.676035601621
CMP_015,CUST_0275,2026-02-04,Google Ads,Beverages,Seasonal,Kolkata,Regular,40,39213.77241583796,166071,6472,2304,181,213729.25757201173,3,3600.232142394098
CMP_002,CUST_0492,2026-07-11,LinkedIn,Home Care,Conversion,Kolkata,Premium,22,31224.56757827342,162129,4406,2009,92,157770.08947233978,4,10333.737673314352
CMP_092,CUST_0122,2026-03-06,Instagram,Home Care,Awareness,Kolkata,Budget,57,45960.648531946616,130223,4738,2295,122,78550.04409645191,6,5862.576128963673
CMP_030,CUST_1184,2026-05-27,Meta Ads,Home Care,Retargeting,Chennai,Regular,29,28662.997644661817,97490,2864,1556,93,75313.60799541102,8,15678.498781022146
CMP_019,CUST_0347,2026-08-25,YouTube,Beverages,Conversion,Pune,Premium,46,70756.04843003173,160397,2781,1305,30,26017.863202455446,7,13133.582578625152
CMP_050,CUST_1258,2026-01-16,LinkedIn,Personal Care,Product Launch,Chennai,Budget,30,32825.82332041971,160872,3658,1509,94,98283.36828196527,10,19971.98592790738
CMP_047,CUST_1203,2026-05-09,LinkedIn,Snacks,Retargeting,Hyderabad,Premium,59,72963.70820851708,406966,7758,2397,79,151069.16452180053,11,43770.7164068279
CMP_139,CUST_1315,2026-03-17,Instagram,Packaged Foods,Retargeting,Delhi,Regular,55,15118.79523783167,53514,1861,500,30,27679.78570379184,2,3821.9844641082695
CMP_099,CUST_0051,2026-03-13,Email,Beverages,Seasonal,Delhi,Budget,60,9013.132029001557,20091,1498,770,52,43612.11768925106,6,4552.5773742451
CMP_048,CUST_0584,2026-04-27,Meta Ads,Personal Care,Seasonal,Hyderabad,Premium,27,94476.9084387136,212520,4412,2348,159,197284.05210387651,8,17750.291590797584
CMP_078,CUST_1209,2026-08-18,Email,Packaged Foods,Seasonal,Chennai,Regular,22,41126.272634343426,219641,14203,8500,780,834077.412986527,10,10628.669739161827
CMP_014,CUST_0243,2026-01-08,Email,Personal Care,Retargeting,Delhi,Budget,38,43477.04210362487,131882,7969,4044,205,167756.76907455214,10,14357.04556983627
CMP_118,CUST_1010,2026-09-24,Email,Packaged Foods,Retargeting,Mumbai,Budget,54,66826.59311948385,152825,14922,4001,613,516960.3544015576,6,10018.24475820523
CMP_023,CUST_0968,2026-07-20,LinkedIn,Personal Care,Retargeting,Pune,Regular,40,24969.64856997281,91820,2726,1431,83,111345.85915212435,2,4521.587341547807
CMP_024,CUST_0461,2026-06-18,YouTube,Packaged Foods,Seasonal,Pune,Regular,43,31163.606105675874,147040,3222,1459,58,50010.20811027033,11,7624.081719169741
CMP_070,CUST_0237,2026-05-18,Instagram,Packaged Foods,Retargeting,Bangalore,Regular,31,6452.769836413405,17800,638,243,8,7917.854991652112,6,7031.619708462065
CMP_030,CUST_1388,2026-09-04,Email,Personal Care,Conversion,Delhi,Budget,56,26652.848892921636,66395,5403,2318,340,353745.83091719,6,10473.206626862086
CMP_064,CUST_0455,2026-07-07,YouTube,Beverages,Retargeting,Kolkata,Budget,64,27272.798237322586,119731,2632,1473,37,23982.52466722927,1,659.3825320196809
CMP_028,CUST_0616,2026-04-06,Email,Personal Care,Seasonal,Delhi,Premium,39,78301.80420492042,234649,16403,4852,468,841848.1780291317,10,31914.213902137555
CMP_136,CUST_0134,2026-04-12,Instagram,Beverages,Awareness,Chennai,Budget,36,16413.531643781535,48859,2125,847,36,20173.3016444748,5,4050.86839243078
CMP_019,CUST_0576,2026-06-22,YouTube,Packaged Foods,Conversion,Bangalore,Budget,59,80697.17435069926,319655,7020,3436,130,70326.17073256984,6,2804.2378725696203
CMP_121,CUST_1409,2026-09-13,LinkedIn,Packaged Foods,Retargeting,Kolkata,Regular,48,21775.002386499076,56400,1139,434,19,30386.22958208337,4,9782.82160964765
CMP_122,CUST_1039,2026-07-12,Google Ads,Personal Care,Retargeting,Pune,Premium,27,9378.046132819209,34122,1960,991,93,129159.58775328398,3,5414.929897893245
CMP_030,CUST_0759,2026-08-09,Email,Personal Care,Seasonal,Mumbai,Budget,61,26507.0883286747,87962,7884,4493,501,495086.8815005505,2,4542.306463718642
CMP_150,CUST_0924,2026-05-01,Google Ads,Snacks,Seasonal,Pune,Budget,45,42426.964368208624,223956,12661,3279,161,131196.24103068432,1,1518.1231349476177
CMP_058,CUST_0918,2026-06-11,Meta Ads,Home Care,Awareness,Hyderabad,Budget,33,60900.3132210431,339564,10117,3471,190,141913.1872545405,11,6126.966154262979
CMP_049,CUST_1122,2026-01-25,YouTube,Snacks,Conversion,Kolkata,Regular,64,89134.17648744526,466580,9011,3688,120,80211.60916355411,5,5449.722185915453
CMP_139,CUST_1421,2026-08-20,Instagram,Snacks,Retargeting,Mumbai,Regular,37,23464.054597695715,67212,2526,749,47,40983.7096759697,6,7895.136443886022
CMP_026,CUST_1238,2026-08-28,YouTube,Personal Care,Product Launch,Chennai,Regular,19,89893.33948769125,268686,5951,2292,93,71855.7820422852,8,11149.8715975589
CMP_149,CUST_0534,2026-07-26,LinkedIn,Personal Care,Awareness,Chennai,Premium,58,59685.49957429389,144502,3209,1637,99,199547.33627800678,5,22285.18021744323
CMP_119,CUST_0486,2026-04-19,Google Ads,Personal Care,Product Launch,Mumbai,Budget,23,51186.36908222375,118980,4321,1341,125,109359.22010731067,9,10538.696765045184
CMP_014,CUST_0818,2026-03-09,YouTube,Beverages,Product Launch,Mumbai,Premium,42,49680.74475535341,253028,5166,2858,80,92317.93587085338,1,1407.7425872859462
CMP_047,CUST_1233,2026-03-30,YouTube,Beverages,Conversion,Delhi,Premium,31,37487.575232537056,100454,1571,826,35,41508.957438950034,7,13048.050967847596
CMP_126,CUST_0867,2026-09-28,YouTube,Home Care,Seasonal,Hyderabad,Budget,20,33109.89841685929,141139,3014,1558,40,23268.223442757866,7,9389.851278928876
CMP_107,CUST_0176,2026-01-27,Meta Ads,Personal Care,Seasonal,Chennai,Budget,35,93289.96855022147,276808,9104,4674,167,100123.81748265047,5,8268.042485057262
CMP_015,CUST_1210,2026-07-14,Meta Ads,Personal Care,Conversion,Chennai,Budget,53,45004.93634233103,168285,5274,1707,66,42071.699974010044,8,10741.32163880208
CMP_122,CUST_1014,2026-03-02,LinkedIn,Snacks,Seasonal,Bangalore,Budget,33,60889.75302523959,179760,5402,2384,86,101743.7669875926,11,25909.958808246494
CMP_063,CUST_0894,2026-08-23,Instagram,Home Care,Awareness,Kolkata,Budget,46,91395.49235864161,377620,11843,5744,231,134134.58277901658,6,8113.165749327979
CMP_087,CUST_0803,2026-02-15,Google Ads,Personal Care,Retargeting,Bangalore,Premium,51,93127.52259057752,425841,14526,6407,353,591174.541196467,2,2411.5629017164592
CMP_027,CUST_0342,2026-06-11,Google Ads,Beverages,Product Launch,Pune,Budget,62,28895.76537718093,81028,3298,1175,80,78778.38254461245,5,10149.132971180856
CMP_063,CUST_0582,2026-08-11,Instagram,Personal Care,Awareness,Pune,Budget,28,53436.39340127678,300885,10927,2736,165,105955.70877824584,10,5542.8835568070235
CMP_126,CUST_0442,2026-09-16,Email,Snacks,Product Launch,Bangalore,Budget,62,72031.01802102194,249235,23260,13554,1868,1594228.906712708,8,12399.107352628018
CMP_051,CUST_0145,2026-09-29,Meta Ads,Snacks,Conversion,Chennai,Premium,25,87899.29444211349,396295,12532,3140,166,207336.3359781328,6,17929.898388295016
CMP_042,CUST_0886,2026-01-21,Google Ads,Personal Care,Awareness,Mumbai,Regular,47,95677.45627441963,278150,12935,4938,375,418947.8749847737,7,16384.798722040137
CMP_041,CUST_0762,2026-03-15,LinkedIn,Packaged Foods,Retargeting,Hyderabad,Premium,34,63940.971800902575,461547,7394,3078,146,306885.78998207283,4,12800.077167775964
CMP_126,CUST_0449,2026-03-15,Email,Packaged Foods,Conversion,Pune,Regular,24,12479.359351996884,42241,2920,1538,109,143352.80918023805,11,15331.894984133796
CMP_130,CUST_0861,2026-02-11,Instagram,Personal Care,Awareness,Delhi,Premium,59,36711.59818980277,145506,4547,1214,70,68704.99538494005,11,29434.459921437163
CMP_117,CUST_1367,2026-07-14,LinkedIn,Personal Care,Retargeting,Mumbai,Budget,43,78107.39930142027,175944,4152,1821,80,83227.27531922002,11,14418.944204512163
CMP_030,CUST_0462,2026-05-03,Instagram,Snacks,Seasonal,Bangalore,Premium,52,25876.5462917747,70580,1963,1080,60,66413.01512309749,5,6279.47580829193
CMP_113,CUST_0963,2026-07-27,Email,Home Care,Product Launch,Mumbai,Premium,52,58150.27653547894,172106,14377,4740,291,574901.8808833576,9,15770.968103050565
CMP_049,CUST_1278,2026-04-21,Meta Ads,Beverages,Seasonal,Mumbai,Budget,41,64577.40990523177,164830,5547,2896,104,70312.13215874824,11,11179.003809005426
CMP_107,CUST_1490,2026-08-15,Instagram,Home Care,Awareness,Chennai,Budget,59,73009.7237211772,241599,9438,4525,107,69326.30642023058,6,4763.403208993827
CMP_032,CUST_0407,2026-06-26,Email,Snacks,Conversion,Kolkata,Budget,49,11160.543273542884,39115,3217,1361,168,144553.5085229415,8,16493.1611478282
CMP_091,CUST_1445,2026-07-06,Google Ads,Beverages,Retargeting,Bangalore,Premium,32,85855.22718549926,603798,27805,9074,583,771187.4480828699,7,23552.28138174342
CMP_040,CUST_0683,2026-04-27,YouTube,Packaged Foods,Seasonal,Pune,Budget,20,49761.681064128985,238787,5100,1416,47,25577.45339262993,4,1811.5054491447595
CMP_071,CUST_0071,2026-05-09,Google Ads,Home Care,Product Launch,Chennai,Premium,26,36434.259305734726,86477,4063,1839,135,212835.84313403387,8,18278.109417010815
CMP_033,CUST_1442,2026-01-27,YouTube,Beverages,Seasonal,Pune,Budget,21,5501.389316112394,15160,353,126,7,3781.569670636458,11,10396.633767552588
CMP_106,CUST_0418,2026-05-10,LinkedIn,Beverages,Awareness,Mumbai,Budget,57,67706.37754682668,167528,4355,1524,54,56824.93145693975,5,8702.658300239334
CMP_096,CUST_0225,2026-08-22,Google Ads,Snacks,Awareness,Delhi,Premium,41,6636.406099952974,22176,1019,269,20,26265.31869598342,8,17252.048371529145
CMP_083,CUST_0254,2026-01-05,Google Ads,Personal Care,Conversion,Mumbai,Budget,34,53865.7419100735,123026,5821,3208,315,254760.58209381675,3,2465.922128799138
CMP_119,CUST_1147,2026-09-21,Meta Ads,Home Care,Awareness,Hyderabad,Premium,21,97784.27006433033,481790,13232,7374,317,356605.47629768436,2,2123.0366626138657
CMP_083,CUST_1498,2026-08-15,Meta Ads,Beverages,Conversion,Delhi,Budget,62,53968.26767370651,195070,6740,2921,130,75211.54878796611,2,1931.3398686505416
CMP_001,CUST_1043,2026-02-02,LinkedIn,Snacks,Product Launch,Delhi,Budget,26,78947.78989910983,195411,5167,2486,122,115737.38835764615,1,2114.1512022590528
CMP_110,CUST_0425,2026-04-10,Instagram,Snacks,Awareness,Chennai,Premium,28,27104.27088953755,176144,7661,2439,147,192702.61649505017,1,1337.141934226327
CMP_008,CUST_0024,2026-07-11,Google Ads,Home Care,Seasonal,Hyderabad,Premium,55,49774.97796442485,192871,8705,3225,261,428031.4398351717,1,2719.464914752172
CMP_085,CUST_0926,2026-01-13,Instagram,Packaged Foods,Seasonal,Hyderabad,Premium,32,61234.28274663012,181490,4722,2161,122,165324.9996148583,3,4718.134806185154
CMP_112,CUST_0597,2026-04-26,Meta Ads,Beverages,Product Launch,Kolkata,Regular,21,51178.9363903411,321523,9769,4210,267,251660.05583076412,10,13212.474399411132
CMP_054,CUST_0998,2026-06-15,Meta Ads,Packaged Foods,Conversion,Bangalore,Budget,56,20666.145637129357,125338,4776,2202,126,97405.61736396674,10,9597.607974654722
CMP_146,CUST_0415,2026-07-31,Email,Beverages,Retargeting,Kolkata,Budget,53,85392.0848199185,285591,24634,14509,1520,1396664.3351932827,7,12355.665458692038
CMP_143,CUST_0362,2026-05-27,Meta Ads,Snacks,Seasonal,Bangalore,Premium,50,18819.173224404327,85858,2807,1488,78,94596.82420234109,8,18062.226018726473
CMP_087,CUST_1378,2026-07-03,Google Ads,Personal Care,Retargeting,Pune,Regular,31,64413.508916320956,335131,19354,10464,626,814688.742914223,10,15665.130741943574
CMP_049,CUST_0602,2026-09-08,Email,Beverages,Conversion,Mumbai,Regular,48,42479.74424216858,117655,9917,5934,406,520636.5470679626,11,14983.98862733788
CMP_079,CUST_0318,2026-03-21,YouTube,Personal Care,Retargeting,Chennai,Premium,36,44115.94364921625,247988,6712,3471,94,84041.78460222407,6,14525.67694000312
CMP_128,CUST_0017,2026-03-18,Email,Packaged Foods,Conversion,Bangalore,Budget,51,34104.88628961271,82515,6661,3846,388,332469.19228580943,1,1441.3441604551442
CMP_002,CUST_0950,2026-02-23,Meta Ads,Personal Care,Seasonal,Kolkata,Regular,30,99135.84761955353,261677,6632,1770,126,111237.84511464891,6,12998.449703796745
CMP_030,CUST_0479,2026-05-24,Meta Ads,Home Care,Conversion,Pune,Regular,44,83036.76500460168,625356,11712,3797,194,192607.3996739682,5,8230.966143828346
CMP_099,CUST_1082,2026-07-08,LinkedIn,Packaged Foods,Retargeting,Chennai,Budget,64,86690.58458640035,193521,5001,1420,95,114163.2562565345,9,14988.236205781746
CMP_071,CUST_0678,2026-05-16,Instagram,Personal Care,Awareness,Mumbai,Budget,62,42011.14478124057,189272,7757,2753,130,93081.52615569813,1,660.0180401128815
CMP_001,CUST_0432,2026-01-08,LinkedIn,Packaged Foods,Awareness,Hyderabad,Regular,43,19492.854757616282,151278,3877,1448,69,111433.39726849513,6,7932.777342120593
CMP_114,CUST_1239,2026-05-21,Instagram,Home Care,Awareness,Hyderabad,Budget,64,24837.415277632368,152316,6195,2954,147,112292.05548116793,2,2759.237327908049
CMP_109,CUST_1047,2026-07-16,Instagram,Home Care,Awareness,Mumbai,Regular,53,91663.12974254906,222205,8665,4391,277,233905.4433708259,5,9146.51736429381
CMP_109,CUST_1002,2026-09-07,Google Ads,Home Care,Conversion,Bangalore,Premium,40,76488.95572863868,190204,8982,4851,269,354107.28711400385,6,16157.641968728454
CMP_095,CUST_0003,2026-07-03,YouTube,Snacks,Seasonal,Bangalore,Premium,35,61033.571528874665,196930,3759,2008,53,47894.71525236556,3,4896.981361907567
CMP_065,CUST_0806,2026-05-04,Instagram,Personal Care,Product Launch,Kolkata,Premium,46,93364.51340116309,515843,17375,5705,237,292991.48564212566,10,27273.811775354563
CMP_146,CUST_1129,2026-09-18,Google Ads,Beverages,Awareness,Delhi,Regular,29,53935.919003463016,146958,6985,2150,195,230362.62488875864,11,14764.605240712237
CMP_030,CUST_0414,2026-03-25,LinkedIn,Snacks,Conversion,Mumbai,Premium,22,29831.337825780127,90556,1848,476,15,25308.749793657284,8,30528.796461027254
CMP_127,CUST_0226,2026-08-18,Email,Home Care,Seasonal,Mumbai,Budget,39,36226.25336250417,136575,10731,3049,311,306534.7528196277,5,5831.654783206307
CMP_019,CUST_1162,2026-02-13,YouTube,Home Care,Awareness,Kolkata,Premium,45,72698.37470344284,396598,6408,1999,60,67356.89544386065,4,7736.240587019145
CMP_054,CUST_0423,2026-07-05,Email,Beverages,Conversion,Hyderabad,Budget,32,57432.14417661841,282821,16094,6875,729,698781.5366965997,2,3732.9921564880287
CMP_045,CUST_1466,2026-05-28,LinkedIn,Personal Care,Retargeting,Pune,Premium,59,25271.905855449262,116018,2578,1393,56,106667.01256185057,3,8050.327246509296
CMP_028,CUST_1081,2026-06-18,Google Ads,Snacks,Awareness,Chennai,Budget,64,92271.6368595551,350842,16956,9292,601,528201.1289254982,10,20608.699601597655
CMP_130,CUST_1108,2026-08-27,Instagram,Beverages,Awareness,Kolkata,Regular,46,25248.77387950802,172946,4919,2702,138,119204.13243149754,8,14482.565623828485
CMP_125,CUST_0255,2026-03-20,LinkedIn,Snacks,Retargeting,Pune,Budget,29,34167.36761299493,227357,6334,3161,133,134208.3613848849,2,1915.9093065729626
CMP_015,CUST_0384,2026-02-12,Instagram,Snacks,Product Launch,Hyderabad,Premium,48,29824.77219993746,95388,3681,1770,81,89476.00811093063,4,3946.676962652402
CMP_118,CUST_0688,2026-08-01,Google Ads,Snacks,Product Launch,Mumbai,Budget,43,26696.578489051895,104271,5558,3305,191,165798.44651910983,8,9044.820932314775
CMP_149,CUST_0008,2026-05-28,Meta Ads,Personal Care,Conversion,Mumbai,Premium,39,93628.11568638946,318828,5632,3117,191,227146.58342904167,4,10381.398972198866
CMP_031,CUST_0969,2026-09-05,LinkedIn,Packaged Foods,Product Launch,Bangalore,Regular,39,5959.120933711076,40570,997,577,25,37828.29755024459,6,7162.518039819707
CMP_067,CUST_0005,2026-03-24,YouTube,Home Care,Product Launch,Bangalore,Regular,18,32307.073580501423,115841,2321,853,26,20644.42111900424,4,3259.440809774282
CMP_060,CUST_0066,2026-06-23,LinkedIn,Home Care,Retargeting,Bangalore,Regular,36,69976.51300819361,215891,4610,1802,71,102382.67814495448,1,3167.339386757884
CMP_075,CUST_1320,2026-08-23,Instagram,Personal Care,Conversion,Bangalore,Premium,47,22815.458967474835,51458,1741,623,22,23671.823970796962,2,4782.126256911099
CMP_100,CUST_0820,2026-04-08,YouTube,Snacks,Seasonal,Mumbai,Budget,55,59486.967091020546,166075,3675,1812,77,44086.91396465572,6,4508.3593404061085
CMP_141,CUST_0940,2026-03-11,YouTube,Packaged Foods,Seasonal,Pune,Premium,35,29859.0894797993,144645,2986,1571,75,73389.05727290007,7,15090.108146906772
CMP_085,CUST_1390,2026-01-28,Instagram,Packaged Foods,Seasonal,Mumbai,Regular,33,82171.52907722267,355839,12633,5785,361,302396.828606037,1,1264.762837495689
CMP_136,CUST_1157,2026-02-23,Meta Ads,Beverages,Seasonal,Pune,Regular,64,71953.41402817976,191841,4337,1699,88,91399.73950194918,8,7797.845747657965
CMP_041,CUST_1212,2026-01-09,YouTube,Beverages,Awareness,Delhi,Budget,33,45288.522412101236,136417,2426,1179,31,15661.835884852484,9,8569.972205018268
CMP_030,CUST_1383,2026-04-22,YouTube,Home Care,Retargeting,Bangalore,Premium,39,39290.66360518146,127068,3217,1598,44,49047.37413545404,6,10159.00100842754
CMP_113,CUST_0651,2026-08-04,Instagram,Personal Care,Conversion,Kolkata,Regular,28,37077.476126542024,173475,6300,2695,113,99317.24881358579,6,10092.241443530263
CMP_014,CUST_0861,2026-01-17,Email,Packaged Foods,Product Launch,Hyderabad,Premium,29,44913.40946025162,138622,12079,7215,860,1498388.1983934632,9,19027.043924359547
CMP_088,CUST_0264,2026-05-27,Instagram,Beverages,Seasonal,Mumbai,Premium,59,34849.387359099055,96844,3057,1686,73,80326.7231428978,6,9645.084247277324
CMP_016,CUST_0957,2026-01-24,LinkedIn,Snacks,Conversion,Kolkata,Regular,22,24219.683233240437,60863,1498,763,38,53198.04705971437,3,10059.255192399118
CMP_129,CUST_0364,2026-03-08,YouTube,Packaged Foods,Product Launch,Pune,Budget,55,20115.41261780927,49504,687,395,23,12494.609824377409,2,2585.377850196993
CMP_051,CUST_0411,2026-05-05,Google Ads,Personal Care,Product Launch,Pune,Regular,39,61296.94667553282,204512,9537,4944,309,312674.63234095,8,20680.141570075895
CMP_013,CUST_0324,2026-04-17,LinkedIn,Snacks,Seasonal,Delhi,Regular,32,66793.37812142228,498332,13734,6633,229,376929.80835929856,5,14280.263292358282
CMP_049,CUST_1209,2026-09-12,LinkedIn,Home Care,Awareness,Chennai,Regular,41,31416.67428064638,178583,3968,1201,50,77734.5359785919,5,16535.687191173605
CMP_049,CUST_1063,2026-02-03,LinkedIn,Snacks,Seasonal,Kolkata,Regular,28,53942.77524017754,168567,2730,843,27,43574.58185008284,7,12333.34828742724
CMP_080,CUST_0804,2026-03-11,Meta Ads,Packaged Foods,Awareness,Pune,Budget,60,28716.84890761504,80329,1844,976,54,38165.9840211556,11,13982.679580534399
CMP_060,CUST_0138,2026-03-31,Meta Ads,Snacks,Seasonal,Chennai,Premium,49,59128.197871250646,396378,15002,7371,291,400902.9673687645,4,10716.635403925247
CMP_062,CUST_0205,2026-03-07,Email,Beverages,Retargeting,Chennai,Premium,53,56755.996148307975,133001,8595,4330,533,887854.3810328086,5,7574.7923313999
CMP_107,CUST_1282,2026-07-01,Google Ads,Beverages,Awareness,Bangalore,Premium,64,33482.14579715255,211831,10621,4847,270,480856.82124187256,6,21764.943908800495
CMP_076,CUST_1403,2026-05-29,LinkedIn,Home Care,Awareness,Pune,Budget,25,76347.53589326616,172704,3753,1054,51,59578.88045883002,2,3768.450223134064
CMP_138,CUST_0734,2026-02-12,Email,Snacks,Seasonal,Bangalore,Premium,19,68959.6341884438,246208,20897,9119,934,1883083.9925711132,5,7237.074477063031
CMP_136,CUST_1355,2026-03-18,Google Ads,Snacks,Awareness,Bangalore,Regular,57,63814.21341722972,501836,20656,8136,688,697870.6616585013,3,2886.7177527753224
CMP_138,CUST_0109,2026-02-13,Instagram,Snacks,Awareness,Bangalore,Regular,23,5820.418284188963,17368,636,243,21,17320.895269469867,10,11280.875272502008
CMP_146,CUST_0772,2026-06-26,YouTube,Personal Care,Seasonal,Hyderabad,Regular,24,42925.856416691335,191149,3271,1042,35,27831.819452491894,9,12728.670285407314
CMP_021,CUST_0698,2026-07-28,YouTube,Home Care,Seasonal,Delhi,Premium,53,94097.38586692358,246403,4749,1717,70,78341.87540140339,5,4501.907010567917
CMP_150,CUST_0021,2026-04-30,Instagram,Personal Care,Retargeting,Chennai,Budget,55,52186.830823996235,116972,4738,2388,165,90004.55515181152,11,14645.157523580967
CMP_023,CUST_0472,2026-05-18,Google Ads,Beverages,Conversion,Kolkata,Premium,64,70392.59474142158,509006,26068,10489,623,1108187.060057906,11,27279.430552830832
CMP_104,CUST_0520,2026-03-14,Email,Snacks,Conversion,Delhi,Regular,60,79307.40022345755,488497,31502,17359,1757,1908052.8009555887,2,4116.358782870474
CMP_005,CUST_0060,2026-06-12,Meta Ads,Beverages,Product Launch,Bangalore,Regular,54,50558.62350350054,267028,8269,2723,226,221940.95068118747,7,14478.06737479141
CMP_062,CUST_1474,2026-07-08,Meta Ads,Personal Care,Seasonal,Delhi,Budget,22,55319.04127657975,168398,5132,2308,158,96083.72384011897,5,5393.638697676653
CMP_074,CUST_0349,2026-06-04,YouTube,Personal Care,Product Launch,Pune,Regular,37,60505.01252485869,255592,6110,2769,87,72207.71772456281,8,5716.600571398603
CMP_078,CUST_0488,2026-06-19,Google Ads,Packaged Foods,Product Launch,Delhi,Regular,28,9456.410265858285,26814,1193,523,37,35301.74582023003,11,27443.395157244267
CMP_097,CUST_0945,2026-01-27,Email,Home Care,Conversion,Kolkata,Budget,51,37660.6455067373,157628,8419,4082,323,315340.067470305,1,2215.7273842199843
CMP_076,CUST_0661,2026-08-28,YouTube,Home Care,Retargeting,Mumbai,Budget,21,26273.46362382025,84191,1695,806,29,16115.272352068963,9,10383.682356270041
CMP_064,CUST_0937,2026-04-06,YouTube,Snacks,Conversion,Kolkata,Regular,45,89253.40328334169,212653,4681,1259,49,37506.64321233895,4,5648.897491715654
CMP_099,CUST_0981,2026-05-14,Email,Packaged Foods,Awareness,Chennai,Regular,49,43596.580165088424,138459,10069,5944,520,729749.9961980606,10,29462.09028711866
CMP_026,CUST_0492,2026-07-18,YouTube,Home Care,Retargeting,Pune,Regular,48,61383.1783245765,145028,3003,1725,72,54752.61997313283,9,10677.474176541828
CMP_027,CUST_0623,2026-03-20,Email,Personal Care,Product Launch,Mumbai,Premium,23,22843.072044494344,77631,5001,2889,220,393185.9383641045,9,36723.00863039477
CMP_076,CUST_1122,2026-02-24,Email,Home Care,Retargeting,Pune,Premium,54,46530.34371319254,361369,23027,6897,1046,2102581.7743003583,1,3218.819164350356
CMP_028,CUST_0277,2026-08-31,YouTube,Home Care,Conversion,Kolkata,Regular,19,74957.4794620168,212274,4397,1583,71,48868.72971309945,1,1648.182411135327
CMP_065,CUST_1258,2026-08-17,LinkedIn,Packaged Foods,Conversion,Delhi,Budget,55,85729.05909562485,245223,6267,3606,126,154734.20689888202,10,11835.953088404363
CMP_016,CUST_1334,2026-05-07,Google Ads,Personal Care,Awareness,Pune,Budget,34,97755.31265413742,242016,7573,3172,291,244140.5671844806,6,3988.281596355935
CMP_088,CUST_0334,2026-06-01,Instagram,Personal Care,Seasonal,Hyderabad,Budget,27,94221.06590841358,348876,12761,7191,309,234962.14984515097,6,3365.598464010502
CMP_001,CUST_0977,2026-06-23,YouTube,Beverages,Awareness,Mumbai,Premium,40,57592.40586357427,470447,8782,3423,147,127036.54942465528,5,4155.28518610163
CMP_074,CUST_0974,2026-07-15,Meta Ads,Packaged Foods,Seasonal,Hyderabad,Regular,34,13505.834226669676,41795,1148,372,21,16252.051917447896,5,10919.90572231238
CMP_104,CUST_0132,2026-04-06,Instagram,Personal Care,Awareness,Delhi,Regular,53,77245.08555467897,486894,19716,6531,277,233287.52658004285,1,893.3905463905505
CMP_048,CUST_1198,2026-05-15,Instagram,Snacks,Awareness,Chennai,Budget,44,26541.043502411358,219451,5878,2768,156,102112.08460577969,7,7044.772224034304
CMP_103,CUST_0436,2026-01-07,Google Ads,Packaged Foods,Product Launch,Mumbai,Premium,27,45836.236735438186,119535,5961,1645,82,143750.1287937202,4,10290.726150480537
CMP_068,CUST_0669,2026-01-31,Email,Packaged Foods,Conversion,Hyderabad,Budget,60,81728.06249098909,375897,41397,22464,3050,3045702.617417644,5,9733.701079141325
CMP_139,CUST_0849,2026-06-12,LinkedIn,Personal Care,Retargeting,Chennai,Premium,18,37135.217484959256,109860,2473,845,48,92350.72223795792,9,26897.823951715294
CMP_028,CUST_0883,2026-01-22,Instagram,Personal Care,Seasonal,Mumbai,Regular,46,34256.238807305606,110590,3726,2110,54,47972.42127772048,7,6071.207350578546
CMP_052,CUST_0158,2026-01-13,Google Ads,Beverages,Awareness,Delhi,Budget,58,92795.8609368582,527866,24053,11997,756,584313.3447423459,7,12733.371288549657
CMP_142,CUST_1201,2026-02-20,LinkedIn,Packaged Foods,Product Launch,Mumbai,Regular,40,38017.52921223067,129590,3528,1745,98,130792.15786234144,6,20026.201740793564
CMP_087,CUST_0331,2026-08-26,Instagram,Snacks,Product Launch,Mumbai,Premium,37,11622.585294641918,37742,1318,724,29,33632.10631991403,3,3577.9342871269755
CMP_108,CUST_0627,2026-09-29,LinkedIn,Snacks,Seasonal,Hyderabad,Premium,54,12392.349584493524,48567,1503,844,40,81391.47996384471,3,12530.58590141378
CMP_082,CUST_0885,2026-04-06,Email,Packaged Foods,Product Launch,Bangalore,Regular,20,80153.91709748286,214115,16324,7904,470,704317.2713634953,1,2880.191931468867
CMP_017,CUST_0826,2026-02-12,Instagram,Packaged Foods,Awareness,Chennai,Budget,60,62811.4367064262,303127,13384,6085,305,221949.8487189644,7,11059.326887338284
CMP_012,CUST_0115,2026-03-22,LinkedIn,Packaged Foods,Seasonal,Pune,Premium,58,75060.40492391077,182621,4212,2343,100,175267.1325866399,9,20296.50421319644
CMP_126,CUST_1238,2026-08-03,YouTube,Home Care,Retargeting,Hyderabad,Regular,47,78435.11267583833,205506,3377,909,31,24651.645345656856,3,3604.4360265533815
CMP_067,CUST_1191,2026-09-11,Meta Ads,Packaged Foods,Conversion,Hyderabad,Premium,19,64814.31174955505,305566,8406,3999,230,300389.6057021199,4,8016.281074625782
CMP_031,CUST_1186,2026-04-06,LinkedIn,Packaged Foods,Retargeting,Bangalore,Budget,30,25928.366222637957,60684,1405,637,22,21334.551035141532,3,7048.805559426422
CMP_065,CUST_0953,2026-06-24,Email,Beverages,Conversion,Bangalore,Premium,63,54605.88825350837,145466,12822,5581,728,1256864.50293137,6,13485.430151472552
CMP_045,CUST_0624,2026-03-24,Meta Ads,Snacks,Awareness,Pune,Budget,28,56576.627174285815,160865,3836,1986,151,120447.20625264398,9,13975.174647193951
CMP_068,CUST_0509,2026-08-12,Google Ads,Personal Care,Seasonal,Chennai,Premium,55,49747.378628522245,167540,7892,2861,230,330853.86603590165,1,1284.7149816016451
CMP_091,CUST_1312,2026-08-06,YouTube,Personal Care,Product Launch,Kolkata,Premium,29,40430.54030354263,223134,5014,2069,75,67958.91637864194,10,13623.58070285057
CMP_063,CUST_0111,2026-05-10,Google Ads,Home Care,Product Launch,Hyderabad,Budget,63,79327.15083108739,203261,7489,2562,185,143722.3662200115,1,1466.1119719269302
CMP_110,CUST_1342,2026-03-21,YouTube,Home Care,Seasonal,Mumbai,Regular,50,6056.522852828004,24273,460,190,2,1287.3015631667404,9,15238.97633950716
CMP_127,CUST_0639,2026-01-05,YouTube,Personal Care,Awareness,Bangalore,Premium,38,19551.046970555028,96380,1277,378,11,13269.21824156787,3,4877.208414752449
CMP_100,CUST_0255,2026-06-28,LinkedIn,Snacks,Product Launch,Kolkata,Premium,23,95997.8718099586,377248,8164,4032,202,381337.3724804685,2,8014.759036469787
CMP_144,CUST_0253,2026-07-31,Instagram,Beverages,Retargeting,Bangalore,Premium,49,7460.521679976246,25008,646,368,12,13238.838011149823,1,1563.021936796492
CMP_013,CUST_0854,2026-03-24,Meta Ads,Snacks,Seasonal,Mumbai,Budget,31,73224.8861127544,467598,15189,7339,411,313506.65200712025,8,8825.296014438954
CMP_045,CUST_0436,2026-08-27,YouTube,Packaged Foods,Awareness,Chennai,Regular,19,85530.54560677567,338112,7195,2534,87,62260.77484874232,6,4264.708022380269
CMP_003,CUST_1354,2026-09-27,Email,Snacks,Retargeting,Kolkata,Premium,30,31710.18809967958,116371,8905,2578,287,448992.1464982825,8,16184.464566275636
CMP_104,CUST_1296,2026-03-28,Email,Home Care,Conversion,Hyderabad,Regular,43,56312.23619616661,394997,23767,8022,1219,1787097.1156733744,7,21740.809887150142
CMP_086,CUST_0474,2026-02-14,Email,Personal Care,Product Launch,Mumbai,Premium,57,31633.84339084393,99954,7878,4329,512,991781.8833580897,5,20339.373000837502
CMP_009,CUST_1305,2026-04-23,Meta Ads,Personal Care,Awareness,Kolkata,Premium,42,29034.572920302347,164814,4230,1386,96,116568.32232728346,11,15719.530594204345
CMP_141,CUST_0347,2026-07-12,Instagram,Home Care,Awareness,Hyderabad,Budget,37,8931.702014143642,50370,1751,797,35,22757.272006247083,9,12790.185243277738
CMP_096,CUST_0848,2026-02-17,LinkedIn,Beverages,Product Launch,Hyderabad,Premium,18,95011.77961625987,496962,9557,4257,210,408221.44892031647,6,21334.44941513573
CMP_083,CUST_0129,2026-05-26,Meta Ads,Home Care,Seasonal,Kolkata,Budget,20,15120.313539821442,35570,802,314,11,6651.444402132113,2,3232.884859325441
CMP_136,CUST_0963,2026-07-16,Google Ads,Snacks,Conversion,Chennai,Regular,24,27036.239059857693,191663,9163,2760,191,217838.39454891297,8,16268.492811823618
CMP_038,CUST_0685,2026-01-09,Meta Ads,Packaged Foods,Awareness,Chennai,Budget,57,84425.5470897133,282755,8247,2977,224,151052.18155078508,5,3931.4917206589153
CMP_132,CUST_0361,2026-05-12,LinkedIn,Packaged Foods,Product Launch,Kolkata,Premium,19,52238.53525842821,273183,6287,3163,145,323714.61536333803,2,5685.83411676924
CMP_009,CUST_1430,2026-06-23,LinkedIn,Snacks,Seasonal,Bangalore,Regular,55,28090.081691770698,89330,2602,993,43,53080.476651597666,8,13759.527204584978
CMP_113,CUST_0476,2026-08-05,LinkedIn,Personal Care,Awareness,Pune,Regular,26,85890.32201123367,398546,10114,3315,229,311470.69774746126,11,16140.188094852307
CMP_019,CUST_1044,2026-03-14,YouTube,Beverages,Retargeting,Delhi,Regular,24,62648.14603914119,171212,3483,1921,90,70451.51388786698,2,3207.3242891173245
CMP_008,CUST_0800,2026-04-28,Instagram,Snacks,Product Launch,Pune,Premium,25,94818.78472215211,418075,15789,5445,277,347063.6901062219,11,21251.92709634625
CMP_030,CUST_1337,2026-04-07,Google Ads,Packaged Foods,Conversion,Hyderabad,Budget,41,57722.12174931337,424534,16473,6967,712,572953.9583393754,9,14507.62169573643
CMP_079,CUST_0823,2026-02-27,Instagram,Snacks,Retargeting,Pune,Regular,34,87740.16320039581,378815,15009,4551,280,262935.24424444267,3,3097.574121535182
CMP_051,CUST_0536,2026-02-15,LinkedIn,Packaged Foods,Awareness,Hyderabad,Premium,35,62023.92296284897,339929,8189,4498,155,338425.7054337666,1,4705.04812865397
CMP_119,CUST_0056,2026-08-14,YouTube,Home Care,Awareness,Bangalore,Budget,52,13978.67277276891,90373,1892,543,16,9503.135732628367,8,9318.685824327866
CMP_053,CUST_1113,2026-04-19,Instagram,Snacks,Awareness,Chennai,Budget,52,41076.28829334763,110267,3656,1096,64,38555.40355104548,5,4378.597732529577
CMP_053,CUST_1250,2026-07-21,LinkedIn,Snacks,Conversion,Bangalore,Regular,58,47666.98381480754,112628,3791,1425,71,107549.19247212932,1,1986.2774929566035
CMP_129,CUST_0982,2026-08-09,YouTube,Beverages,Awareness,Kolkata,Budget,63,24543.13219578419,76437,1381,529,15,9648.319951331372,6,4769.0770403784045
CMP_050,CUST_0629,2026-07-11,YouTube,Packaged Foods,Awareness,Delhi,Regular,31,9276.692762547658,48424,996,371,14,9783.98382336912,1,1550.7252173739616
CMP_001,CUST_0460,2026-03-19,Instagram,Beverages,Product Launch,Pune,Budget,40,91998.00918239886,285970,10833,6470,224,169008.66220734248,2,1521.0543845329125
CMP_147,CUST_0237,2026-06-06,Google Ads,Snacks,Retargeting,Hyderabad,Budget,45,92545.47076280465,209635,9092,4699,306,297304.24924145144,2,1540.3212971095923
CMP_017,CUST_0005,2026-05-17,Google Ads,Home Care,Retargeting,Kolkata,Premium,23,9747.31420206877,32184,1606,596,47,70452.2652507402,3,10382.56860720657
CMP_145,CUST_1385,2026-04-14,Meta Ads,Home Care,Awareness,Delhi,Regular,57,17302.104824961498,42557,1253,546,16,14838.554281133687,10,19036.77129157524
CMP_029,CUST_1210,2026-08-14,Google Ads,Beverages,Awareness,Pune,Premium,26,71925.16776805914,225212,9239,3643,289,472141.82873706485,10,36744.46418829593
CMP_062,CUST_0490,2026-05-29,YouTube,Home Care,Seasonal,Bangalore,Regular,56,21989.612302019697,73468,1589,467,8,6798.3174462433735,4,5836.302916789208
CMP_101,CUST_0653,2026-03-28,LinkedIn,Home Care,Conversion,Delhi,Regular,33,24245.41202264209,102781,2663,1013,47,73702.76700138509,10,28939.10820867367
CMP_016,CUST_0516,2026-09-23,Google Ads,Beverages,Product Launch,Bangalore,Regular,57,41563.785372834405,221345,10781,6395,581,625499.324132731,6,9732.805225520815
CMP_025,CUST_0910,2026-02-14,LinkedIn,Beverages,Awareness,Bangalore,Premium,19,39574.59238351604,196893,6345,2852,147,273552.20138018567,4,7134.182524160845
CMP_078,CUST_0861,2026-08-10,Meta Ads,Packaged Foods,Seasonal,Bangalore,Premium,18,11877.324951198058,47632,1644,511,28,34875.29295516418,6,9055.348254513136
CMP_146,CUST_0525,2026-04-29,LinkedIn,Home Care,Conversion,Chennai,Premium,37,28130.714459625364,188160,2835,1550,98,160272.3838414623,3,9146.923629732928
CMP_015,CUST_0472,2026-04-09,LinkedIn,Packaged Foods,Conversion,Delhi,Regular,43,30699.427710327058,204486,5668,1740,74,100734.04993227553,5,11590.175974801235
CMP_004,CUST_0635,2026-02-11,YouTube,Snacks,Product Launch,Delhi,Premium,21,70703.55216666992,163942,2291,1311,46,45151.79033162272,7,16560.88255615017
CMP_017,CUST_0792,2026-09-18,Meta Ads,Home Care,Retargeting,Delhi,Budget,61,57005.924657765514,181439,6082,1726,118,78583.3336726952,3,2021.5004342510467
CMP_013,CUST_0279,2026-09-06,Instagram,Personal Care,Seasonal,Mumbai,Budget,34,71907.87762580904,168649,6392,2464,130,84317.28435060117,1,1172.6648385760657
CMP_059,CUST_0729,2026-01-31,Instagram,Beverages,Conversion,Delhi,Premium,28,37884.26405326658,91381,2766,992,47,49113.30045036682,9,18397.758033990154
CMP_007,CUST_1195,2026-07-09,Google Ads,Snacks,Product Launch,Delhi,Regular,44,35281.86967709314,242110,9093,4420,350,438404.84477138566,2,2165.873789314763
CMP_109,CUST_0399,2026-05-09,Email,Packaged Foods,Awareness,Kolkata,Budget,54,10827.908940036355,48105,3891,992,100,91771.29518939114,4,5176.0417809013725
CMP_108,CUST_0510,2026-08-03,Instagram,Snacks,Product Launch,Delhi,Budget,41,25000.674036332483,56419,1811,523,37,25704.70763035859,9,5974.907852180511
CMP_043,CUST_1075,2026-07-26,Google Ads,Packaged Foods,Seasonal,Delhi,Budget,26,49381.084538552306,130983,5454,3191,174,131642.30119343888,9,9345.928228838484
CMP_054,CUST_0305,2026-01-30,YouTube,Packaged Foods,Conversion,Pune,Premium,33,69504.42190673141,190199,4057,2356,72,81023.20085664492,8,8863.515450522425
CMP_042,CUST_1394,2026-05-29,Google Ads,Beverages,Awareness,Delhi,Premium,30,10649.986926156287,25847,1462,372,27,38651.69700155126,11,36301.28811531531
CMP_021,CUST_1166,2026-09-08,Email,Snacks,Conversion,Mumbai,Premium,32,52856.77896856859,121409,9914,4467,501,961791.8612380209,9,29670.4459221567
CMP_014,CUST_1409,2026-08-13,Meta Ads,Snacks,Product Launch,Hyderabad,Premium,56,96400.673915156,363375,10786,4370,343,486165.7482072937,7,18390.981959758647
CMP_089,CUST_0219,2026-05-20,Email,Beverages,Product Launch,Bangalore,Budget,51,31581.810331390596,241695,17995,5477,467,476012.20934987714,11,17982.435829930135
CMP_015,CUST_0919,2026-09-12,Email,Home Care,Retargeting,Hyderabad,Regular,44,28924.055095020423,80739,8319,4887,528,662165.7132560342,4,7456.54128501942
CMP_024,CUST_1324,2026-04-26,Google Ads,Personal Care,Seasonal,Bangalore,Regular,54,36168.50547101828,120464,5589,2988,191,226103.32690960847,5,13328.112687357157
CMP_092,CUST_0485,2026-07-23,Meta Ads,Snacks,Awareness,Mumbai,Regular,22,9262.380796497839,25447,765,382,21,18425.05811816632,8,6881.9969279882425
CMP_067,CUST_1397,2026-06-23,Meta Ads,Home Care,Awareness,Chennai,Regular,20,24896.77853834272,139720,2718,1147,68,73363.2665096762,4,5405.780071808418
CMP_125,CUST_0215,2026-03-31,LinkedIn,Packaged Foods,Seasonal,Mumbai,Premium,29,15021.650735554198,65423,1748,849,59,127169.8971378338,6,21699.301943937146
CMP_073,CUST_1263,2026-06-28,Meta Ads,Snacks,Product Launch,Delhi,Premium,35,54042.02054888193,132801,3724,2138,134,144566.99167651532,4,10450.718258151608
CMP_125,CUST_0517,2026-07-14,Google Ads,Home Care,Awareness,Chennai,Regular,32,58909.23777314056,348374,17755,10624,792,836402.5595306321,1,2085.231445307934
CMP_016,CUST_0792,2026-09-05,Meta Ads,Beverages,Conversion,Mumbai,Regular,20,85508.87735690751,269345,9084,4179,251,261818.5892334498,6,8666.754916516249
CMP_121,CUST_0998,2026-03-25,YouTube,Beverages,Retargeting,Chennai,Premium,41,86409.71763325248,256421,4793,2266,99,106073.51896173431,6,10373.264543356509
CMP_089,CUST_0523,2026-02-03,Google Ads,Personal Care,Conversion,Bangalore,Premium,52,50926.33047582099,224677,13094,4862,357,505176.88941011264,2,4238.364517415522
CMP_120,CUST_0983,2026-06-19,Instagram,Packaged Foods,Conversion,Mumbai,Regular,35,8456.678210071008,24167,692,243,15,12992.178901936179,3,6074.852849682635
CMP_035,CUST_0236,2026-02-18,LinkedIn,Beverages,Awareness,Mumbai,Regular,38,55154.69592768182,145142,3796,1002,43,72180.48575736578,1,1808.5559292094108
CMP_081,CUST_0863,2026-08-19,Meta Ads,Snacks,Product Launch,Mumbai,Budget,49,68590.46248565597,170989,4821,2876,155,90851.54276423228,3,3627.7723825400676
CMP_093,CUST_0478,2026-03-30,Google Ads,Beverages,Seasonal,Pune,Regular,46,67592.15258691722,168044,6076,2063,141,170667.12505487766,1,1452.6420654600647
CMP_104,CUST_1308,2026-08-16,LinkedIn,Personal Care,Conversion,Chennai,Premium,57,72791.96255391098,425377,8034,3447,156,306992.81347511493,6,16495.143006498194
CMP_101,CUST_1174,2026-07-12,Meta Ads,Snacks,Awareness,Delhi,Regular,37,93598.35191332686,289245,9841,4456,252,249735.7763154701,8,16489.568916046162
CMP_104,CUST_0607,2026-09-23,Google Ads,Packaged Foods,Seasonal,Delhi,Budget,47,49580.45282628898,173835,6863,3079,165,156250.50264089167,4,7216.882153169077
CMP_047,CUST_0413,2026-03-05,LinkedIn,Snacks,Retargeting,Delhi,Premium,61,91157.95239370446,202781,6075,1617,76,171137.485797702,3,13545.160490985354
CMP_104,CUST_0114,2026-07-07,Instagram,Personal Care,Seasonal,Chennai,Premium,52,95816.84374640335,329756,11839,4960,286,327395.4096422855,1,2717.9443713488013
CMP_001,CUST_1035,2026-06-27,YouTube,Home Care,Conversion,Kolkata,Premium,22,33306.75683493192,217233,5733,3299,86,102873.4085509438,1,1850.2385327382974
CMP_126,CUST_0471,2026-07-27,YouTube,Home Care,Awareness,Kolkata,Premium,40,46807.28947490341,183306,3280,1688,68,81552.43113325784,7,9423.651141959812
CMP_048,CUST_0679,2026-09-28,LinkedIn,Snacks,Conversion,Bangalore,Regular,41,74201.53454004263,617174,13017,6314,280,346046.0321558092,6,9059.486809272747
CMP_072,CUST_0988,2026-06-16,Email,Beverages,Conversion,Pune,Budget,39,21957.472931247496,69242,5106,2068,247,267504.49975606543,5,5773.280008643272
CMP_060,CUST_0969,2026-04-11,LinkedIn,Personal Care,Seasonal,Delhi,Budget,31,94908.16481715425,231339,6208,3051,156,192499.56678000925,10,8871.277037029464
CMP_088,CUST_0674,2026-01-20,Instagram,Home Care,Retargeting,Kolkata,Budget,56,79663.96820769778,531345,13459,4020,235,135808.20530517842,1,758.6623950410868
CMP_143,CUST_0544,2026-06-27,Email,Personal Care,Conversion,Kolkata,Budget,42,73417.73456176894,232421,15939,8468,1076,889973.4158604703,10,20260.017547801443
CMP_016,CUST_1424,2026-09-18,LinkedIn,Snacks,Conversion,Pune,Premium,31,17737.582762863625,52410,1160,303,5,9731.296354736487,6,26881.154271766176
CMP_116,CUST_0947,2026-07-16,YouTube,Home Care,Awareness,Mumbai,Regular,60,97770.67875004506,692562,14171,4783,141,97247.38692330538,6,7459.314176496806
CMP_102,CUST_0702,2026-09-12,Google Ads,Snacks,Product Launch,Chennai,Premium,24,32968.96764293561,94537,4482,1577,112,178996.61770133796,6,21521.30914367564
CMP_040,CUST_1229,2026-06-20,LinkedIn,Packaged Foods,Conversion,Kolkata,Budget,18,10805.864423863959,65097,1546,624,18,16361.883218168667,3,6221.949749933806
CMP_006,CUST_1470,2026-07-31,Google Ads,Beverages,Product Launch,Delhi,Regular,20,34842.68410791347,90969,4282,1370,78,92299.49027233076,3,6686.488208530155
CMP_141,CUST_0648,2026-01-22,Instagram,Home Care,Awareness,Delhi,Premium,21,13828.030187336515,36002,1306,779,38,41883.87462435823,4,4279.94857254781
CMP_121,CUST_0139,2026-01-07,YouTube,Beverages,Retargeting,Bangalore,Budget,60,50764.685149758916,205109,4359,2173,92,52346.92785796653,6,2847.7772976115666
CMP_044,CUST_0347,2026-02-11,Google Ads,Home Care,Retargeting,Pune,Regular,30,58261.699445419865,233361,9083,4553,382,426430.9367414993,8,16077.979399670936
CMP_007,CUST_0542,2026-08-03,Meta Ads,Home Care,Seasonal,Kolkata,Regular,61,42860.182894792524,153654,4714,1289,63,48602.30396264549,8,6220.603246018964
CMP_126,CUST_0819,2026-02-10,LinkedIn,Home Care,Awareness,Kolkata,Budget,33,75621.75774439308,258718,6703,2172,109,111179.5098863437,2,2884.341267140619
CMP_135,CUST_1477,2026-03-10,Meta Ads,Packaged Foods,Awareness,Mumbai,Budget,33,62035.62514481019,198476,6876,3852,220,176188.17204872883,1,1356.6801042407933
CMP_149,CUST_1031,2026-03-27,Email,Beverages,Awareness,Hyderabad,Premium,55,38990.66967494801,108719,7759,2146,296,489400.30335116567,1,1551.9929330718376
CMP_127,CUST_1092,2026-07-09,Instagram,Beverages,Conversion,Bangalore,Regular,32,46227.469959411064,190214,4405,1630,78,70064.08100946085,7,13279.26912175072
CMP_025,CUST_0102,2026-05-31,Instagram,Personal Care,Awareness,Pune,Budget,37,41278.31448828254,123125,5386,2067,78,56254.63686359947,11,17221.27047472432
CMP_004,CUST_0326,2026-06-22,Google Ads,Packaged Foods,Seasonal,Mumbai,Premium,44,49096.7180802361,250654,8557,4954,423,581361.0586857706,9,26773.417223732748
CMP_069,CUST_1411,2026-02-05,YouTube,Snacks,Retargeting,Pune,Budget,50,17376.844971521954,72428,1386,768,29,15552.013806016197,2,1790.5903875871384
CMP_078,CUST_0062,2026-06-12,YouTube,Personal Care,Awareness,Delhi,Budget,42,86630.58065330984,411614,6585,1753,66,31890.40900060754,7,6070.38904307409
CMP_134,CUST_0207,2026-09-20,Google Ads,Beverages,Conversion,Kolkata,Budget,37,80764.57014972786,251909,10819,4110,391,351372.83495492546,3,5891.278606445128
CMP_131,CUST_1014,2026-05-18,Instagram,Snacks,Seasonal,Chennai,Budget,28,51777.69270272088,131050,3476,923,57,40778.97326829041,2,1129.0568656272162
CMP_034,CUST_0332,2026-07-01,LinkedIn,Beverages,Conversion,Chennai,Regular,40,55488.94152351726,212209,5566,2943,123,194378.67837710158,5,11475.973574751579
CMP_035,CUST_0438,2026-06-25,Google Ads,Personal Care,Retargeting,Delhi,Regular,29,15454.84504410839,43327,1846,674,65,74399.54884514537,2,3748.7432109259435
CMP_132,CUST_1272,2026-05-11,YouTube,Packaged Foods,Product Launch,Bangalore,Budget,32,92235.32977227679,293699,7100,2237,97,54484.77097306603,3,3769.9797647958744
CMP_078,CUST_1026,2026-02-04,Google Ads,Packaged Foods,Retargeting,Kolkata,Budget,22,15620.786422943534,81818,3693,2193,197,157024.51285159518,5,9456.758669314358
CMP_146,CUST_0827,2026-06-20,Google Ads,Home Care,Product Launch,Chennai,Premium,54,10730.035452267257,41541,2035,921,66,102626.10976385613,4,7388.824784585049
CMP_075,CUST_0363,2026-01-19,YouTube,Home Care,Seasonal,Chennai,Budget,35,45189.80512989364,113810,2692,1550,51,25730.012491347257,8,10727.661034054016
CMP_021,CUST_1189,2026-05-10,YouTube,Personal Care,Product Launch,Bangalore,Budget,35,42352.43579002503,118312,2882,915,37,18599.74022224253,1,507.1368856188601
CMP_054,CUST_0122,2026-05-04,Email,Snacks,Awareness,Chennai,Premium,33,57876.55947773322,149235,11128,4572,558,1025374.335306999,8,13483.017129885757
CMP_111,CUST_0863,2026-09-22,Email,Snacks,Conversion,Delhi,Premium,50,94368.75243938171,216289,25569,12877,1509,2830210.480813839,4,6549.539666866638
CMP_136,CUST_1088,2026-07-20,YouTube,Home Care,Seasonal,Bangalore,Budget,54,63759.703035681334,170820,3998,1519,65,36319.18902656321,1,964.0492486728448
CMP_094,CUST_1331,2026-08-14,Meta Ads,Packaged Foods,Product Launch,Mumbai,Premium,32,25779.222985075932,133168,4070,1069,84,110074.75494251703,7,11071.76280051431
CMP_021,CUST_1403,2026-09-21,LinkedIn,Packaged Foods,Retargeting,Pune,Premium,40,51657.118604313895,285621,5671,2814,108,187460.04429289763,11,25393.045995138724
CMP_070,CUST_1089,2026-01-17,YouTube,Beverages,Awareness,Delhi,Regular,22,89547.9065292467,285223,5051,2176,56,37439.946846851395,8,13852.89662672317
CMP_059,CUST_0761,2026-09-15,Email,Personal Care,Seasonal,Bangalore,Budget,64,68783.85353971599,185929,11473,6143,705,625613.4036669515,2,2160.7867698551377
CMP_064,CUST_0596,2026-03-14,Google Ads,Snacks,Seasonal,Delhi,Premium,56,87653.51197878424,370964,15908,4987,322,461316.85366686946,10,34391.493508055384
CMP_108,CUST_0801,2026-03-25,LinkedIn,Personal Care,Retargeting,Hyderabad,Regular,60,80687.02237999575,671194,14137,4374,217,353069.47611495573,8,11188.189760175184
CMP_002,CUST_0353,2026-03-28,Instagram,Home Care,Seasonal,Kolkata,Budget,42,18521.54248244661,128239,5124,2798,216,137465.62002884236,4,5488.817212899828
CMP_056,CUST_0670,2026-09-28,Email,Snacks,Awareness,Delhi,Budget,33,55406.94475187244,164565,10982,3734,438,413474.8273838248,8,6699.298700815027
CMP_054,CUST_0552,2026-01-30,LinkedIn,Snacks,Awareness,Chennai,Premium,59,62150.718863379814,389393,10925,5640,273,570371.4557588248,5,10568.542164406725
CMP_127,CUST_0474,2026-05-02,Google Ads,Beverages,Conversion,Delhi,Premium,39,52989.63901086242,356879,18628,6864,706,1040020.9745114415,1,1674.4630532321646
CMP_029,CUST_0151,2026-05-04,Instagram,Packaged Foods,Retargeting,Pune,Budget,38,64703.14927246461,260645,8474,4323,181,122659.11701383513,2,2632.056957490984
CMP_006,CUST_1379,2026-05-01,LinkedIn,Beverages,Retargeting,Delhi,Budget,55,84280.95280505951,278545,8327,3338,132,155959.80317864055,11,20880.62993593284
CMP_074,CUST_1343,2026-02-17,Google Ads,Packaged Foods,Retargeting,Chennai,Regular,37,52773.156062817085,257398,12528,5236,376,361827.46660434105,8,9819.898526532072
CMP_019,CUST_1227,2026-05-06,LinkedIn,Beverages,Conversion,Pune,Regular,40,32371.26651676845,161673,3832,1432,87,143579.08813646415,4,8518.849211251832
CMP_044,CUST_0588,2026-05-21,Instagram,Beverages,Product Launch,Delhi,Regular,50,97391.26083794962,800589,31849,18373,961,725013.3725258592,3,5368.865717945948
CMP_073,CUST_1379,2026-08-02,Meta Ads,Beverages,Retargeting,Hyderabad,Regular,49,6063.859911187899,17392,551,278,21,19078.519405361392,8,17281.903538079325
CMP_137,CUST_1187,2026-01-28,Meta Ads,Home Care,Conversion,Bangalore,Regular,43,53907.37079565004,156470,5129,1486,66,69413.74012309151,3,5387.491478814928
CMP_080,CUST_1195,2026-08-25,Email,Beverages,Conversion,Mumbai,Regular,49,47765.833084864666,201857,16036,8351,1162,1687463.8445175993,3,5970.190037554256
CMP_071,CUST_1197,2026-07-22,Email,Personal Care,Product Launch,Chennai,Budget,57,98598.81884609623,328329,31159,10235,1306,1295518.4226390894,10,11551.368991901629
CMP_086,CUST_0366,2026-04-03,Email,Personal Care,Awareness,Hyderabad,Budget,62,77943.1623249665,393269,29415,9317,1197,980933.9118552097,5,6599.472547417947
CMP_131,CUST_0037,2026-09-16,Email,Packaged Foods,Awareness,Delhi,Budget,42,59081.96267533158,381789,29562,17303,1843,1807837.297895808,7,15566.1861406327
CMP_085,CUST_0577,2026-02-21,YouTube,Packaged Foods,Awareness,Kolkata,Budget,40,17004.126372360515,94666,1710,580,17,9833.602773045906,6,3298.387330667221
CMP_138,CUST_0121,2026-05-20,Instagram,Personal Care,Seasonal,Chennai,Regular,52,5846.057322405794,15017,558,169,11,8801.978354457178,7,8610.218348349681
CMP_014,CUST_0047,2026-06-29,Meta Ads,Home Care,Seasonal,Delhi,Budget,25,42949.81918356262,266925,7449,3997,227,150868.7044649598,9,10217.616349502818
CMP_027,CUST_1372,2026-03-12,Email,Snacks,Awareness,Pune,Budget,32,10525.036129809458,39777,3874,1132,138,124096.98521998904,10,7587.0338114448405
CMP_100,CUST_0778,2026-01-02,Google Ads,Beverages,Awareness,Kolkata,Budget,34,57268.466655815384,354864,18090,6982,578,564845.1278581633,9,7101.479338364626
CMP_097,CUST_1307,2026-09-04,LinkedIn,Home Care,Seasonal,Kolkata,Budget,46,51505.76725483456,200438,4341,1675,87,78106.7537827265,11,17579.082802472552
CMP_092,CUST_1122,2026-04-28,YouTube,Personal Care,Retargeting,Hyderabad,Premium,24,88609.940929231,206721,4098,2295,91,78677.75131768534,7,16967.39726873011
CMP_050,CUST_0907,2026-05-17,Meta Ads,Personal Care,Awareness,Kolkata,Budget,33,20593.432393082294,127000,4099,2418,133,104840.25002893708,5,8159.229057091762
CMP_039,CUST_1019,2026-03-12,Google Ads,Beverages,Awareness,Hyderabad,Premium,20,94649.48491158398,213570,8358,4349,293,384386.46812620317,1,1926.9226610259807
CMP_092,CUST_0960,2026-07-05,YouTube,Snacks,Product Launch,Chennai,Budget,22,52814.776524016284,242604,5148,1375,46,23749.196543768503,10,11175.789518316016
CMP_148,CUST_0514,2026-02-23,YouTube,Beverages,Conversion,Mumbai,Regular,51,33864.73421123421,107935,2143,675,31,24504.458533399396,5,4247.5236656562765
CMP_044,CUST_0950,2026-07-18,Instagram,Home Care,Seasonal,Delhi,Regular,24,27107.378166983657,145231,5472,2952,73,60878.115571352086,1,783.209345987989
CMP_097,CUST_0153,2026-01-17,Email,Packaged Foods,Product Launch,Kolkata,Budget,55,27623.03736718886,92139,8536,2937,178,146587.26522484535,4,7504.083890147662
CMP_117,CUST_0616,2026-03-18,Meta Ads,Beverages,Retargeting,Delhi,Premium,21,12870.07535631206,106266,2446,1391,69,73854.7471215166,8,14953.980145470441
CMP_021,CUST_1178,2026-09-11,YouTube,Beverages,Retargeting,Delhi,Regular,22,17895.444622534593,85329,1780,1063,32,21121.28324598155,8,7656.981701666857
CMP_096,CUST_0255,2026-02-19,YouTube,Home Care,Awareness,Kolkata,Regular,23,59622.76198160066,397031,9318,4331,205,179240.88191498505,7,10759.292779333402
CMP_147,CUST_0923,2026-08-05,Email,Personal Care,Awareness,Bangalore,Regular,55,30762.555903568275,90538,7193,3195,308,332755.4386491856,7,15125.630420444322
CMP_070,CUST_0204,2026-04-21,Instagram,Packaged Foods,Seasonal,Pune,Premium,45,98976.45495933859,247686,7889,2140,132,159929.93302916051,6,5601.423895071962
CMP_109,CUST_1396,2026-07-04,LinkedIn,Beverages,Awareness,Chennai,Budget,31,93525.82412145339,378031,8162,4798,250,264847.3653267534,1,1896.645780902799
CMP_098,CUST_0988,2026-07-09,LinkedIn,Beverages,Seasonal,Pune,Budget,35,71483.26984122265,167113,4248,2411,143,171217.44856627216,7,9666.1906278544
CMP_042,CUST_1027,2026-08-17,Meta Ads,Snacks,Product Launch,Chennai,Budget,44,89874.85825889137,491435,13396,4777,276,207935.99224849735,1,1435.9448191141012
CMP_141,CUST_1041,2026-03-30,Email,Beverages,Awareness,Bangalore,Budget,45,63002.357440029344,186865,15162,8777,958,1000745.3970439365,1,1272.7760490295786
CMP_107,CUST_0506,2026-04-27,Meta Ads,Packaged Foods,Retargeting,Bangalore,Budget,21,31066.646091436523,97959,2628,1135,68,39357.092728637486,7,5132.709182771482
CMP_107,CUST_0729,2026-09-14,Instagram,Home Care,Retargeting,Bangalore,Regular,30,96875.75070685278,757670,19540,9945,490,452705.304477817,10,10473.26536521912
CMP_120,CUST_0498,2026-09-04,LinkedIn,Personal Care,Product Launch,Chennai,Premium,60,86933.38137591221,487562,10033,4785,202,390139.75281682983,8,29572.17351568601
CMP_094,CUST_0995,2026-01-25,Google Ads,Personal Care,Conversion,Kolkata,Regular,25,10669.79452981751,28852,1304,504,38,45073.49364142329,9,8353.603711118047
CMP_135,CUST_0055,2026-07-02,Instagram,Home Care,Seasonal,Bangalore,Regular,53,90760.73101645372,223768,8114,4105,152,154356.33183852103,3,3935.1755719707708
CMP_048,CUST_0355,2026-08-22,Google Ads,Beverages,Awareness,Kolkata,Regular,22,97494.00704662828,649240,31324,11941,878,1091941.9466648486,2,2641.9435811554763
CMP_085,CUST_0920,2026-07-15,Google Ads,Beverages,Awareness,Chennai,Regular,54,90549.01377547308,261788,13857,5031,378,471075.0007983442,1,1151.213252577206
CMP_034,CUST_0497,2026-01-22,Google Ads,Packaged Foods,Awareness,Hyderabad,Regular,60,18189.804343047017,82585,4041,2043,196,235199.88343825465,6,11044.254556673644
CMP_140,CUST_1275,2026-05-08,Google Ads,Personal Care,Seasonal,Pune,Regular,59,18907.922298182195,140440,6483,2654,138,155857.83373790546,11,15763.872763295913
CMP_138,CUST_1197,2026-09-28,Google Ads,Personal Care,Conversion,Kolkata,Budget,57,79271.9815353987,303422,9340,2847,230,178918.80218310858,3,5965.737154185401
CMP_023,CUST_0742,2026-04-25,Google Ads,Packaged Foods,Retargeting,Pune,Premium,25,47967.961391731296,340768,11087,3049,245,410285.64268523967,5,8100.876803288777
CMP_121,CUST_1269,2026-03-31,Meta Ads,Personal Care,Seasonal,Pune,Budget,49,19107.892257082443,127910,3351,1831,117,72690.47678953796,11,13443.852185806692
CMP_080,CUST_0792,2026-08-01,LinkedIn,Snacks,Retargeting,Bangalore,Regular,38,76994.73511477622,171349,4687,2809,131,169576.27865547006,4,4757.505891381095
CMP_041,CUST_0382,2026-04-06,Google Ads,Beverages,Conversion,Mumbai,Regular,40,10886.965789217433,86556,3681,978,50,48482.86617065426,2,4963.952440404108
CMP_059,CUST_0505,2026-08-06,Meta Ads,Packaged Foods,Conversion,Hyderabad,Regular,43,28936.40364496678,144254,3901,1467,81,75092.5000986136,3,2752.2676123666197
CMP_004,CUST_1197,2026-02-01,Meta Ads,Beverages,Product Launch,Pune,Premium,41,16138.695238052933,64868,2016,801,44,49510.32989790008,11,19435.896227981782
CMP_038,CUST_1372,2026-03-28,LinkedIn,Personal Care,Conversion,Bangalore,Premium,21,58226.68066133664,219582,5984,2678,137,227951.73571300344,7,14309.218534910446
CMP_081,CUST_0235,2026-04-24,Email,Snacks,Awareness,Mumbai,Regular,19,9988.360271129008,26502,2404,749,94,137155.12378758244,10,19450.148942379677
CMP_097,CUST_1046,2026-08-15,YouTube,Beverages,Conversion,Bangalore,Premium,63,15238.803080319283,50893,903,284,4,4352.300856855139,8,16825.484122541195
CMP_077,CUST_0939,2026-03-11,LinkedIn,Beverages,Retargeting,Hyderabad,Regular,28,52669.05862405351,154727,4431,2592,113,137451.55855023177,3,5904.169735414484
CMP_004,CUST_0124,2026-04-02,Google Ads,Beverages,Conversion,Hyderabad,Premium,45,95652.96085045802,259027,7541,3159,240,334213.0671611458,5,8922.308097721914
CMP_073,CUST_0762,2026-07-05,Instagram,Home Care,Product Launch,Kolkata,Regular,19,26193.370837750314,63402,3001,1691,103,93264.28802927806,1,909.1609230493888
CMP_047,CUST_0115,2026-07-15,YouTube,Personal Care,Awareness,Delhi,Regular,49,44982.19870392568,117128,2936,1168,34,21929.034253525824,1,1253.1239308050358
CMP_041,CUST_0775,2026-02-26,Google Ads,Beverages,Retargeting,Bangalore,Budget,21,77007.19357467197,250532,8610,2606,159,134564.64987761126,5,3500.004895394553
CMP_082,CUST_0511,2026-01-07,Email,Packaged Foods,Seasonal,Delhi,Premium,40,20325.248644247025,72438,5873,2435,281,538796.661741023,8,20895.579229440933
CMP_083,CUST_0342,2026-05-12,Meta Ads,Personal Care,Conversion,Chennai,Budget,32,22255.694538407566,101735,2566,1380,72,50646.60297006249,7,11368.717571605885
CMP_050,CUST_0708,2026-05-06,LinkedIn,Beverages,Product Launch,Pune,Regular,46,60447.50929941485,163704,3629,1290,51,65870.52457110885,5,16582.48235291331
CMP_062,CUST_0923,2026-01-16,Instagram,Beverages,Conversion,Chennai,Budget,33,16112.811519958019,39867,1477,454,23,16276.34621655499,3,3756.055261532689
CMP_048,CUST_0765,2026-04-13,Meta Ads,Snacks,Awareness,Bangalore,Budget,36,60941.57948717921,278022,7600,2152,135,104087.46652378066,5,7710.7772676274035
CMP_129,CUST_0563,2026-02-11,Email,Snacks,Retargeting,Hyderabad,Budget,35,65241.383077192404,158115,13380,3621,436,389297.5179924582,9,13262.939563378659
CMP_057,CUST_0006,2026-08-26,Google Ads,Personal Care,Seasonal,Chennai,Budget,58,95778.8246411279,512559,21918,11940,892,852903.5244251965,9,14615.38678334614
CMP_122,CUST_1439,2026-03-11,Email,Snacks,Retargeting,Hyderabad,Premium,63,28965.882875099185,87957,5872,1979,172,279190.6970234328,10,34967.92196842141
CMP_128,CUST_1029,2026-07-05,LinkedIn,Snacks,Product Launch,Pune,Premium,44,22593.50358438918,98236,2199,988,50,108027.8404614821,4,9221.418297348224
CMP_038,CUST_0784,2026-09-08,Email,Snacks,Product Launch,Mumbai,Budget,39,20813.566846090707,61088,4638,1536,93,85365.76442968106,2,4203.936009812082
CMP_125,CUST_0655,2026-04-19,Google Ads,Personal Care,Awareness,Mumbai,Regular,34,23771.448666931403,58335,2646,898,60,73237.41602835979,1,1321.3579482325733
CMP_101,CUST_1389,2026-07-18,Instagram,Snacks,Seasonal,Hyderabad,Regular,22,22540.402545955913,70441,2063,691,34,29755.60311628175,2,3254.1678536033323
CMP_070,CUST_0042,2026-09-29,Email,Packaged Foods,Seasonal,Hyderabad,Premium,24,99631.8768586589,430570,35254,11451,1241,2233973.157095992,10,34232.591442912104
CMP_098,CUST_0817,2026-08-05,Google Ads,Personal Care,Conversion,Chennai,Budget,56,76493.86930553823,195407,10098,5452,321,265632.29202034057,3,2008.05369622397
CMP_005,CUST_0890,2026-08-14,Email,Beverages,Conversion,Hyderabad,Regular,35,85439.31596223709,320236,29930,7737,951,1404523.849118368,2,2451.4098958054124
CMP_112,CUST_0641,2026-07-30,Email,Beverages,Seasonal,Bangalore,Budget,38,50676.16880440069,126293,11066,2817,339,309622.0653170219,5,10639.821190612172
CMP_037,CUST_1247,2026-06-24,Instagram,Snacks,Seasonal,Hyderabad,Regular,41,6303.226786375573,41191,1367,819,57,47568.515182586205,11,19312.90632451692
CMP_016,CUST_0164,2026-01-09,Meta Ads,Home Care,Product Launch,Chennai,Budget,57,66906.13338251415,165408,5077,2476,143,111320.92786410947,6,3545.447809979197
CMP_056,CUST_1476,2026-04-13,Email,Beverages,Awareness,Hyderabad,Budget,38,30261.9895466719,168310,12630,5788,428,368985.85474434827,10,14632.150654942363
CMP_110,CUST_0466,2026-02-09,Email,Personal Care,Retargeting,Mumbai,Budget,39,19895.5417870967,52249,4760,1352,118,111172.50446942233,7,5360.826608055813
CMP_067,CUST_0003,2026-02-27,YouTube,Home Care,Product Launch,Hyderabad,Premium,47,81044.09151531965,571481,8342,2859,112,120922.06826659168,5,9219.63477528117
CMP_073,CUST_0687,2026-08-01,YouTube,Packaged Foods,Seasonal,Pune,Premium,40,49798.928125737024,308677,6075,1796,77,76155.3066583916,5,6370.96640782787
CMP_032,CUST_1088,2026-06-03,Instagram,Beverages,Product Launch,Chennai,Regular,42,15998.2483054852,84327,2828,1694,75,66441.02725562968,11,11888.198337652082
CMP_128,CUST_0789,2026-06-10,YouTube,Beverages,Product Launch,Delhi,Budget,32,81187.15613941448,202527,4255,1512,54,30356.17055584824,11,10724.097582081824
CMP_052,CUST_0011,2026-03-29,Email,Snacks,Retargeting,Pune,Budget,53,95122.92202671069,554478,37632,9437,990,1109314.42851638,9,6803.140672243814
CMP_073,CUST_0619,2026-04-03,YouTube,Home Care,Product Launch,Pune,Regular,60,64840.71289820138,238426,3890,1367,42,28696.098619143417,6,10087.431462312608
CMP_110,CUST_0134,2026-07-25,Meta Ads,Snacks,Seasonal,Delhi,Budget,58,60646.509635589646,246342,7939,3399,149,89222.98416731984,10,12406.42152816752
CMP_086,CUST_0649,2026-02-08,Instagram,Packaged Foods,Conversion,Delhi,Regular,21,78820.48966267647,189139,6672,2582,166,146744.95480118538,8,13015.81817068058
CMP_026,CUST_0931,2026-06-17,YouTube,Beverages,Conversion,Kolkata,Premium,46,12317.402979203143,38297,885,457,16,18338.800904744432,10,18627.90986674289
CMP_130,CUST_1032,2026-08-07,YouTube,Home Care,Seasonal,Delhi,Regular,60,55956.750497409244,129803,2169,664,33,25018.99379820617,7,9243.906688822917
CMP_029,CUST_0122,2026-09-20,Email,Home Care,Awareness,Delhi,Premium,31,65059.03886461036,147945,11816,5021,721,1459978.397974235,2,7920.579214052715
CMP_089,CUST_0201,2026-05-18,Google Ads,Home Care,Retargeting,Kolkata,Regular,62,92663.17454199724,207240,9734,2931,221,288284.7157617913,1,1626.3368245988504
CMP_053,CUST_0097,2026-02-22,LinkedIn,Home Care,Seasonal,Hyderabad,Premium,45,98858.81493254771,557341,11894,5156,259,462282.025705851,4,7028.44098770045
CMP_109,CUST_1111,2026-07-12,Email,Packaged Foods,Awareness,Pune,Regular,43,71845.0434384619,329454,18477,4906,597,768330.3128284058,2,5548.0596854146115
CMP_060,CUST_0862,2026-02-18,Google Ads,Snacks,Retargeting,Hyderabad,Regular,47,8934.777645070571,32187,1729,525,30,28164.93299952181,9,16744.882186044673
CMP_099,CUST_0344,2026-08-31,Instagram,Personal Care,Conversion,Chennai,Regular,52,72318.72616982524,160976,6480,2632,142,110001.08205964093,3,5591.666904996887
CMP_130,CUST_0206,2026-07-16,Email,Home Care,Conversion,Chennai,Premium,39,14925.107631361887,38157,3177,933,84,130733.56664136425,10,29961.27574446027
CMP_108,CUST_0369,2026-04-17,Google Ads,Beverages,Seasonal,Bangalore,Budget,35,68913.40473475016,194756,9278,4446,345,331572.5919277335,3,5945.266598106592
CMP_065,CUST_0132,2026-09-22,Google Ads,Snacks,Product Launch,Pune,Premium,52,72639.4304427505,181247,6805,4039,299,496389.7761525139,2,6668.922573198911
CMP_069,CUST_1213,2026-06-02,Meta Ads,Packaged Foods,Retargeting,Delhi,Premium,21,57866.67421219355,204767,5716,3197,203,217134.65453727596,4,10176.753584049187
CMP_033,CUST_1103,2026-08-27,Google Ads,Snacks,Product Launch,Bangalore,Premium,43,7821.425370816281,29712,1613,548,22,34743.36368747183,11,19599.335007919377
CMP_100,CUST_0979,2026-01-22,Instagram,Packaged Foods,Retargeting,Mumbai,Budget,32,86181.2604841526,645401,24608,8029,280,196860.6979229399,10,12669.571499584223
CMP_037,CUST_0374,2026-04-11,Google Ads,Packaged Foods,Seasonal,Chennai,Regular,25,58138.854971060595,183692,8482,3016,221,278622.6692228823,6,13267.121370935954
CMP_040,CUST_1063,2026-02-25,YouTube,Beverages,Conversion,Bangalore,Regular,52,35829.20373858254,122815,2453,869,43,37285.68258788155,9,15537.978189232224
CMP_032,CUST_1410,2026-01-18,LinkedIn,Beverages,Retargeting,Chennai,Budget,21,57465.62752011888,176107,4370,2080,100,101275.1811353463,9,22276.36945704722
CMP_054,CUST_1425,2026-03-01,Meta Ads,Beverages,Awareness,Kolkata,Budget,50,33271.529038741646,89901,2298,1170,72,51005.33188320751,6,7498.223055959007
CMP_078,CUST_0048,2026-04-21,LinkedIn,Home Care,Retargeting,Delhi,Budget,40,79853.75721203674,198770,5962,3563,119,106697.53985188586,5,4570.676298902723
CMP_106,CUST_0928,2026-01-05,Email,Packaged Foods,Conversion,Mumbai,Premium,63,16175.69871995788,54030,4105,1293,101,204324.72303324373,1,2223.078485310003
CMP_135,CUST_0305,2026-07-31,Instagram,Beverages,Seasonal,Pune,Premium,49,81567.33289906092,204671,8596,2724,170,233127.98727838378,7,12714.543542973273
CMP_107,CUST_0212,2026-07-08,Google Ads,Home Care,Retargeting,Chennai,Premium,27,21668.230312090356,64766,2885,1427,79,123576.71411927484,5,13944.148008044907
CMP_104,CUST_0225,2026-06-15,Email,Snacks,Seasonal,Delhi,Regular,54,43875.59881385788,129317,11542,3723,349,479791.6988787865,7,14585.778718164556
CMP_021,CUST_0249,2026-07-11,Google Ads,Snacks,Retargeting,Kolkata,Premium,61,24453.8512834154,139769,6833,3831,254,397936.4680708581,9,30827.62003253905
CMP_104,CUST_0950,2026-06-11,Email,Personal Care,Product Launch,Hyderabad,Budget,34,21969.650539784456,137907,11951,6634,789,728541.277494231,4,6050.81190661321
CMP_122,CUST_1036,2026-08-27,Meta Ads,Personal Care,Conversion,Mumbai,Premium,64,87298.02120206706,235893,4797,1661,126,182317.93047695202,8,12920.19639525418
CMP_031,CUST_0773,2026-03-01,Instagram,Personal Care,Seasonal,Mumbai,Regular,40,94667.23894317598,292069,9840,3385,166,145231.11507182536,1,1205.1630908712716
CMP_003,CUST_1270,2026-08-28,Email,Home Care,Retargeting,Delhi,Budget,46,16051.893628834046,53188,3744,1894,280,300249.81015228847,4,5755.5805023957055
CMP_090,CUST_1496,2026-01-09,Instagram,Packaged Foods,Product Launch,Delhi,Budget,30,32331.151743789287,154790,6485,3593,190,115980.12256138564,7,4677.607855200218
CMP_077,CUST_0587,2026-07-05,YouTube,Packaged Foods,Product Launch,Hyderabad,Regular,20,35958.86643486217,131665,1955,1159,33,27285.560131769373,3,4394.592981695808
CMP_125,CUST_0223,2026-09-16,YouTube,Personal Care,Product Launch,Bangalore,Budget,43,63822.66427813899,278042,5457,2012,101,65512.8232705959,8,5054.350129027813
CMP_092,CUST_0066,2026-06-06,Google Ads,Beverages,Retargeting,Hyderabad,Budget,45,46784.77443848194,126934,4131,2251,225,207680.480523615,3,2276.6472442217337
CMP_011,CUST_0772,2026-09-27,LinkedIn,Home Care,Product Launch,Hyderabad,Premium,45,9846.305733733923,46691,1306,738,33,62286.71902825515,3,8226.42740663962
CMP_020,CUST_0542,2026-03-27,YouTube,Home Care,Retargeting,Kolkata,Budget,21,39324.489480012206,116111,2253,898,35,20617.21364409278,10,12167.849107431079
CMP_102,CUST_0362,2026-02-05,Meta Ads,Beverages,Retargeting,Delhi,Premium,47,58362.67669828782,205440,5735,3197,178,227144.16242048406,1,2605.2119701495517
CMP_141,CUST_0421,2026-02-13,Instagram,Home Care,Conversion,Delhi,Budget,62,85406.54458962439,445740,13088,3606,128,97345.48881062759,5,5835.768510148056
CMP_013,CUST_0171,2026-06-01,YouTube,Personal Care,Retargeting,Bangalore,Premium,34,73702.02980376313,186755,3306,994,32,37391.622919569374,1,813.1745304955234
CMP_057,CUST_1302,2026-07-05,Instagram,Home Care,Awareness,Bangalore,Regular,22,45408.536785758595,319403,12447,3292,184,166067.74056226105,1,1681.299244888577
CMP_124,CUST_0304,2026-04-12,YouTube,Beverages,Retargeting,Chennai,Premium,26,44174.12643686941,146595,3004,1497,47,48823.80712506624,7,14259.950616665228
CMP_004,CUST_0418,2026-04-11,Instagram,Packaged Foods,Product Launch,Kolkata,Budget,54,41462.09893247162,231758,8715,4027,248,177903.88834441462,7,4328.649392992272
CMP_127,CUST_0854,2026-06-29,Email,Home Care,Product Launch,Bangalore,Budget,56,67420.59117199772,349887,29367,8675,919,930656.2327896839,7,6334.460031665046
CMP_084,CUST_0406,2026-06-06,Instagram,Beverages,Conversion,Pune,Regular,64,25359.944011816868,58491,1877,508,34,31747.630464186775,5,7906.656918443205
CMP_098,CUST_0879,2026-04-06,YouTube,Home Care,Retargeting,Kolkata,Premium,29,41286.90613291044,251330,6839,3364,117,106073.16095645308,11,16851.22517719892
CMP_035,CUST_1266,2026-05-24,Instagram,Home Care,Conversion,Hyderabad,Premium,58,96731.29647502459,528593,18948,10697,371,379161.87239374773,6,10187.057526633593
CMP_004,CUST_0467,2026-07-09,Google Ads,Personal Care,Retargeting,Pune,Regular,60,98792.25240753492,298430,19849,9158,445,518807.13098028384,1,1246.335439801044
CMP_134,CUST_1246,2026-01-09,YouTube,Home Care,Product Launch,Bangalore,Premium,55,38335.219506437425,106245,2016,671,26,24877.00956025672,8,6886.281911172425
CMP_039,CUST_0040,2026-09-16,Google Ads,Snacks,Retargeting,Mumbai,Regular,32,46845.5189818423,119673,5141,3074,242,299253.1759989027,5,11743.053196539873
CMP_104,CUST_0359,2026-02-12,LinkedIn,Personal Care,Retargeting,Hyderabad,Premium,38,66198.42293464305,216642,4910,1818,61,108595.20735728343,7,27004.459545971808
CMP_095,CUST_0130,2026-04-15,Instagram,Personal Care,Product Launch,Bangalore,Premium,33,5029.872935615427,14342,503,297,18,23233.78207498333,10,27035.643145508366
CMP_039,CUST_0131,2026-04-06,Google Ads,Home Care,Product Launch,Hyderabad,Regular,30,65857.62318160718,185278,9499,5671,521,557111.4871542262,11,20759.31865069591
CMP_029,CUST_0448,2026-04-11,Google Ads,Beverages,Product Launch,Delhi,Budget,31,62788.601518624426,174561,8130,2961,245,173300.46473871698,5,9233.298269817884
CMP_020,CUST_1008,2026-03-26,Email,Packaged Foods,Retargeting,Chennai,Budget,18,83976.17215806403,614903,57504,22413,2730,2333811.6172279753,8,6256.050991138096
CMP_068,CUST_0012,2026-01-23,Meta Ads,Personal Care,Awareness,Delhi,Budget,21,32645.06143644964,117466,4430,2311,186,137609.46920546104,4,2825.1655800998715
CMP_106,CUST_1410,2026-03-14,Meta Ads,Packaged Foods,Product Launch,Delhi,Budget,55,23607.037469045747,70525,1968,727,28,19637.464863042565,6,8449.258112465091
CMP_134,CUST_1054,2026-03-27,Email,Personal Care,Product Launch,Bangalore,Budget,44,63153.72475086119,240399,19548,10707,1215,1208151.4835219132,8,7738.616835779431
CMP_058,CUST_0509,2026-01-01,YouTube,Packaged Foods,Product Launch,Hyderabad,Regular,24,78015.67047239738,235890,4971,1941,58,49079.769318459534,3,2141.996121546527
CMP_105,CUST_1280,2026-01-31,Email,Home Care,Awareness,Mumbai,Premium,38,20411.852042096223,122243,12334,6441,543,963073.7013974555,2,6448.264925094823
CMP_100,CUST_1146,2026-05-12,Email,Beverages,Seasonal,Kolkata,Regular,48,14974.175291125193,43988,4810,2150,209,256216.80603335513,9,23581.972896702988
CMP_001,CUST_0277,2026-06-21,Instagram,Snacks,Retargeting,Hyderabad,Premium,59,53408.37708619326,148170,5249,1470,81,92185.29890374765,4,4759.995410265229
CMP_035,CUST_0387,2026-05-03,LinkedIn,Packaged Foods,Seasonal,Hyderabad,Regular,22,72205.1179006175,184862,5228,1870,92,113084.3191568619,9,31175.22773033897
CMP_013,CUST_1242,2026-03-09,Email,Personal Care,Retargeting,Hyderabad,Budget,64,45879.26410359432,108904,9371,3256,337,325584.3828440843,8,16992.40090073905
CMP_110,CUST_1113,2026-08-08,LinkedIn,Home Care,Awareness,Pune,Premium,52,22258.32814986854,51973,1619,868,24,47147.08072006591,8,25196.577019709493
CMP_127,CUST_0827,2026-04-27,Email,Snacks,Product Launch,Pune,Regular,64,50961.297232661986,183890,19740,7474,719,858163.5017793905,5,5955.678336785999
CMP_075,CUST_0325,2026-09-07,Instagram,Beverages,Seasonal,Chennai,Regular,54,31404.248708839692,178296,5292,2476,97,82595.86470583148,8,16964.87894220193
CMP_117,CUST_1086,2026-03-30,Email,Beverages,Awareness,Kolkata,Regular,59,68714.93048838788,435422,36960,11213,1367,1856292.7137420343,3,3605.4800745740076
CMP_039,CUST_0757,2026-02-19,Instagram,Packaged Foods,Product Launch,Delhi,Regular,19,91894.01818902053,657468,19881,6252,248,182983.43123006352,6,5649.484801453113
CMP_054,CUST_0332,2026-08-11,Meta Ads,Home Care,Product Launch,Chennai,Premium,29,81965.11759029205,497405,13863,5260,294,311170.2564809644,1,2565.3249852137515
CMP_060,CUST_1410,2026-04-02,Email,Snacks,Retargeting,Bangalore,Premium,55,70637.32172957787,532862,51824,21557,2255,4384504.315091599,5,7476.123227175592
CMP_059,CUST_0998,2026-01-17,Instagram,Home Care,Product Launch,Bangalore,Regular,35,49808.738710944264,259570,9153,2692,114,88298.6535307933,8,8041.958134136951
CMP_047,CUST_0428,2026-01-17,Google Ads,Home Care,Retargeting,Pune,Premium,36,43483.58068144433,117225,4851,1996,173,233140.36236743498,10,18885.35263023273
CMP_070,CUST_0349,2026-09-13,YouTube,Personal Care,Seasonal,Chennai,Premium,59,98641.22687260695,788932,13576,7507,316,324954.4135497394,1,1806.1194587040432
CMP_008,CUST_0730,2026-06-23,YouTube,Home Care,Awareness,Bangalore,Regular,25,78825.94921577674,180813,2964,1670,59,44608.979276329286,6,4704.429662592067
CMP_115,CUST_0189,2026-07-16,Meta Ads,Beverages,Product Launch,Delhi,Budget,48,92534.33270916257,282695,7358,2045,119,84480.01563647283,4,2182.913821151706
CMP_112,CUST_1021,2026-06-06,YouTube,Packaged Foods,Product Launch,Kolkata,Regular,28,38923.88283603663,109299,2185,839,30,26896.666054321344,8,14101.86736285925
CMP_108,CUST_0801,2026-08-13,YouTube,Beverages,Awareness,Delhi,Regular,36,32908.92961256491,74445,1217,404,19,13472.743093699935,4,6093.863927652039
CMP_118,CUST_0835,2026-09-05,Google Ads,Personal Care,Retargeting,Pune,Premium,52,66726.81523415851,229655,11909,6473,298,523670.95567924925,10,30252.783003892888
CMP_088,CUST_0908,2026-03-03,Email,Home Care,Product Launch,Bangalore,Premium,37,44310.70612832248,214766,13658,5936,526,997208.5500747818,6,24130.436478999887
CMP_003,CUST_0799,2026-06-29,YouTube,Packaged Foods,Awareness,Bangalore,Regular,27,49649.50881995854,125496,2608,1270,32,20756.935512520045,11,11475.415181881925
CMP_123,CUST_1462,2026-02-17,Google Ads,Personal Care,Seasonal,Kolkata,Regular,48,86294.76839709908,611705,30060,10004,697,832859.5600026384,11,22106.917497751838
CMP_020,CUST_0387,2026-04-16,Google Ads,Home Care,Conversion,Pune,Budget,27,48847.58483764007,140102,5828,1617,103,78162.94328291694,8,8500.233439087724
CMP_077,CUST_0400,2026-01-09,Meta Ads,Beverages,Retargeting,Chennai,Budget,59,76274.62458317414,181867,5890,2503,111,86404.39840086961,10,13708.284291657079
CMP_050,CUST_0851,2026-01-22,Instagram,Packaged Foods,Product Launch,Pune,Budget,64,83927.94606325323,341237,8769,2299,88,65042.6098312878,7,9051.666502441596
CMP_012,CUST_1137,2026-09-24,Email,Home Care,Retargeting,Kolkata,Budget,33,38530.813703980166,154872,13391,3919,542,558243.9966503263,7,8921.633451095413
CMP_093,CUST_1435,2026-05-13,YouTube,Beverages,Retargeting,Bangalore,Premium,22,26988.98706179857,214917,4425,1704,54,55196.90216846893,2,3823.664474292769
CMP_120,CUST_0673,2026-02-12,Email,Personal Care,Retargeting,Chennai,Regular,27,44213.1167961964,261048,20900,7686,881,1025834.0852878831,10,11506.687409576283
CMP_085,CUST_1033,2026-03-30,Email,Home Care,Conversion,Delhi,Regular,21,94527.84147411848,404382,35970,10039,1061,1578220.1326693553,4,6877.322296064474
CMP_119,CUST_1321,2026-04-17,Google Ads,Snacks,Retargeting,Hyderabad,Regular,63,44740.23769236654,100471,4001,1117,112,126188.32022434202,5,8250.411712219418
CMP_035,CUST_1233,2026-03-04,YouTube,Personal Care,Product Launch,Pune,Regular,26,56246.09188175481,220278,3650,1065,35,24999.69953056841,7,11620.265486514594
CMP_125,CUST_1000,2026-06-15,Meta Ads,Snacks,Conversion,Delhi,Premium,44,74252.67581359897,184710,6391,2145,130,169149.46155898835,8,21754.169435315725
CMP_028,CUST_0598,2026-04-21,Meta Ads,Packaged Foods,Conversion,Kolkata,Budget,55,55960.33237667794,145082,3602,1090,46,28069.04354151891,4,3119.7585790288217
CMP_095,CUST_0818,2026-03-24,YouTube,Beverages,Product Launch,Pune,Regular,35,22274.369838342198,62695,1084,396,15,13191.152684162134,4,4115.60429452281
CMP_060,CUST_0075,2026-04-09,Meta Ads,Home Care,Conversion,Kolkata,Regular,57,59942.08487983722,308116,8870,4293,231,244128.98338519377,1,1221.9700536163232
CMP_103,CUST_0887,2026-07-28,YouTube,Home Care,Awareness,Hyderabad,Premium,53,84247.64008676348,358225,7301,2231,94,81078.09735733755,3,4767.2432861141115
CMP_090,CUST_0240,2026-06-25,Google Ads,Personal Care,Conversion,Pune,Regular,63,86191.57766118599,223097,12991,3983,244,320290.4724728415,5,9876.864959493885
CMP_124,CUST_0038,2026-04-04,LinkedIn,Personal Care,Conversion,Mumbai,Premium,37,95793.64965783774,295164,7196,2550,128,281003.6789643769,1,1971.27616720487
CMP_130,CUST_0625,2026-04-26,Meta Ads,Beverages,Awareness,Delhi,Regular,37,54913.652624391434,277214,7414,4064,202,171994.48496463886,5,6132.215306816855
CMP_047,CUST_0777,2026-07-07,Instagram,Beverages,Seasonal,Hyderabad,Budget,37,92354.90275643776,299362,11536,5891,224,150986.78214402852,8,5348.908253986466
CMP_086,CUST_0469,2026-06-03,Instagram,Home Care,Conversion,Chennai,Regular,25,48673.57517789382,123999,3593,1219,52,39447.28489499228,2,2885.5734323042643
CMP_110,CUST_1090,2026-07-24,Instagram,Personal Care,Retargeting,Delhi,Premium,30,31134.2636376146,110923,4400,1917,102,112974.43129752352,10,24395.04684098111
CMP_133,CUST_0405,2026-05-28,Instagram,Snacks,Seasonal,Kolkata,Premium,39,21274.557008736338,52562,1454,615,36,48238.415215696,3,4869.981376710542
CMP_062,CUST_1087,2026-03-09,Meta Ads,Beverages,Awareness,Mumbai,Budget,46,67135.92077594413,176607,6063,2102,115,71104.16510790515,11,18435.74101730471
CMP_113,CUST_0664,2026-09-20,Google Ads,Personal Care,Conversion,Delhi,Regular,43,52831.84312943348,281300,14235,6164,530,686036.8170588929,4,5516.784852731006
CMP_082,CUST_0080,2026-07-08,Google Ads,Snacks,Conversion,Bangalore,Regular,50,63609.652234974405,141792,5465,2703,146,173188.65073086624,5,13156.45846256039
CMP_048,CUST_1056,2026-05-10,Google Ads,Personal Care,Product Launch,Pune,Premium,25,89186.83053921675,380662,12494,6371,447,705040.9407501995,7,19547.126377684097
CMP_123,CUST_1434,2026-02-23,Email,Personal Care,Awareness,Kolkata,Premium,37,23310.0819038542,101366,8839,3499,432,741943.4470995758,3,12446.52958789245
CMP_120,CUST_0834,2026-05-24,LinkedIn,Personal Care,Product Launch,Chennai,Regular,60,69543.46958471139,205509,4931,1420,52,67804.96094526075,10,18267.727803112866
CMP_017,CUST_0054,2026-06-22,Instagram,Snacks,Awareness,Kolkata,Regular,22,99270.45609494824,246981,8709,3600,223,220517.04429091964,10,16982.575186724487
CMP_033,CUST_0537,2026-04-28,YouTube,Packaged Foods,Awareness,Delhi,Regular,30,52634.488391385974,293371,6781,3723,144,106887.35603694196,10,15898.881015496607
CMP_121,CUST_1225,2026-06-10,LinkedIn,Personal Care,Conversion,Delhi,Regular,35,13914.624568332816,42829,910,289,19,23664.221439165834,4,9558.985107629818
CMP_030,CUST_1470,2026-08-08,Email,Beverages,Conversion,Pune,Premium,56,78664.43876024145,241885,18946,8080,539,884424.2663707185,4,7173.264654515521
CMP_036,CUST_0270,2026-01-02,LinkedIn,Packaged Foods,Product Launch,Chennai,Regular,32,99462.14120411838,237417,6287,1907,113,164713.80974227053,11,25736.153024664196
CMP_101,CUST_0737,2026-08-17,Google Ads,Personal Care,Seasonal,Bangalore,Budget,56,90820.4263734124,214495,11196,4778,383,354538.22708080086,9,13079.283858744418
CMP_127,CUST_0218,2026-01-13,LinkedIn,Personal Care,Awareness,Delhi,Regular,51,36892.311621834044,208396,4482,1567,53,75321.93954704673,4,5969.876210804267
CMP_113,CUST_0340,2026-02-16,Email,Snacks,Awareness,Kolkata,Budget,60,38490.5947178895,134148,8518,3973,322,361149.0720968663,1,2293.075881862976
CMP_107,CUST_1050,2026-09-29,Meta Ads,Personal Care,Conversion,Kolkata,Budget,40,72533.5131220182,202083,4771,1471,99,65580.00662894684,10,9763.931000368604
CMP_024,CUST_0046,2026-01-18,Meta Ads,Home Care,Retargeting,Hyderabad,Regular,47,18935.332716655084,57456,1377,771,63,48778.69670953878,10,21169.566396860213
CMP_059,CUST_0069,2026-07-17,Google Ads,Beverages,Product Launch,Chennai,Budget,24,79615.36527708708,313198,15611,6729,597,539628.991903288,5,7311.776492629402
CMP_084,CUST_1163,2026-05-13,LinkedIn,Personal Care,Seasonal,Mumbai,Regular,45,14747.181652368376,37650,747,446,19,23297.66088380798,10,30387.071311090633
CMP_060,CUST_0438,2026-09-02,LinkedIn,Home Care,Retargeting,Hyderabad,Regular,35,44002.09334480262,149881,3377,1957,104,150545.51791691873,8,9939.05112730097
CMP_001,CUST_0245,2026-06-25,Instagram,Snacks,Awareness,Chennai,Premium,23,23270.192216379342,143892,4503,1630,81,90950.85784455217,5,8758.181743967923
CMP_126,CUST_0046,2026-06-23,YouTube,Packaged Foods,Awareness,Delhi,Budget,23,43478.76355234806,200243,4813,1961,88,58083.23036437739,11,9136.386633961996
CMP_129,CUST_0693,2026-01-28,Email,Home Care,Conversion,Kolkata,Budget,64,91125.02779479214,390277,29991,13842,1622,1399090.873814451,2,2942.171282097251
CMP_075,CUST_0376,2026-08-19,Google Ads,Beverages,Awareness,Bangalore,Regular,56,87059.58797179378,212554,7868,3787,374,409142.3104832017,1,1883.2971155654927
CMP_090,CUST_1015,2026-04-15,Email,Home Care,Seasonal,Hyderabad,Budget,54,31139.692622793256,70735,5331,2111,176,197197.38144639038,9,8276.587708629268
CMP_077,CUST_0731,2026-08-11,LinkedIn,Personal Care,Conversion,Kolkata,Budget,57,51245.10932090959,202074,5454,1457,70,64670.190969646035,7,8745.216368838275
CMP_092,CUST_1096,2026-08-04,Email,Home Care,Retargeting,Hyderabad,Budget,45,41903.44604550621,204569,20467,10969,1279,1348677.2354074512,7,9952.61890390055
CMP_082,CUST_0329,2026-08-29,Meta Ads,Home Care,Retargeting,Chennai,Regular,53,8253.661683807133,65368,2554,765,43,40124.07225762183,7,13096.632594348126
CMP_048,CUST_0795,2026-03-08,Meta Ads,Beverages,Conversion,Kolkata,Budget,33,67339.34141911496,190687,5004,2698,136,89088.09111698288,8,10255.513105949767
CMP_023,CUST_0369,2026-08-02,LinkedIn,Personal Care,Retargeting,Kolkata,Premium,40,20119.978597235175,56646,867,251,5,11266.609807443256,10,39595.461425324596
CMP_009,CUST_1410,2026-08-17,Instagram,Personal Care,Retargeting,Delhi,Budget,60,8068.119686900194,52530,1633,661,38,21245.981112371308,1,1418.0898365144094
CMP_034,CUST_1458,2026-06-06,Google Ads,Personal Care,Seasonal,Hyderabad,Budget,32,41249.025862553324,92565,4368,2088,126,123688.227957048,10,13636.898699341147
CMP_044,CUST_1233,2026-03-17,Instagram,Packaged Foods,Seasonal,Delhi,Regular,58,80579.67703876925,426122,16049,5415,280,229986.09122392998,7,5769.836685625309
CMP_079,CUST_0304,2026-01-23,Google Ads,Snacks,Awareness,Kolkata,Regular,24,21260.99329672294,52427,2067,1163,67,83357.69630568702,8,8269.79401733945
CMP_078,CUST_1499,2026-08-16,YouTube,Beverages,Product Launch,Mumbai,Budget,51,24759.263807664207,125305,2686,672,20,9904.555217709778,4,3123.4207240671353
CMP_096,CUST_1146,2026-04-05,Meta Ads,Packaged Foods,Retargeting,Mumbai,Budget,34,63247.30046098302,194093,6085,1824,107,67994.82370261576,1,1633.5246829303037
CMP_073,CUST_1127,2026-06-25,Meta Ads,Personal Care,Seasonal,Delhi,Premium,27,36853.17373994837,277633,7296,2992,146,181967.03039684842,3,4351.272440452095
CMP_142,CUST_1284,2026-07-19,Google Ads,Snacks,Seasonal,Bangalore,Premium,32,22668.764961593755,95677,4722,1394,57,75544.58868676305,7,21248.044927579227
CMP_143,CUST_0546,2026-08-15,YouTube,Packaged Foods,Product Launch,Hyderabad,Premium,46,96469.1216638404,214380,3877,1282,47,46034.68025002619,5,12303.546165064026
CMP_126,CUST_0140,2026-04-19,YouTube,Snacks,Product Launch,Pune,Premium,61,44742.89637749568,113212,2222,1329,31,29135.570783679028,3,7105.420916148513
CMP_088,CUST_1232,2026-04-25,YouTube,Personal Care,Seasonal,Delhi,Premium,41,44991.91823923293,105867,2147,966,32,36919.66406306544,9,18810.579904211972
CMP_090,CUST_0900,2026-03-16,Email,Beverages,Product Launch,Chennai,Premium,29,82815.33599205881,288001,22139,11115,1014,1753875.41917038,8,21844.961500359987
CMP_132,CUST_1137,2026-04-04,LinkedIn,Personal Care,Conversion,Chennai,Premium,18,66856.1984197658,149456,3592,1866,99,190990.05768885236,11,29295.739128557056
CMP_038,CUST_0042,2026-06-19,Instagram,Beverages,Awareness,Bangalore,Regular,43,27533.343582748024,80482,2611,1153,71,64358.52211819192,8,9309.86228548177
CMP_097,CUST_1075,2026-03-29,YouTube,Snacks,Conversion,Kolkata,Regular,26,81877.97259601427,359859,6593,3537,156,122987.5250809597,1,1134.6983676075731
CMP_090,CUST_1163,2026-03-13,LinkedIn,Snacks,Retargeting,Pune,Regular,28,39372.6092464218,316008,6595,2135,95,117479.66506187264,8,24130.101612755483
CMP_039,CUST_1216,2026-04-14,Email,Beverages,Conversion,Kolkata,Regular,22,15560.68125860932,49183,4249,2177,225,336307.5007118941,3,7468.726469273585
CMP_053,CUST_0532,2026-03-25,Meta Ads,Packaged Foods,Retargeting,Hyderabad,Budget,44,94461.18149085162,299099,6151,1760,110,70595.48964411933,6,8092.297962016672
CMP_007,CUST_1029,2026-01-21,Meta Ads,Beverages,Awareness,Delhi,Premium,42,89753.26078039076,342203,6628,3136,188,228757.78446470763,10,30127.54732868937
CMP_086,CUST_0562,2026-05-14,Instagram,Home Care,Retargeting,Pune,Regular,58,8575.523526433173,38191,1177,518,23,23410.8025180054,6,4454.407330082186
CMP_028,CUST_0329,2026-06-02,LinkedIn,Personal Care,Retargeting,Kolkata,Regular,36,72105.36292681364,167473,3918,2222,109,176428.59883934178,5,15193.734019699536
CMP_139,CUST_1435,2026-01-28,Instagram,Beverages,Conversion,Hyderabad,Regular,22,34882.863255344535,85072,2525,661,43,32875.217296031544,7,4856.360945582322
CMP_013,CUST_0888,2026-03-31,Instagram,Beverages,Retargeting,Delhi,Premium,33,99084.62998649747,381522,10986,4662,208,255208.7606179035,7,15544.36748147333
CMP_111,CUST_0323,2026-01-12,YouTube,Beverages,Retargeting,Kolkata,Budget,26,9294.15807784065,55696,937,308,13,7832.275493697865,4,3800.8709055792806
CMP_115,CUST_1403,2026-01-01,Google Ads,Personal Care,Conversion,Mumbai,Budget,18,85794.15155816378,238943,10677,4422,490,422775.179067277,11,16787.803045946785
CMP_114,CUST_1063,2026-05-29,Email,Personal Care,Retargeting,Hyderabad,Regular,24,,220831,15268,7376,1087,1369121.9679884647,2,4126.786246122035
CMP_034,CUST_0245,2026-09-29,YouTube,Home Care,Awareness,Mumbai,Budget,23,44658.26735507609,314709,6398,2345,119,63811.510317415356,5,6648.261687297996
CMP_008,CUST_0611,2026-01-27,Google Ads,Personal Care,Seasonal,Bangalore,Budget,63,46747.07213344822,161017,7855,4628,366,297951.296074391,8,11276.594753000669
CMP_074,CUST_1089,2026-05-02,Google Ads,Home Care,Awareness,Hyderabad,Premium,51,63074.938677462655,436932,25976,15231,1047,1355498.4126847715,3,4876.547923440768
CMP_038,CUST_0246,2026-06-15,Instagram,Beverages,Retargeting,Delhi,Premium,59,57602.001284196354,388938,12167,4367,209,274134.05798503256,3,4545.162744678525
CMP_022,CUST_1053,2026-08-10,Email,Personal Care,Conversion,Hyderabad,Premium,49,44909.662821702186,284856,18200,5926,647,1203604.9576021256,8,16576.993646297607
CMP_001,CUST_0504,2026-04-20,Meta Ads,Personal Care,Awareness,Mumbai,Regular,18,75547.75705545463,187096,6134,2643,172,177240.36035563512,10,13200.221589549072
CMP_039,CUST_1144,2026-09-13,Instagram,Home Care,Seasonal,Chennai,Budget,54,30267.536275354843,70180,2462,1099,52,39144.032790296966,11,6896.9964086845575
CMP_095,CUST_0654,2026-02-03,Google Ads,Personal Care,Seasonal,Kolkata,Regular,19,50049.52460644072,159706,7579,2012,161,157697.62295672763,7,9366.915982831866
CMP_041,CUST_0901,2026-02-15,YouTube,Packaged Foods,Awareness,Hyderabad,Premium,46,75214.05258896267,318456,7164,3677,108,130835.12884469914,4,6947.996066561798
CMP_006,CUST_0091,2026-07-13,Meta Ads,Packaged Foods,Seasonal,Bangalore,Regular,34,42707.766613765685,128801,4141,2338,76,69471.95060943677,5,6190.86003438976
CMP_013,CUST_0025,2026-08-13,Google Ads,Snacks,Conversion,Kolkata,Budget,48,46368.43852109756,221553,12695,4919,503,474365.5664268674,4,3931.72791825736
CMP_099,CUST_0120,2026-01-17,Meta Ads,Home Care,Product Launch,Kolkata,Budget,37,84641.79514544965,538136,18539,5353,194,113584.37009859137,7,11234.926146899148
CMP_150,CUST_0481,2026-08-09,YouTube,Home Care,Product Launch,Kolkata,Budget,19,69955.7267051212,258660,4695,1465,51,31653.319573181398,6,3645.170617115932
CMP_087,CUST_0602,2026-08-11,YouTube,Beverages,Retargeting,Hyderabad,Regular,33,64408.71058632135,257530,4324,1442,52,38882.762600205024,11,14004.97174703095
CMP_077,CUST_0153,2026-05-14,Meta Ads,Home Care,Seasonal,Hyderabad,Budget,50,33995.434887066265,90447,2799,1053,48,28128.796836329486,10,16775.546076940587
CMP_124,CUST_1109,2026-09-18,LinkedIn,Home Care,Seasonal,Mumbai,Budget,59,18382.168991974766,69550,1885,1113,54,51346.20345725907,4,5463.419134360022
CMP_118,CUST_0639,2026-08-29,LinkedIn,Personal Care,Awareness,Chennai,Regular,21,75080.89826590728,278859,7469,3919,266,424405.31342664605,1,1808.9058651826988
CMP_103,CUST_0047,2026-02-15,Instagram,Packaged Foods,Product Launch,Mumbai,Regular,23,96095.80563159288,764573,25214,8732,363,298557.9675271352,6,8613.473611545958
CMP_084,CUST_0557,2026-02-14,Meta Ads,Home Care,Awareness,Chennai,Regular,63,57136.16402710274,132709,3701,1093,91,91929.07646895164,8,9662.578035959998
CMP_106,CUST_0319,2026-01-25,LinkedIn,Home Care,Seasonal,Bangalore,Regular,18,8800.647289511282,31015,759,328,18,24857.97354102368,6,8524.36675994648
CMP_104,CUST_1460,2026-01-06,YouTube,Beverages,Product Launch,Bangalore,Regular,19,58996.98986372179,137027,2779,807,24,19835.68145176153,10,15630.896572747954
CMP_062,CUST_0591,2026-06-16,Google Ads,Personal Care,Product Launch,Chennai,Regular,62,85555.60932298891,255931,11864,6588,377,392207.7984213684,2,4813.213344146195
CMP_071,CUST_0409,2026-08-25,Instagram,Beverages,Seasonal,Kolkata,Budget,54,51553.19480846837,191516,4399,1247,58,35440.56976098214,11,14702.688172968019
CMP_120,CUST_1147,2026-09-03,Google Ads,Snacks,Retargeting,Pune,Budget,40,27732.600185552943,91307,3635,1790,99,79771.04721370841,5,6559.092580543419
CMP_015,CUST_0563,2026-08-22,Instagram,Personal Care,Awareness,Chennai,Regular,35,55475.13782660143,257500,9478,2863,147,113927.55347141663,9,7727.636939042181
CMP_058,CUST_0228,2026-05-26,Google Ads,Personal Care,Awareness,Bangalore,Budget,42,82355.22449835493,316168,13218,4051,232,186353.64910504583,5,10158.717837226477
CMP_138,CUST_0609,2026-04-10,Meta Ads,Beverages,Retargeting,Bangalore,Regular,23,82699.95065181506,259494,7786,3780,192,184625.75087523874,9,16240.295950143922
CMP_075,CUST_0779,2026-06-12,LinkedIn,Beverages,Product Launch,Hyderabad,Premium,57,21454.591759534866,82020,1900,805,26,53069.50446977639,9,23894.919521609663
CMP_130,CUST_0048,2026-09-14,Email,Home Care,Conversion,Bangalore,Premium,49,47833.98503500827,134432,8288,3511,471,948682.6520445036,11,38820.64592029392
CMP_060,CUST_1464,2026-05-12,Meta Ads,Beverages,Seasonal,Hyderabad,Budget,28,28798.094583131267,127610,3375,1691,108,68281.4303427154,4,2286.921559421521
CMP_114,CUST_0013,2026-06-15,YouTube,Home Care,Awareness,Kolkata,Regular,27,19858.724466565713,111827,2342,1098,28,20403.153132989766,8,14472.504268988201
CMP_027,CUST_0836,2026-06-12,Instagram,Snacks,Retargeting,Kolkata,Premium,21,39203.71745421599,99440,3029,775,46,46326.70854975962,2,4456.623055039127
CMP_129,CUST_0725,2026-05-18,Meta Ads,Snacks,Conversion,Bangalore,Regular,53,15275.50212835746,60095,1729,689,40,34802.249243199956,6,10294.909736903746
CMP_145,CUST_0163,2026-06-23,Meta Ads,Beverages,Product Launch,Hyderabad,Regular,20,50897.46345249389,201916,6448,3790,289,274732.34177806217,8,9954.32576479918
CMP_001,CUST_1492,2026-01-25,Google Ads,Packaged Foods,Conversion,Delhi,Premium,42,90045.8178921137,456125,18429,10644,1003,1692160.8471852727,2,4633.121650965911
CMP_006,CUST_0177,2026-05-24,Instagram,Packaged Foods,Retargeting,Delhi,Regular,43,81915.82055067878,428478,14455,5555,247,241721.98965704805,7,6356.8723880649495
CMP_083,CUST_1380,2026-04-28,Email,Personal Care,Product Launch,Kolkata,Budget,40,60309.747500560865,246246,24098,8780,1075,1099269.4584636253,6,10150.085422882514
CMP_061,CUST_0157,2026-08-14,YouTube,Packaged Foods,Retargeting,Delhi,Regular,36,20735.490107010955,65091,1381,666,30,19944.65133379813,10,17841.48823915771
CMP_005,CUST_1286,2026-06-28,Instagram,Home Care,Retargeting,Bangalore,Regular,21,66305.91864486087,218980,4610,2631,118,102544.65010147048,9,11429.033921407807
CMP_005,CUST_0671,2026-06-02,Meta Ads,Personal Care,Seasonal,Mumbai,Premium,21,58038.834089341406,425824,10007,3552,199,210785.96836518764,6,14432.539548818855
CMP_081,CUST_0691,2026-04-04,LinkedIn,Personal Care,Awareness,Bangalore,Budget,20,41741.64903956084,232792,5851,1770,63,60005.767110949004,11,27544.5181911546
CMP_054,CUST_0680,2026-06-22,YouTube,Personal Care,Awareness,Chennai,Regular,33,90223.62227151553,366663,7960,2122,77,52039.66526576804,4,4205.266880028166
CMP_023,CUST_0790,2026-02-11,Meta Ads,Snacks,Awareness,Bangalore,Regular,61,28252.322332952703,187022,5225,2849,207,196594.36713438426,2,2808.472521068385
CMP_023,CUST_0653,2026-04-25,Google Ads,Beverages,Conversion,Kolkata,Premium,31,13609.183374871574,43126,1896,889,90,144209.67642585954,2,5621.069826244177
CMP_082,CUST_0216,2026-02-20,YouTube,Home Care,Conversion,Bangalore,Regular,60,13118.14889825256,36342,905,340,7,5782.655736963111,7,4844.635090604069
CMP_138,CUST_0661,2026-04-26,Google Ads,Snacks,Product Launch,Hyderabad,Premium,63,83209.86572070656,363178,11988,3332,270,405175.2502370891,11,21890.20551502623
CMP_089,CUST_0211,2026-03-11,Instagram,Packaged Foods,Seasonal,Pune,Regular,55,15543.0421865127,55518,1722,939,46,42479.267345394815,2,3927.0834116463748
CMP_009,CUST_1071,2026-07-26,LinkedIn,Beverages,Awareness,Chennai,Regular,42,58094.82561103703,243491,6785,3127,159,196423.27441397484,1,3397.02189948066
CMP_077,CUST_0078,2026-06-12,Meta Ads,Beverages,Retargeting,Hyderabad,Budget,35,84058.6455738097,247949,5796,1805,61,47074.52927590398,10,15497.061888074018
CMP_089,CUST_0166,2026-03-16,YouTube,Home Care,Retargeting,Kolkata,Premium,32,68534.35881926084,436911,8275,2818,74,81622.52890324559,6,6792.9730814386
CMP_118,CUST_0698,2026-08-27,Email,Beverages,Awareness,Chennai,Budget,34,48337.273009925244,168356,12216,3192,377,394286.3641378289,1,1269.2867404229892
CMP_087,CUST_0592,2026-06-29,Google Ads,Snacks,Retargeting,Hyderabad,Regular,44,86170.42847864066,302026,14995,4814,314,387141.6176807368,11,13241.253136360576
CMP_037,CUST_0592,2026-06-30,Google Ads,Snacks,Product Launch,Kolkata,Regular,51,43835.4939357677,132383,5193,1757,80,96507.52989655412,11,17380.550845395945
CMP_092,CUST_0790,2026-07-06,Email,Snacks,Product Launch,Pune,Regular,19,63628.98219504963,241042,14908,8453,1389,1838655.4377961056,10,26263.264046851986
CMP_075,CUST_0744,2026-01-13,Meta Ads,Snacks,Retargeting,Pune,Premium,59,78161.98909481856,181442,5398,1775,140,168158.04027188508,1,1547.928634361779
CMP_012,CUST_0710,2026-09-12,LinkedIn,Home Care,Retargeting,Kolkata,Premium,29,40329.5672005949,256354,6195,1696,94,176125.3637542837,9,40486.18283928648
CMP_110,CUST_1204,2026-06-14,Meta Ads,Personal Care,Conversion,Chennai,Regular,45,71791.35334044238,241476,7318,2220,112,95272.38944604849,7,12196.559165647499
CMP_072,CUST_1436,2026-09-12,YouTube,Personal Care,Awareness,Pune,Budget,46,39129.23703677197,184984,4807,2195,109,60105.844847720145,1,1024.0929375503242
CMP_117,CUST_1125,2026-02-01,Email,Packaged Foods,Conversion,Mumbai,Budget,41,56514.56771023458,229067,16200,5975,613,541198.9790540821,4,5193.858230172865
CMP_056,CUST_0118,2026-08-20,Meta Ads,Beverages,Conversion,Bangalore,Premium,38,37752.571432226134,113409,2573,1334,75,99017.92880921513,2,4324.834859205371
CMP_104,CUST_1073,2026-01-03,Instagram,Beverages,Product Launch,Chennai,Budget,42,74285.01821464743,240776,8037,2674,133,101149.29784187583,8,7081.059172185313
CMP_037,CUST_0507,2026-01-20,Email,Beverages,Seasonal,Hyderabad,Premium,37,78498.34346746479,211468,16094,5768,373,714117.6095595877,5,7930.883063857296
CMP_005,CUST_0152,2026-08-09,Email,Snacks,Seasonal,Chennai,Regular,26,22764.93877542938,150094,12004,6680,1075,1371713.0769595876,7,10461.99430084523
CMP_071,CUST_0173,2026-06-18,Email,Snacks,Awareness,Kolkata,Regular,49,59942.37535175617,213778,15518,8843,916,1076754.7641176004,1,2553.048777514768
CMP_118,CUST_1031,2026-08-13,Google Ads,Packaged Foods,Retargeting,Mumbai,Budget,33,25197.007900383152,59927,2576,719,57,56310.25013268264,2,2060.226557088227
CMP_016,CUST_0227,2026-04-23,Email,Packaged Foods,Product Launch,Kolkata,Premium,46,35497.52413417809,231572,16462,6886,899,1707594.587794581,2,7432.769932875245
CMP_038,CUST_1304,2026-04-01,Meta Ads,Home Care,Seasonal,Bangalore,Regular,34,21798.774337994866,136776,4466,2506,134,121720.71433885774,9,10839.972049976097
CMP_137,CUST_0474,2026-03-27,Instagram,Personal Care,Product Launch,Kolkata,Budget,34,92522.99662600885,211147,8598,4664,237,136694.21721903878,5,5578.2646183630595
CMP_074,CUST_0796,2026-05-29,Instagram,Personal Care,Conversion,Chennai,Premium,46,62658.52390481727,142760,3455,1481,65,83802.69793560069,8,22825.24649274203
CMP_110,CUST_0385,2026-01-14,YouTube,Personal Care,Seasonal,Kolkata,Premium,48,97336.20272560972,378660,8510,3731,124,133947.37613970542,1,1322.8099436972925
CMP_002,CUST_0054,2026-04-03,Google Ads,Personal Care,Product Launch,Delhi,Regular,54,66468.64847662239,185148,7410,4117,408,508775.50527277903,7,17634.535728866435
CMP_095,CUST_0401,2026-07-25,LinkedIn,Snacks,Seasonal,Chennai,Premium,47,41852.93916048348,135752,3728,1135,69,120786.4118565222,6,24231.605568621515
CMP_092,CUST_0513,2026-09-27,Email,Packaged Foods,Seasonal,Chennai,Premium,25,19632.112463920806,91393,8289,4359,299,491882.2059903471,4,11409.547508921803
CMP_019,CUST_0855,2026-01-25,Meta Ads,Personal Care,Awareness,Delhi,Regular,54,29886.441693552337,148076,4298,1087,78,80946.06282899115,8,17649.299339768582
CMP_023,CUST_0148,2026-04-19,Google Ads,Personal Care,Seasonal,Hyderabad,Budget,40,43161.86719581693,122592,7367,3054,271,194373.58407318327,7,9193.599691691392
CMP_108,CUST_1070,2026-09-19,Meta Ads,Home Care,Conversion,Chennai,Regular,56,80402.6637854037,498146,15904,6587,500,393167.5132679367,4,4119.176641544033
CMP_069,CUST_1274,2026-08-06,Instagram,Snacks,Product Launch,Delhi,Premium,42,85794.4092247748,317092,8038,3483,215,243328.5869210546,1,2725.7381543199913
CMP_066,CUST_0046,2026-09-17,LinkedIn,Packaged Foods,Retargeting,Pune,Budget,60,6181.45482955384,22507,750,404,18,16468.753593779173,6,8282.43420844639
CMP_003,CUST_1484,2026-03-17,YouTube,Packaged Foods,Retargeting,Pune,Regular,62,82661.61185890115,275159,5372,1583,39,34651.72149453124,3,4580.989069434902
CMP_084,CUST_0498,2026-08-25,LinkedIn,Packaged Foods,Retargeting,Pune,Premium,23,11236.434842605328,28892,464,127,4,7022.855284127974,3,12937.102132364358
CMP_039,CUST_0061,2026-06-22,Meta Ads,Home Care,Awareness,Delhi,Premium,58,80333.59308521713,368301,9328,3176,247,281082.3598561452,9,25114.08475632244
CMP_148,CUST_0441,2026-08-10,Instagram,Personal Care,Conversion,Pune,Regular,20,43823.704795472026,136320,5421,1421,60,58156.06114862731,10,9149.495639534933
CMP_085,CUST_0665,2026-02-07,Google Ads,Beverages,Product Launch,Pune,Budget,40,80455.47387479391,354597,16087,5410,386,319144.3156340214,1,1441.1569724553422
CMP_083,CUST_1500,2026-05-09,Google Ads,Beverages,Conversion,Mumbai,Premium,55,97804.13104972075,334909,15038,4267,310,452744.3368106046,10,16167.107555941237
CMP_066,CUST_1176,2026-02-14,Email,Snacks,Retargeting,Delhi,Premium,37,49315.057580939465,120865,13260,7832,694,1143720.4937104245,1,2780.422113654248
CMP_043,CUST_0092,2026-08-26,Email,Snacks,Seasonal,Mumbai,Premium,18,88493.43647132664,268813,18813,11084,1297,1939497.702687703,1,3235.9723365722093
CMP_046,CUST_1172,2026-09-21,YouTube,Personal Care,Retargeting,Kolkata,Budget,46,87996.97365843119,341256,4815,2312,92,45455.46943792442,5,5771.263181973002
CMP_066,CUST_1423,2026-09-01,Meta Ads,Home Care,Seasonal,Pune,Budget,62,11024.014836140545,25333,954,476,31,23566.22165404762,6,7280.983781477536
CMP_094,CUST_1391,2026-08-17,Instagram,Packaged Foods,Conversion,Mumbai,Budget,56,48559.49213575496,328042,10473,5698,319,223870.14028313523,9,6133.443570687385
CMP_090,CUST_0101,2026-05-11,Instagram,Packaged Foods,Seasonal,Chennai,Premium,55,28979.370806370258,87764,3141,796,55,65086.86047640941,1,1729.5446631926632
CMP_142,CUST_0608,2026-02-18,Email,Packaged Foods,Product Launch,Kolkata,Budget,46,83570.86533093445,625203,57172,16908,2039,1836010.5048601858,6,5524.645000282407
CMP_127,CUST_1021,2026-06-04,LinkedIn,Home Care,Retargeting,Mumbai,Premium,46,88416.52509724499,633089,18919,4833,142,261538.40278440446,11,45556.286364485444
CMP_014,CUST_0899,2026-06-08,Email,Personal Care,Product Launch,Mumbai,Premium,62,15355.758689067434,54264,4177,1135,110,218807.90021583874,2,7018.088816366377
CMP_124,CUST_0418,2026-02-18,LinkedIn,Snacks,Retargeting,Mumbai,Regular,54,7647.628280688675,24189,602,327,19,27248.728670808043,11,23735.354741802097
CMP_051,CUST_0649,2026-03-27,Email,Packaged Foods,Conversion,Mumbai,Regular,49,89343.35261181701,550188,38948,16538,2024,2261030.079707261,8,14219.028570875953
CMP_124,CUST_0122,2026-08-17,Google Ads,Packaged Foods,Retargeting,Hyderabad,Premium,26,77491.44682823941,290480,13606,7216,395,524379.6204567401,8,13390.849759067856
CMP_027,CUST_0066,2026-05-10,Email,Beverages,Conversion,Pune,Regular,58,29065.336983877674,133262,6742,3350,502,569822.4704053375,6,15326.045618162121
CMP_093,CUST_0214,2026-02-10,Email,Home Care,Conversion,Mumbai,Premium,28,58584.26962965415,459763,44405,18422,1877,3541606.503602453,4,13999.14307380238
CMP_015,CUST_1335,2026-06-30,LinkedIn,Home Care,Seasonal,Kolkata,Premium,50,96408.88422469083,660783,17526,7389,303,686004.2780624509,7,15194.012471795135
CMP_102,CUST_0203,2026-03-05,Meta Ads,Beverages,Conversion,Mumbai,Budget,26,61641.193834173166,409639,10185,6045,341,248500.56087710304,2,1250.591477942525
CMP_072,CUST_1475,2026-09-28,LinkedIn,Personal Care,Conversion,Bangalore,Regular,63,43735.57968578659,102871,1947,1090,42,69236.66911252378,2,2946.562041253289
CMP_142,CUST_0450,2026-07-08,Instagram,Snacks,Conversion,Delhi,Regular,53,31974.005835611293,76345,2998,1741,72,53484.75263403148,2,3567.0972945224835
CMP_097,CUST_0704,2026-02-12,LinkedIn,Beverages,Conversion,Mumbai,Regular,45,73015.43809565257,577192,16795,4567,184,225963.45474500218,5,11768.348323905415
CMP_112,CUST_0631,2026-09-11,LinkedIn,Snacks,Awareness,Chennai,Premium,46,23146.157573085526,66382,1367,638,30,50032.44761146935,2,5397.440286445625
CMP_149,CUST_0700,2026-06-16,Email,Personal Care,Seasonal,Hyderabad,Regular,29,93784.48962717643,239473,16586,5570,624,765844.357188694,10,20358.912666985507
CMP_008,CUST_1253,2026-03-11,Email,Personal Care,Seasonal,Hyderabad,Regular,30,79227.00959587168,565433,44344,25380,2151,2850176.2302431525,6,14334.428069280697
CMP_118,CUST_0618,2026-01-15,Email,Home Care,Seasonal,Mumbai,Premium,45,21241.054783195752,73098,5701,3273,364,660059.8593697029,2,7203.125984813074
CMP_110,CUST_1229,2026-07-06,LinkedIn,Beverages,Conversion,Chennai,Premium,54,17580.465534501855,40188,1037,390,18,35096.16992947246,2,3508.75649515767
CMP_056,CUST_0568,2026-05-31,Meta Ads,Snacks,Conversion,Delhi,Budget,39,36105.51803503355,104390,2602,1304,79,57546.98173197707,1,1127.837825054013
CMP_133,CUST_0854,2026-05-21,Meta Ads,Beverages,Retargeting,Hyderabad,Premium,59,86723.21331876755,543674,17620,10008,539,728790.4964743592,11,29656.278318473047
CMP_057,CUST_1031,2026-04-21,Meta Ads,Snacks,Seasonal,Bangalore,Regular,62,52630.71425684942,223578,6468,2197,185,142579.06111875174,7,11732.309511822672
CMP_112,CUST_1012,2026-05-23,YouTube,Packaged Foods,Retargeting,Mumbai,Budget,22,89791.7934332513,258052,5494,2743,44,21199.213070860427,1,1108.9342687512672
CMP_145,CUST_1059,2026-06-16,Instagram,Home Care,Product Launch,Mumbai,Regular,42,61959.52091227779,417765,16356,6678,312,244259.8960966343,10,16474.60378899468
CMP_135,CUST_0234,2026-06-12,Instagram,Snacks,Awareness,Mumbai,Budget,47,24169.247028881393,53808,1669,445,28,16714.096645295045,9,10793.011236208431
CMP_022,CUST_0010,2026-05-21,Google Ads,Snacks,Awareness,Kolkata,Budget,60,16494.751344863125,131291,5486,2379,204,146066.906454881,3,2797.6905625544055
CMP_099,CUST_0304,2026-03-14,Google Ads,Packaged Foods,Seasonal,Kolkata,Budget,64,82225.45908078439,190337,6927,1979,135,127117.66954956373,1,936.3883704927988
CMP_095,CUST_0430,2026-09-03,LinkedIn,Beverages,Conversion,Chennai,Budget,62,52017.324250340855,219188,6371,2841,171,201907.28314178347,10,11418.329126914685
CMP_087,CUST_1031,2026-07-02,YouTube,Beverages,Retargeting,Mumbai,Budget,46,20745.331678374394,68153,1192,556,19,12762.73273755357,6,6316.601521789519
CMP_067,CUST_0745,2026-09-28,YouTube,Snacks,Retargeting,Pune,Regular,43,14710.316458635283,51994,1510,738,24,15315.65213812832,4,6600.037140017078
CMP_099,CUST_1485,2026-07-08,YouTube,Packaged Foods,Seasonal,Mumbai,Regular,29,93729.94205889547,751072,13007,6841,233,164553.79784101437,1,1853.4289664360515
CMP_057,CUST_0918,2026-02-17,YouTube,Personal Care,Awareness,Mumbai,Budget,39,82434.01090670988,669985,10248,4282,127,65311.982393402344,9,6473.709064588076
CMP_129,CUST_0453,2026-01-10,YouTube,Beverages,Retargeting,Hyderabad,Regular,39,24766.811328174936,57663,1212,438,11,9895.00780160073,11,9440.904952780558
CMP_104,CUST_0038,2026-09-05,Google Ads,Packaged Foods,Product Launch,Mumbai,Regular,26,62079.32469150571,323591,12228,5153,437,511876.739229232,7,8368.374342995172
CMP_030,CUST_0470,2026-03-19,LinkedIn,Snacks,Seasonal,Delhi,Regular,50,72078.7406071194,479577,14474,7080,336,464647.6916360256,5,11656.20814044229
CMP_033,CUST_0674,2026-01-05,Google Ads,Packaged Foods,Seasonal,Kolkata,Regular,58,49182.27729992487,114691,4613,1858,140,153289.82857028043,2,4150.1153016502585
CMP_067,CUST_1030,2026-08-29,Meta Ads,Personal Care,Awareness,Chennai,Regular,37,63251.821701650464,254299,7350,2034,95,84875.00853345756,5,7568.246928761281
CMP_021,CUST_1125,2026-07-06,YouTube,Beverages,Retargeting,Mumbai,Regular,51,98302.6521044287,487480,8436,3536,83,59502.46800714133,11,14868.823100332958
CMP_079,CUST_0869,2026-02-08,Meta Ads,Snacks,Awareness,Kolkata,Budget,40,15988.744159629023,42276,1278,640,38,26295.34062913561,9,12860.488113098392
CMP_038,CUST_0424,2026-03-18,LinkedIn,Packaged Foods,Seasonal,Pune,Budget,31,10912.734176785669,27596,686,262,8,9480.210585712115,8,11090.524599937715
CMP_138,CUST_0737,2026-07-11,Google Ads,Personal Care,Retargeting,Pune,Budget,55,85295.119705952,194539,11211,4553,410,374845.6702820872,11,7699.018048623077
CMP_137,CUST_0558,2026-07-23,YouTube,Home Care,Conversion,Delhi,Regular,59,83273.75766572592,347912,6862,2237,72,46055.51582533758,11,20389.37498987372
CMP_137,CUST_1430,2026-09-07,LinkedIn,Beverages,Retargeting,Hyderabad,Regular,19,30607.65549068059,79478,1448,520,15,18213.031759929436,5,5817.33095096038
CMP_068,CUST_0586,2026-01-19,YouTube,Home Care,Retargeting,Bangalore,Regular,20,37334.89014557678,85235,1512,802,24,17641.059841646547,2,2533.7961094124726
CMP_053,CUST_0428,2026-06-15,Email,Beverages,Product Launch,Delhi,Budget,64,66838.79953074144,526426,30376,10303,816,869948.558786959,11,25632.886300175716
CMP_013,CUST_1435,2026-09-01,Meta Ads,Personal Care,Product Launch,Bangalore,Regular,55,75631.260514848,387934,12396,3635,237,251248.78110766577,1,1283.8488604697832
CMP_134,CUST_0412,2026-05-16,YouTube,Beverages,Seasonal,Kolkata,Premium,37,58331.42409636529,230695,5610,2651,75,84535.39095505209,2,2624.788532596285
CMP_031,CUST_0461,2026-04-28,Google Ads,Beverages,Seasonal,Hyderabad,Regular,24,9992.424351874517,32733,1286,676,42,49580.61223113631,2,3829.182448769883
CMP_058,CUST_1128,2026-08-09,Meta Ads,Packaged Foods,Awareness,Bangalore,Regular,45,63897.4977237857,350396,9632,2426,164,161531.01255349573,9,17735.32804631089
CMP_014,CUST_1431,2026-05-10,YouTube,Snacks,Awareness,Hyderabad,Regular,43,95888.23277911298,585142,12618,6649,246,175443.9331574179,1,1208.6914533747392
CMP_001,CUST_1191,2026-02-06,Email,Packaged Foods,Retargeting,Pune,Premium,20,69649.44561947352,487714,48111,14872,1648,2689892.110152031,11,30549.110579626315
CMP_137,CUST_1228,2026-01-08,YouTube,Home Care,Conversion,Pune,Budget,53,78660.7076512448,507498,9814,5122,137,77729.27810796522,10,11435.787784831682
CMP_120,CUST_0744,2026-08-13,LinkedIn,Home Care,Seasonal,Kolkata,Premium,60,36652.46598311677,172789,3832,1083,53,90268.67011520136,10,31189.329983489828
CMP_147,CUST_0581,2026-05-10,Instagram,Home Care,Product Launch,Bangalore,Budget,60,26923.296724084645,72879,2289,974,58,37417.520787269736,6,5503.778158181807
CMP_008,CUST_0837,2026-04-08,Instagram,Packaged Foods,Seasonal,Kolkata,Premium,25,75744.87721760843,234311,6577,3858,172,202818.50021694336,9,14945.806959311964
CMP_085,CUST_1243,2026-08-01,YouTube,Snacks,Product Launch,Hyderabad,Premium,54,64184.03310009001,167731,3317,1153,33,35707.77582486283,8,18990.28728185472
CMP_091,CUST_0286,2026-02-13,Email,Personal Care,Product Launch,Mumbai,Budget,47,59373.00431321328,183694,18415,5924,579,609175.4637907855,11,11432.775687529802
CMP_090,CUST_0449,2026-05-01,Meta Ads,Personal Care,Product Launch,Hyderabad,Regular,64,37388.6669221531,122181,4079,1875,85,80576.99101295513,4,3091.064028963639
CMP_080,CUST_0072,2026-03-04,LinkedIn,Snacks,Awareness,Delhi,Budget,29,36941.35417577684,274705,7291,2875,74,81052.45309310325,8,16897.268968434586
CMP_121,CUST_0645,2026-01-29,Instagram,Personal Care,Conversion,Bangalore,Budget,41,16532.073468727984,63897,2225,1120,53,30734.318985868096,4,4000.798987128136
CMP_011,CUST_0581,2026-05-18,YouTube,Home Care,Awareness,Bangalore,Regular,47,59854.20086277959,134692,3150,1365,42,33908.928466001555,6,5685.586141907729
CMP_104,CUST_1145,2026-06-04,Instagram,Home Care,Retargeting,Bangalore,Regular,24,38296.93714493997,184360,7539,4205,210,192036.4016325575,5,6336.686932986907
CMP_025,CUST_0161,2026-07-14,Meta Ads,Beverages,Conversion,Delhi,Budget,51,94870.5913049486,593725,13903,3576,197,121516.31263476581,2,3257.1576628998646
CMP_088,CUST_0417,2026-08-28,Google Ads,Snacks,Seasonal,Kolkata,Regular,54,25531.03161767917,60531,3273,1951,139,167418.58492448225,1,1741.8236677650998
CMP_084,CUST_0066,2026-09-27,Instagram,Packaged Foods,Seasonal,Hyderabad,Premium,49,25935.71867198448,68739,2907,1591,56,65423.85186710927,6,5644.286635072201
CMP_051,CUST_0462,2026-02-05,Meta Ads,Packaged Foods,Product Launch,Chennai,Regular,22,36502.00292556593,296300,9337,3057,177,177766.63392709405,10,7363.254048672716
CMP_069,CUST_0454,2026-01-25,Meta Ads,Snacks,Retargeting,Hyderabad,Budget,25,51612.21573302749,132427,4494,1535,46,35654.60203457596,5,3987.2683678230023
CMP_019,CUST_0971,2026-06-30,Instagram,Beverages,Seasonal,Kolkata,Premium,41,83997.28365419238,244706,7711,3520,229,262248.80120597663,1,1957.0407923709356
CMP_132,CUST_0257,2026-04-02,YouTube,Snacks,Retargeting,Bangalore,Regular,19,72453.27808016405,219803,3265,1775,77,62329.34684099901,3,3466.1749410797293
CMP_083,CUST_0265,2026-01-03,LinkedIn,Home Care,Conversion,Kolkata,Premium,52,56270.4252755058,127775,3090,1280,63,115532.41102647354,7,19122.351122196564
CMP_056,CUST_0743,2026-09-17,YouTube,Beverages,Product Launch,Hyderabad,Premium,20,7738.598741386848,34556,751,190,2,1824.9451629728972,3,4853.234536534692
CMP_064,CUST_0377,2026-06-20,Google Ads,Personal Care,Awareness,Pune,Regular,59,99391.10674521179,587471,19051,7348,647,846749.7131977471,5,11781.376209288012
CMP_030,CUST_1088,2026-04-21,Email,Home Care,Conversion,Delhi,Premium,20,88006.67343986644,332650,33119,19151,1535,2648119.084487196,11,35211.460222560294
CMP_065,CUST_0206,2026-07-28,Meta Ads,Snacks,Retargeting,Mumbai,Budget,38,79788.99418874308,219969,6865,2405,145,89388.92795592411,4,2889.7009763503393
CMP_145,CUST_0524,2026-03-09,Meta Ads,Snacks,Awareness,Kolkata,Premium,34,21812.933102444047,53253,1318,434,20,26764.469298468543,5,11896.857710395396
CMP_077,CUST_0687,2026-02-19,Instagram,Beverages,Seasonal,Kolkata,Premium,64,96787.48353562717,388977,12201,5095,208,268435.7417937345,1,2229.1007618588847
CMP_051,CUST_1235,2026-08-03,YouTube,Home Care,Conversion,Chennai,Premium,45,66980.14301995025,173887,2388,742,26,27190.737082981064,10,10367.592411245201
CMP_053,CUST_0241,2026-01-27,LinkedIn,Snacks,Awareness,Delhi,Premium,23,66859.11393296684,254488,6629,2914,136,264259.9954402907,4,17525.290195363512
CMP_095,CUST_1438,2026-06-05,LinkedIn,Snacks,Awareness,Pune,Regular,53,87106.43274763171,264042,6879,3607,171,213306.54674127468,7,16030.433412102255
CMP_033,CUST_0053,2026-08-04,Email,Packaged Foods,Awareness,Kolkata,Budget,25,77195.68892825398,435274,46815,27636,1685,1637095.8920362727,1,2331.1319326073894
CMP_041,CUST_0620,2026-02-13,Meta Ads,Personal Care,Seasonal,Delhi,Budget,23,20333.397108939098,93487,3345,1778,85,50933.51157936232,10,16499.889824588976
CMP_035,CUST_1186,2026-08-26,LinkedIn,Snacks,Product Launch,Hyderabad,Premium,55,7763.915087251267,20732,364,97,4,8130.10375354081,3,12794.146563118164
CMP_019,CUST_1248,2026-01-27,LinkedIn,Home Care,Conversion,Kolkata,Premium,44,63992.51877077005,267003,7807,3962,176,316473.250573967,9,27779.886874013755
CMP_130,CUST_0174,2026-03-28,YouTube,Packaged Foods,Seasonal,Delhi,Regular,24,39516.51556769956,89646,2278,949,34,24499.742395941565,3,1821.1045937730255
CMP_099,CUST_1142,2026-06-11,Email,Beverages,Awareness,Mumbai,Budget,60,96196.23341194534,417442,32663,8274,1140,1214637.0952084584,1,1664.8002170175353
CMP_081,CUST_0167,2026-04-30,LinkedIn,Snacks,Retargeting,Chennai,Premium,43,81210.78681804368,475064,11424,4699,207,342719.7694121109,3,9437.318240214701
CMP_024,CUST_0241,2026-08-21,Meta Ads,Snacks,Awareness,Bangalore,Budget,20,53089.64482405962,312030,9635,3477,240,145835.88802805188,3,3548.0390888079437
CMP_008,CUST_0956,2026-09-25,Instagram,Personal Care,Seasonal,Bangalore,Budget,32,75169.23089580594,363756,11792,5563,360,198334.27517778886,3,4224.087320296251
CMP_114,CUST_0963,2026-02-24,Meta Ads,Snacks,Awareness,Pune,Budget,30,77938.00094595081,527951,15597,8038,477,277488.7092959497,8,8003.928176531843
CMP_005,CUST_1060,2026-01-19,Google Ads,Packaged Foods,Product Launch,Pune,Premium,43,91286.34633591691,539242,23651,9733,393,565160.6137857469,9,16714.32545717651
CMP_013,CUST_0796,2026-04-19,Email,Personal Care,Conversion,Hyderabad,Budget,63,29800.00646700889,196986,15843,7356,499,535435.4971682522,1,1196.1803272529971
CMP_096,CUST_0602,2026-03-12,Instagram,Snacks,Retargeting,Chennai,Premium,62,5929.378900414351,32596,1298,682,31,30570.136787809744,1,2723.5241382889153
CMP_028,CUST_0157,2026-04-17,LinkedIn,Packaged Foods,Seasonal,Delhi,Regular,28,98325.03279213181,225208,6137,2416,115,157485.15866234773,4,5623.915930710719
CMP_028,CUST_0403,2026-07-30,YouTube,Personal Care,Product Launch,Hyderabad,Premium,58,97767.6668536389,422425,10120,4944,166,200275.77675671602,4,4477.825905273688
CMP_003,CUST_0771,2026-01-30,YouTube,Personal Care,Awareness,Mumbai,Premium,35,49359.941884915694,215478,4647,2161,85,94306.39326644168,3,6676.511543069737
CMP_041,CUST_0864,2026-04-04,Email,Home Care,Awareness,Delhi,Premium,42,15127.099264520373,36539,3513,1919,143,281833.3119049159,11,37140.57530845129
CMP_148,CUST_0342,2026-09-24,Google Ads,Personal Care,Product Launch,Chennai,Regular,50,22226.32081374992,104008,5583,3215,243,291858.7902007814,1,2002.1548468188953
CMP_029,CUST_1400,2026-04-15,YouTube,Home Care,Conversion,Mumbai,Budget,62,96529.29312897973,580666,13086,7033,314,188741.2023713602,8,3916.3343291719207
CMP_134,CUST_1314,2026-02-12,LinkedIn,Packaged Foods,Retargeting,Kolkata,Regular,49,82797.24993241875,222861,4901,1399,79,132027.53249896865,9,14044.888903824774
CMP_082,CUST_0752,2026-03-08,Email,Home Care,Retargeting,Chennai,Budget,32,65942.22276198977,494351,40216,12706,856,938156.7841706222,10,13333.307029582962
CMP_131,CUST_1147,2026-01-23,LinkedIn,Beverages,Conversion,Bangalore,Budget,25,81440.93655949122,188736,4984,2758,133,159997.923173599,6,11303.824919618075
CMP_072,CUST_0512,2026-01-08,Instagram,Personal Care,Retargeting,Delhi,Budget,48,5050.145150154074,12410,386,96,5,3169.6519754858755,3,4339.446765461619
CMP_086,CUST_0431,2026-02-25,YouTube,Snacks,Seasonal,Hyderabad,Budget,53,78981.11381741498,254921,4334,1265,33,19619.158863504173,11,10732.539250456886
CMP_135,CUST_0555,2026-04-05,Meta Ads,Packaged Foods,Conversion,Pune,Regular,33,75840.57784590955,257595,8620,4518,204,191090.57730278838,9,17207.520097858694
CMP_081,CUST_0948,2026-05-29,Meta Ads,Beverages,Awareness,Kolkata,Budget,48,31247.296754762014,103857,2987,955,48,30620.973705235465,8,7434.372628005531
CMP_020,CUST_0327,2026-05-22,Google Ads,Beverages,Awareness,Pune,Premium,20,12561.51869853984,29733,1358,386,22,31191.603850526597,11,25826.381325950875
CMP_118,CUST_1179,2026-04-22,LinkedIn,Beverages,Retargeting,Hyderabad,Premium,18,13193.38485433324,38610,1059,573,33,64021.27318931433,3,12795.771365628627
CMP_081,CUST_0870,2026-07-12,YouTube,Beverages,Seasonal,Bangalore,Premium,45,36341.16921330848,133530,2391,643,25,26032.15392625628,10,8415.116652991726
CMP_075,CUST_1479,2026-07-15,Google Ads,Beverages,Product Launch,Mumbai,Budget,48,25125.538806944343,61503,2833,1206,81,72876.29582543999,2,2264.0957970733793
CMP_090,CUST_0092,2026-06-30,LinkedIn,Packaged Foods,Awareness,Mumbai,Premium,42,80563.5822535263,494867,13351,3343,205,374044.3169081048,2,4893.456742284143
CMP_039,CUST_1272,2026-04-24,LinkedIn,Beverages,Awareness,Pune,Regular,51,65848.44302019241,287610,8294,2613,114,156003.88915133386,11,20677.254049185685
CMP_025,CUST_1106,2026-04-17,Google Ads,Beverages,Seasonal,Delhi,Regular,30,32737.848145207816,95724,3321,1480,72,82524.70464098555,7,16853.756688113004
CMP_095,CUST_0678,2026-03-31,Instagram,Snacks,Product Launch,Pune,Regular,38,54076.79776121149,138104,4619,1670,71,59629.17469977153,1,1840.962307184228
CMP_082,CUST_1470,2026-01-25,Email,Personal Care,Retargeting,Kolkata,Regular,48,38924.61244442476,161427,13102,5187,541,638022.5893574536,4,7333.729641621522
CMP_050,CUST_0179,2026-04-08,Google Ads,Packaged Foods,Seasonal,Pune,Premium,21,50852.243222278084,289272,14970,4110,272,402055.58212273475,8,10620.202081664824
CMP_023,CUST_1159,2026-07-24,Google Ads,Personal Care,Conversion,Bangalore,Budget,20,12716.749129056194,50498,3290,1689,124,96990.41174928668,3,4241.604426216621
CMP_060,CUST_0290,2026-07-02,LinkedIn,Personal Care,Product Launch,Kolkata,Premium,50,16828.01236705388,90089,2174,558,17,30474.887861758227,1,1753.822058664971
CMP_002,CUST_1118,2026-01-17,Meta Ads,Beverages,Conversion,Kolkata,Budget,41,9613.603923024984,24224,695,259,19,11962.576493103525,7,10354.775664718922
CMP_075,CUST_0693,2026-09-29,Email,Home Care,Conversion,Bangalore,Regular,60,95685.51171294898,294048,23064,13152,1540,1969399.994238004,1,1366.8887891919055
CMP_053,CUST_0054,2026-06-02,Email,Snacks,Retargeting,Delhi,Premium,42,52322.48823633746,140439,11787,5124,436,803920.0399916174,9,32674.88501349804
CMP_145,CUST_0969,2026-01-14,LinkedIn,Home Care,Product Launch,Hyderabad,Premium,64,99616.67851983763,223000,4922,2521,74,161209.36805920882,1,3093.8918311867797
CMP_005,CUST_0982,2026-01-17,YouTube,Personal Care,Product Launch,Pune,Regular,43,95625.55049604617,551706,9830,4431,189,142534.86031121115,1,747.0431135105279
CMP_098,CUST_0828,2026-03-31,YouTube,Snacks,Awareness,Delhi,Budget,18,80651.22914339577,192431,2953,972,38,22361.809040101678,8,8048.89600089926
CMP_027,CUST_0123,2026-02-09,Google Ads,Personal Care,Seasonal,Chennai,Budget,31,38145.87429795489,174635,9147,4009,395,385360.9796185322,7,12891.4043938158
CMP_092,CUST_0965,2026-04-13,Meta Ads,Home Care,Awareness,Delhi,Premium,25,71819.23000611023,252121,6027,2054,81,89673.49987274651,11,25975.49588541684
CMP_139,CUST_0558,2026-01-30,YouTube,Beverages,Awareness,Delhi,Budget,47,51317.12047992317,157439,3776,1600,53,34926.2325726663,1,686.5312733962683
CMP_117,CUST_1021,2026-08-31,Google Ads,Home Care,Product Launch,Chennai,Premium,32,23212.928947493467,86910,4331,1542,103,170472.48123748068,3,8871.046674023684
CMP_061,CUST_1171,2026-04-29,Email,Snacks,Awareness,Hyderabad,Premium,31,32120.708195346713,174877,12125,6283,689,1064962.932016909,6,13772.632960757672
CMP_081,CUST_0692,2026-05-13,Instagram,Snacks,Product Launch,Bangalore,Budget,50,14529.501954735942,64623,2351,778,53,30706.664189629915,7,10221.76009976999
CMP_035,CUST_1270,2026-08-28,LinkedIn,Packaged Foods,Awareness,Delhi,Budget,47,18250.07823946583,52928,1395,578,27,30548.19851500689,1,1014.2765504729897
CMP_130,CUST_1191,2026-07-21,Google Ads,Snacks,Retargeting,Mumbai,Premium,54,52626.67229835671,239065,10912,3896,210,296186.6439139082,9,22949.60498528639
CMP_094,CUST_0338,2026-02-22,Email,Beverages,Conversion,Mumbai,Premium,48,62065.60688680257,191001,15365,5762,778,1370127.4687224596,1,1903.9807719522314
CMP_070,CUST_0679,2026-04-20,Email,Personal Care,Retargeting,Hyderabad,Regular,41,51505.50570224791,138622,14400,7108,975,1377366.972280535,9,11944.907507217024
CMP_018,CUST_0408,2026-07-10,Email,Snacks,Retargeting,Chennai,Premium,31,78613.88685752779,309489,27255,15039,1543,3077974.4288971988,1,3662.962353067696
CMP_043,CUST_1157,2026-02-25,Instagram,Packaged Foods,Awareness,Bangalore,Budget,62,13147.577888827505,34389,1366,390,18,12722.861223296924,10,11377.857026040789
CMP_012,CUST_0615,2026-07-06,Google Ads,Snacks,Seasonal,Kolkata,Premium,59,41586.36532371665,219786,10728,6325,571,831331.5939825922,11,24251.01907832042
CMP_109,CUST_0830,2026-04-06,Google Ads,Snacks,Seasonal,Delhi,Budget,24,69994.24019518823,383998,17854,10599,1186,922156.1793830254,4,3756.1922906106483
CMP_064,CUST_0812,2026-06-02,YouTube,Beverages,Retargeting,Kolkata,Budget,27,93645.22398378981,287459,5387,1398,76,47237.47708580815,2,1131.994625549222
CMP_051,CUST_0876,2026-02-18,LinkedIn,Snacks,Conversion,Chennai,Premium,18,48828.59601218815,191050,3928,1405,58,117858.30443884782,9,38217.1487087733
CMP_130,CUST_0765,2026-04-20,Meta Ads,Snacks,Awareness,Kolkata,Budget,51,45667.64868548405,207390,6868,3270,220,153038.6400781283,7,9823.355290249003
CMP_092,CUST_0050,2026-07-08,Instagram,Beverages,Product Launch,Hyderabad,Premium,19,53292.42616822277,139142,4325,1572,105,140143.88649747742,1,1675.4293674116404
CMP_013,CUST_0583,2026-01-01,LinkedIn,Beverages,Conversion,Mumbai,Premium,21,32177.025766323262,104185,2301,1288,42,91461.08652222379,11,33542.13200353763
CMP_064,CUST_0698,2026-01-13,YouTube,Packaged Foods,Product Launch,Kolkata,Premium,52,85142.5291157249,205912,3564,1969,112,136061.04512219288,5,4366.911390879748
CMP_021,CUST_0258,2026-07-30,Instagram,Packaged Foods,Retargeting,Pune,Premium,37,26840.951782900018,98338,2687,1383,64,63573.18406013853,7,14537.864666005624
CMP_101,CUST_0992,2026-07-22,LinkedIn,Personal Care,Seasonal,Chennai,Regular,36,9018.295306472002,47352,1389,783,41,51489.504981801234,2,3863.7336438161183
CMP_004,CUST_0412,2026-03-19,Google Ads,Personal Care,Product Launch,Bangalore,Budget,63,61309.23454151812,185402,7114,2482,200,144624.35473117142,7,10507.11820917463
CMP_075,CUST_0214,2026-02-05,Email,Home Care,Retargeting,Pune,Budget,24,65827.92211035317,150112,13130,7448,646,656137.076102999,11,22412.070893152482
CMP_139,CUST_0223,2026-04-18,Google Ads,Home Care,Seasonal,Pune,Budget,23,73296.6222988949,246286,12530,7103,674,539117.8484563229,7,13524.121321643237
CMP_082,CUST_0262,2026-07-03,LinkedIn,Packaged Foods,Conversion,Pune,Budget,21,25380.904455962926,152332,4088,2197,103,117577.12454998573,11,20679.034151930307
CMP_033,CUST_0022,2026-02-11,Google Ads,Beverages,Conversion,Pune,Premium,54,13048.349206123561,98065,3848,2197,182,272496.45903555094,1,3491.7034417331056
CMP_009,CUST_0978,2026-09-29,Meta Ads,Beverages,Product Launch,Hyderabad,Premium,62,71271.29374044423,189224,5363,2348,124,153712.07583715988,9,22107.8822593811
CMP_053,CUST_0671,2026-01-09,YouTube,Beverages,Seasonal,Pune,Regular,42,34997.46199767511,117790,2226,609,19,16389.260011742208,4,6766.014472142235
CMP_024,CUST_0283,2026-04-17,Email,Packaged Foods,Seasonal,Bangalore,Regular,33,88819.12809767858,251678,19029,5539,486,615144.0288218586,8,22469.219066671263
CMP_117,CUST_0401,2026-07-16,LinkedIn,Snacks,Seasonal,Hyderabad,Regular,25,89168.55824741775,239073,5566,2919,104,173889.780370753,4,6313.740208553787
CMP_136,CUST_0158,2026-08-15,YouTube,Personal Care,Conversion,Mumbai,Premium,40,50908.20526191553,169119,3606,1826,84,101309.64738678584,6,11402.31893666477
CMP_109,CUST_0501,2026-06-14,YouTube,Snacks,Awareness,Kolkata,Premium,54,91503.7305966495,227271,5229,3131,167,148864.89143795197,9,11141.6154555635
CMP_089,CUST_0547,2026-09-30,Email,Beverages,Seasonal,Delhi,Regular,19,27810.137692144373,105031,7184,1981,214,313653.52465285454,1,1404.1499133952702
CMP_037,CUST_0138,2026-09-22,Email,Home Care,Conversion,Chennai,Budget,42,32933.066982947945,210921,13776,7513,980,963151.8585297815,7,8533.341839851946
CMP_073,CUST_0624,2026-06-14,Google Ads,Home Care,Product Launch,Bangalore,Budget,25,34938.80532123756,122651,5449,1878,140,105945.07820209405,6,9403.981629679314
CMP_023,CUST_1429,2026-05-20,Meta Ads,Home Care,Awareness,Kolkata,Budget,42,10909.052406295603,30019,723,326,20,12285.383813384682,2,1698.0924298890739
CMP_046,CUST_0462,2026-09-12,Meta Ads,Home Care,Conversion,Kolkata,Premium,64,59189.385434015385,322016,8883,5182,263,330882.7626999842,5,6857.623270514938
CMP_083,CUST_0720,2026-06-02,Email,Beverages,Seasonal,Bangalore,Budget,31,,388726,34060,18338,2207,1957692.010315867,4,3561.236055694129
CMP_145,CUST_0900,2026-02-25,Google Ads,Home Care,Conversion,Mumbai,Premium,23,5053.113920777841,19316,755,413,36,61437.29922406363,7,21041.119621402122
CMP_010,CUST_1005,2026-02-18,Meta Ads,Packaged Foods,Conversion,Pune,Budget,58,32743.981077331366,73172,1899,900,59,38436.4027990404,11,6522.354926514128
CMP_034,CUST_1035,2026-09-18,Instagram,Personal Care,Seasonal,Bangalore,Budget,32,12110.598704293781,42055,1619,586,16,8962.092203417265,9,6906.502050180745
CMP_115,CUST_1454,2026-08-07,LinkedIn,Packaged Foods,Conversion,Pune,Regular,27,22254.199914671834,71320,1748,689,27,43173.20945645578,11,18763.62794184043
CMP_011,CUST_0946,2026-05-08,LinkedIn,Personal Care,Product Launch,Bangalore,Premium,26,75493.69444256279,243435,5329,3150,130,241435.1879616304,9,22768.915537292694
CMP_072,CUST_0153,2026-07-15,Meta Ads,Personal Care,Conversion,Delhi,Regular,23,49392.97686063084,126452,4984,1731,149,150999.26423805798,3,4012.338636949324
CMP_077,CUST_0745,2026-08-16,Meta Ads,Personal Care,Awareness,Hyderabad,Regular,46,21869.134660400203,162991,4883,1920,90,80133.19214680523,9,8922.433204738476
CMP_035,CUST_1376,2026-05-12,Meta Ads,Snacks,Seasonal,Pune,Budget,63,70191.79592753202,314874,10397,3191,163,131250.54030993904,1,856.3235323963556
CMP_078,CUST_1330,2026-02-11,Email,Home Care,Seasonal,Delhi,Budget,26,49360.33150498865,169173,14547,3638,265,273026.90136978973,8,15548.419480273007
CMP_030,CUST_1216,2026-07-17,Instagram,Personal Care,Seasonal,Bangalore,Premium,63,97852.83041582967,268017,8064,3440,215,271064.2243586011,9,15237.718669720736
CMP_021,CUST_1183,2026-08-27,Google Ads,Snacks,Seasonal,Chennai,Regular,22,96815.12684800428,438999,18341,10394,745,953529.0298858179,6,15560.56295408319
CMP_068,CUST_1052,2026-02-26,Instagram,Home Care,Seasonal,Bangalore,Premium,19,87860.47812757976,315301,9993,5421,228,302004.4548785848,4,10958.943036565386
CMP_141,CUST_0521,2026-02-28,Instagram,Beverages,Product Launch,Chennai,Regular,58,11972.967522835985,52322,2141,1266,43,38578.00865723938,2,1753.0765055609984
CMP_097,CUST_1314,2026-08-28,Google Ads,Packaged Foods,Seasonal,Bangalore,Budget,61,98028.60650877221,590710,26163,13947,645,538897.7221010277,5,3413.638972898369
CMP_004,CUST_0675,2026-03-13,Meta Ads,Beverages,Conversion,Mumbai,Budget,26,6418.723805208486,39618,1145,464,28,17400.62730311625,5,7531.163789315003
CMP_079,CUST_1345,2026-06-17,Meta Ads,Packaged Foods,Awareness,Delhi,Premium,45,11486.413279023556,37779,1014,362,19,20922.890427937396,10,13447.604999844049
CMP_050,CUST_0763,2026-07-17,Instagram,Personal Care,Retargeting,Chennai,Regular,20,30717.93415102982,69046,2338,1138,47,,6,11963.951078879722
CMP_105,CUST_0099,2026-03-21,Email,Home Care,Retargeting,Hyderabad,Budget,52,85255.48812033933,200082,12345,3315,489,434085.83664104313,5,11273.29592267031
CMP_039,CUST_0491,2026-04-03,Google Ads,Personal Care,Awareness,Pune,Premium,52,31944.85252618875,141996,6028,2028,139,200966.59955621374,5,6651.779076694245
CMP_018,CUST_1046,2026-04-16,Instagram,Snacks,Seasonal,Mumbai,Regular,47,12859.018226686243,71612,2500,929,27,23309.11668320859,2,3215.2705382020863
CMP_144,CUST_0350,2026-01-03,LinkedIn,Snacks,Awareness,Delhi,Premium,23,41800.90779902704,180471,4219,2485,69,119648.8397778056,5,22207.98326569087
CMP_147,CUST_1181,2026-02-01,Meta Ads,Personal Care,Retargeting,Pune,Premium,62,39073.219863456914,160386,3363,1370,92,132614.48522414698,10,27027.272505408015
CMP_005,CUST_1131,2026-04-29,Meta Ads,Personal Care,Awareness,Hyderabad,Budget,55,10305.226836052881,31327,938,539,34,25823.774063018012,8,13405.420756274343
CMP_104,CUST_0464,2026-02-21,Email,Home Care,Product Launch,Bangalore,Regular,57,75866.71076978836,227813,19195,6568,754,1108058.1143677847,3,5986.3414602655885
CMP_103,CUST_0408,2026-01-04,LinkedIn,Home Care,Retargeting,Kolkata,Regular,32,9523.166016575142,27922,826,330,7,9632.08300433737,11,17930.131855819505
CMP_056,CUST_0842,2026-09-17,Google Ads,Home Care,Retargeting,Pune,Budget,37,65094.6479854976,199599,8407,2296,153,139391.81790613112,6,5662.8915799899405
CMP_102,CUST_0795,2026-03-16,YouTube,Packaged Foods,Conversion,Bangalore,Regular,48,9653.464661920107,34543,555,311,10,7575.385007057319,3,2866.8643941058012
CMP_077,CUST_1427,2026-09-10,Google Ads,Snacks,Seasonal,Mumbai,Regular,58,77310.64926265845,181211,6201,3689,328,341713.8375881057,3,8013.257518005752
CMP_039,CUST_1357,2026-04-22,Email,Snacks,Retargeting,Kolkata,Premium,42,87735.83025907386,692078,58137,26652,3167,4990865.558480422,9,34485.27679286107
CMP_050,CUST_0412,2026-08-08,Google Ads,Snacks,Retargeting,Hyderabad,Regular,21,25930.91807603684,110418,5059,1324,91,112946.20599598104,7,15310.37928275949
CMP_045,CUST_0331,2026-09-09,LinkedIn,Snacks,Conversion,Kolkata,Budget,61,24034.43232598165,86704,2299,1260,48,53616.77134656896,6,12486.429283700149
CMP_083,CUST_0928,2026-09-06,Meta Ads,Packaged Foods,Retargeting,Bangalore,Budget,29,98596.4026494982,326945,9350,2455,124,88493.05928585662,10,5486.726229998012
CMP_127,CUST_0638,2026-07-14,YouTube,Personal Care,Conversion,Pune,Regular,56,58845.15474498934,154121,3606,1410,33,23607.408589883937,2,2136.287506255988
CMP_086,CUST_0508,2026-06-01,YouTube,Home Care,Conversion,Mumbai,Regular,44,9103.622434255281,22544,350,127,1,732.9631383360535,7,6485.06071564912
CMP_113,CUST_0100,2026-05-27,Email,Beverages,Conversion,Chennai,Regular,36,28659.183988293305,128078,10681,4663,508,761140.1094323172,2,4989.8182262210985
CMP_007,CUST_0873,2026-06-04,LinkedIn,Personal Care,Retargeting,Mumbai,Premium,55,37726.97994655589,102816,2396,994,35,63568.40986216594,6,20449.70042026327
CMP_144,CUST_1480,2026-08-20,YouTube,Home Care,Conversion,Mumbai,Regular,33,24411.48521607996,82434,1762,577,22,14238.664203150733,4,3605.8253612137196
CMP_080,CUST_1254,2026-01-18,Instagram,Beverages,Product Launch,Pune,Regular,18,93715.01793346972,471379,14587,6886,237,211042.49088087343,2,2344.024726849472
CMP_064,CUST_0002,2026-09-20,Instagram,Snacks,Awareness,Kolkata,Budget,42,37869.23771556246,187678,6606,3325,166,104191.89087057108,1,1327.053767763797
CMP_049,CUST_0727,2026-06-26,Meta Ads,Home Care,Retargeting,Hyderabad,Premium,55,9903.650650010453,31416,836,408,23,30038.94999542198,5,7823.155720610502
CMP_149,CUST_1461,2026-09-19,Instagram,Packaged Foods,Retargeting,Bangalore,Budget,57,63261.62302219802,330520,10881,4559,264,158508.33685478204,9,12081.676031748206
CMP_088,CUST_1277,2026-07-13,LinkedIn,Personal Care,Conversion,Delhi,Regular,21,53390.49374871671,333029,8699,4874,227,308638.5757888708,3,4868.770957463041
CMP_055,CUST_0147,2026-03-08,Email,Packaged Foods,Conversion,Kolkata,Regular,46,40745.054202130916,96354,9085,3216,348,409129.5980050019,7,11292.960118508383
CMP_148,CUST_0849,2026-03-18,Instagram,Personal Care,Awareness,Hyderabad,Premium,60,9957.72983787634,28358,869,277,9,11776.635864164391,1,1746.5091271014296
CMP_092,CUST_0046,2026-04-20,Google Ads,Home Care,Retargeting,Chennai,Regular,21,84517.46659175483,216343,10082,4494,440,436039.3235264478,7,11026.511395598618
CMP_027,CUST_0793,2026-04-03,Google Ads,Snacks,Conversion,Pune,Premium,24,16827.291504906476,107307,5656,2012,167,294164.6833773833,11,30051.563135436863
CMP_033,CUST_1234,2026-03-05,Email,Beverages,Product Launch,Hyderabad,Budget,53,80617.88043205765,197771,19902,5186,449,398176.95401802333,6,10451.140242729767
CMP_027,CUST_1233,2026-04-25,LinkedIn,Home Care,Seasonal,Mumbai,Premium,57,57920.29151398975,145476,5133,1438,83,156562.7692553326,6,23942.35304528612
CMP_047,CUST_0904,2026-05-16,Email,Snacks,Conversion,Kolkata,Premium,57,89179.89899001183,420637,34878,13781,1669,3179482.541998226,4,11119.804535613268
CMP_036,CUST_0167,2026-09-08,Google Ads,Packaged Foods,Retargeting,Chennai,Regular,31,96125.74124121464,265850,12615,6461,463,576827.5196741098,4,10170.706811239324
CMP_149,CUST_1432,2026-02-15,Instagram,Snacks,Seasonal,Mumbai,Premium,37,84960.62502089358,276964,9123,4414,190,222273.73304959707,2,3068.627839306444
CMP_132,CUST_0646,2026-06-27,Email,Beverages,Awareness,Mumbai,Regular,47,76503.24910611559,188338,16889,4748,595,827137.520894843,8,8271.864366886803
CMP_033,CUST_1373,2026-03-24,YouTube,Personal Care,Conversion,Mumbai,Budget,35,8243.406094143505,57944,1139,633,25,13927.418479888578,6,4920.620702179943
CMP_072,CUST_0755,2026-05-19,Meta Ads,Personal Care,Conversion,Pune,Budget,27,71968.82491165123,584282,11901,3548,193,124160.55527201838,6,9104.428882322818
CMP_014,CUST_1329,2026-07-28,YouTube,Snacks,Awareness,Pune,Regular,25,87206.34889407738,445063,8576,4383,213,149347.64940073236,7,10445.916601044104
CMP_028,CUST_1123,2026-03-17,Instagram,Packaged Foods,Product Launch,Hyderabad,Budget,57,48361.15340146857,155510,5710,3335,198,145092.71624464777,11,9081.494902836695
CMP_126,CUST_1157,2026-04-23,Instagram,Beverages,Retargeting,Delhi,Budget,27,95002.81345131018,460181,15019,7249,383,223268.39925499394,4,5361.81450817526
CMP_047,CUST_0934,2026-07-27,Email,Snacks,Awareness,Mumbai,Premium,36,19001.863550199283,70798,5969,2541,290,569669.8674399775,9,13994.458316511096
CMP_044,CUST_0272,2026-05-03,YouTube,Personal Care,Conversion,Hyderabad,Premium,25,93562.13255523935,758081,17427,9910,328,335900.6566245577,10,10751.388883323212
CMP_134,CUST_1100,2026-04-22,Email,Beverages,Conversion,Bangalore,Premium,34,40697.496061807295,96872,9166,4495,493,732558.2221508452,2,4072.1542539901066
CMP_017,CUST_0558,2026-06-18,LinkedIn,Personal Care,Retargeting,Chennai,Budget,21,30652.69702975603,192775,4808,2434,79,79582.57851933553,6,13695.72302122052
CMP_150,CUST_1401,2026-08-28,Google Ads,Snacks,Product Launch,Pune,Budget,36,25881.301054076997,163169,7302,2693,194,154937.34709950132,10,16385.22420215101
CMP_026,CUST_1144,2026-03-04,Google Ads,Beverages,Seasonal,Bangalore,Budget,43,96555.68789534166,545376,19843,7678,509,441419.51896988094,3,4214.889084098509
CMP_017,CUST_1406,2026-04-07,Email,Home Care,Product Launch,Chennai,Premium,23,64013.647149755016,192581,15864,4702,485,948064.5912624964,11,32592.57172339429
CMP_099,CUST_0809,2026-05-13,Meta Ads,Snacks,Retargeting,Hyderabad,Premium,52,8638.998309238763,25998,807,310,13,18580.49108307354,7,7303.234998509244
CMP_128,CUST_0269,2026-09-07,YouTube,Personal Care,Conversion,Bangalore,Premium,22,91337.9945580898,381289,7270,2359,78,69942.27227122686,9,16207.338782785046
CMP_124,CUST_0270,2026-01-27,Google Ads,Beverages,Seasonal,Delhi,Regular,47,53074.02372827779,152188,7507,2300,148,185053.87538193018,11,29654.48209262107
CMP_007,CUST_0533,2026-09-09,Meta Ads,Packaged Foods,Retargeting,Hyderabad,Budget,46,43719.645105245254,147811,4266,2123,136,88619.40380834069,11,10543.00326829637
CMP_024,CUST_0294,2026-01-03,LinkedIn,Beverages,Product Launch,Pune,Budget,56,13398.445921177003,37042,637,311,14,14461.714926617768,8,12450.845112745992
CMP_146,CUST_0123,2026-09-01,YouTube,Home Care,Awareness,Hyderabad,Premium,49,46055.70575300645,271784,5419,1715,63,66695.51806358315,11,26464.810054054324
CMP_110,CUST_0412,2026-03-12,LinkedIn,Home Care,Product Launch,Chennai,Regular,41,87767.39736215415,238504,4852,1272,58,92056.73666404201,4,5014.514889964956
CMP_031,CUST_1100,2026-03-25,Email,Home Care,Awareness,Delhi,Budget,61,58599.05838384248,311311,27729,14379,2193,2465637.5843566507,5,6283.035330932734
CMP_130,CUST_0006,2026-03-02,Google Ads,Personal Care,Seasonal,Mumbai,Budget,52,34294.86072975305,118632,5320,2478,175,131990.02409983988,2,3159.5181846423557
CMP_066,CUST_0751,2026-01-05,Instagram,Home Care,Product Launch,Bangalore,Premium,34,36341.96574668219,115335,3493,2032,116,146955.82765663165,9,21476.686077777587
CMP_011,CUST_0965,2026-04-12,Email,Home Care,Retargeting,Mumbai,Regular,47,24861.465235159725,189250,15881,5165,736,882906.3090405295,3,6783.89175854291
CMP_119,CUST_0978,2026-08-26,Instagram,Packaged Foods,Awareness,Bangalore,Budget,54,33517.98179203748,77667,2472,1140,81,58459.34521485304,2,1989.8655471426853
CMP_138,CUST_1355,2026-09-14,Email,Home Care,Seasonal,Chennai,Premium,37,5047.244930046696,15427,1318,462,46,68902.10206409045,7,14258.817548450692
CMP_108,CUST_0460,2026-03-11,Meta Ads,Snacks,Retargeting,Chennai,Premium,60,78171.27798045812,280498,7902,2722,101,116836.06565993605,8,22451.37816833001
CMP_030,CUST_1054,2026-06-16,Instagram,Snacks,Conversion,Hyderabad,Premium,45,56536.29604126963,172499,5826,2420,105,103349.56159947095,6,11185.354264138243
CMP_086,CUST_0201,2026-05-26,LinkedIn,Packaged Foods,Seasonal,Delhi,Regular,56,61128.42895216271,143407,3859,1589,56,89144.61706694696,11,20409.73122134172
CMP_066,CUST_0819,2026-07-20,LinkedIn,Home Care,Product Launch,Delhi,Premium,54,14487.005088872602,39578,937,489,24,51220.50122154543,8,17075.729967418207
CMP_032,CUST_0627,2026-06-25,Instagram,Home Care,Conversion,Bangalore,Regular,55,57997.09243458539,390807,13558,6995,474,416568.58758027334,9,11413.244650847802
CMP_096,CUST_0513,2026-09-12,Instagram,Personal Care,Conversion,Pune,Regular,20,29752.042425115334,226035,9391,2433,141,131100.53033387926,10,17202.0524907401
CMP_137,CUST_0517,2026-01-07,Instagram,Snacks,Conversion,Kolkata,Regular,33,5703.965615892905,36405,1609,489,15,14375.959846728476,8,10125.177449524608
CMP_021,CUST_0405,2026-01-17,Instagram,Packaged Foods,Awareness,Bangalore,Regular,30,33593.400312204176,137237,4131,1545,68,52640.621185459895,4,7526.015622263238
CMP_109,CUST_0834,2026-04-28,Instagram,Snacks,Seasonal,Pune,Premium,51,87035.86427060021,472060,15945,5803,257,261504.6180497332,4,5345.031127321089
CMP_076,CUST_1466,2026-07-21,Instagram,Packaged Foods,Product Launch,Chennai,Regular,39,97077.38584641545,282146,10632,4004,207,189752.79445734975,6,10080.429308243985
CMP_069,CUST_1429,2026-06-30,Google Ads,Personal Care,Retargeting,Kolkata,Regular,29,47353.78820899395,187478,8419,3508,316,331894.5061905396,10,24260.67847206714
CMP_063,CUST_0553,2026-08-19,YouTube,Snacks,Awareness,Bangalore,Premium,41,,449163,6592,2521,82,90234.64590634021,4,8662.990744449447
CMP_077,CUST_1139,2026-03-05,Instagram,Beverages,Conversion,Pune,Regular,55,58855.59814344474,134613,5921,2164,103,94164.52459367807,11,23009.61990699907
CMP_080,CUST_0494,2026-09-16,Instagram,Beverages,Awareness,Bangalore,Premium,49,49881.83395466616,249539,10326,3966,185,250029.70233115205,8,8154.217250092173
CMP_071,CUST_0053,2026-04-04,Meta Ads,Beverages,Awareness,Chennai,Regular,63,5509.769165645385,21820,721,319,24,19311.9162702546,6,12781.759889141777
CMP_104,CUST_1178,2026-09-30,Email,Snacks,Product Launch,Chennai,Premium,36,83888.65199514313,362388,19870,11213,1338,2432680.5158638055,2,7004.036135083262
CMP_006,CUST_1079,2026-01-15,Google Ads,Beverages,Seasonal,Bangalore,Premium,31,64680.23973594161,185695,7336,4354,373,599556.5432581428,6,15600.985153815847
CMP_135,CUST_0011,2026-07-21,YouTube,Home Care,Retargeting,Chennai,Budget,28,93889.010554778,516894,10411,4342,100,50710.19950179642,10,8791.361090790266
CMP_148,CUST_0124,2026-09-25,Instagram,Snacks,Conversion,Mumbai,Regular,28,28098.779084002417,84136,2730,851,54,49689.9681971755,3,3937.9176408471617
CMP_005,CUST_0246,2026-06-13,Meta Ads,Snacks,Retargeting,Hyderabad,Premium,63,15572.157089548513,58855,2134,679,34,42573.952675392036,5,5268.146294830372
CMP_103,CUST_1331,2026-06-02,Meta Ads,Snacks,Product Launch,Bangalore,Budget,54,65576.62650206311,175624,4572,2235,130,90463.65055731584,7,9354.452601931496
CMP_050,CUST_0661,2026-04-17,Google Ads,Home Care,Awareness,Mumbai,Budget,23,20791.04085745282,95732,5150,2092,172,134112.60489991968,2,3551.894026414246
CMP_146,CUST_0075,2026-01-02,LinkedIn,Home Care,Seasonal,Bangalore,Regular,19,23806.84704811017,60613,1113,634,32,47670.118448291716,7,11958.449536579792
CMP_150,CUST_1411,2026-05-04,LinkedIn,Snacks,Seasonal,Bangalore,Regular,47,28788.190926294177,130778,3479,1145,28,33630.773534145774,8,24938.345695719385
CMP_034,CUST_1191,2026-08-02,LinkedIn,Beverages,Seasonal,Mumbai,Budget,64,28464.912568841864,102724,3121,1112,56,58090.923823965255,2,3670.171912087944
CMP_051,CUST_0520,2026-08-17,YouTube,Home Care,Awareness,Mumbai,Premium,49,12403.978460016882,41537,714,372,16,15116.743834571247,10,12252.118953528028
CMP_094,CUST_0543,2026-06-01,LinkedIn,Beverages,Product Launch,Delhi,Regular,62,85996.93556772274,210436,4680,1434,88,140740.3684692478,4,5565.397202642266
CMP_077,CUST_0570,2026-04-10,Meta Ads,Personal Care,Product Launch,Bangalore,Premium,53,64637.21286437538,198696,5758,1646,95,123886.88364656255,8,18819.832596052813
CMP_036,CUST_1040,2026-07-25,Email,Beverages,Product Launch,Mumbai,Regular,57,52623.520244973835,131512,13642,6888,693,823679.4006755397,2,3828.7976512895884
CMP_120,CUST_1112,2026-08-04,Google Ads,Personal Care,Awareness,Bangalore,Premium,32,51872.36044540412,159376,7957,2354,165,273845.0328175307,7,16748.04197273484
CMP_023,CUST_1479,2026-04-18,LinkedIn,Personal Care,Awareness,Kolkata,Regular,19,80189.75667147552,291198,5855,2723,163,263117.27937187033,6,9317.73611459445
CMP_110,CUST_1379,2026-08-20,Meta Ads,Beverages,Conversion,Hyderabad,Premium,49,15630.383233939026,36252,1237,598,38,53592.484718075866,7,18850.222620120483
CMP_041,CUST_1319,2026-05-28,LinkedIn,Home Care,Product Launch,Bangalore,Premium,53,11265.230937297005,25273,520,300,7,13422.324140593848,2,5059.438555124111
CMP_132,CUST_0605,2026-02-23,Email,Snacks,Retargeting,Bangalore,Budget,61,53342.735043436354,206677,12439,5550,545,472796.1256418585,3,3753.4934713153316
CMP_022,CUST_0741,2026-05-05,YouTube,Home Care,Product Launch,Mumbai,Premium,51,11695.895261276339,32913,600,191,5,4606.05883984964,9,21672.69019138006
CMP_009,CUST_0672,2026-04-06,Instagram,Personal Care,Conversion,Chennai,Budget,21,62270.07612468038,250148,8883,3322,104,58592.41005779446,10,14548.5768227654
CMP_099,CUST_0810,2026-03-01,YouTube,Personal Care,Retargeting,Pune,Regular,59,23270.822215132688,68186,1384,753,29,21747.41729947374,3,4980.594726926503
CMP_009,CUST_0152,2026-05-28,Meta Ads,Beverages,Product Launch,Hyderabad,Premium,22,86668.10911912366,385182,8245,2404,104,120448.2537421312,8,23254.80167174999
CMP_030,CUST_0497,2026-02-21,Email,Home Care,Retargeting,Pune,Regular,41,58413.216405522035,145369,12838,5269,544,788910.3965645854,6,9262.982958078901
CMP_085,CUST_1395,2026-08-16,YouTube,Personal Care,Conversion,Chennai,Regular,36,83102.48835664085,453134,9335,5473,172,128785.97371269917,5,3448.771941927446
CMP_105,CUST_0915,2026-02-12,Instagram,Personal Care,Seasonal,Chennai,Budget,32,12790.014051410057,65456,2150,1181,66,48697.21884092266,3,2519.281190512241
CMP_035,CUST_0448,2026-06-30,Google Ads,Personal Care,Awareness,Kolkata,Premium,22,19521.173240973247,45411,1843,834,73,129848.7442880773,11,15078.271097963096
CMP_088,CUST_1309,2026-06-04,LinkedIn,Personal Care,Retargeting,Delhi,Premium,53,95727.85320078139,653729,18169,6255,316,702191.9817536114,1,3868.5561687695495
CMP_117,CUST_0827,2026-02-21,Email,Personal Care,Seasonal,Bangalore,Premium,41,54280.554648186815,278046,24715,8201,732,1319717.7517426377,5,14087.70165630199
CMP_126,CUST_1292,2026-09-08,Instagram,Home Care,Product Launch,Delhi,Premium,30,48069.14785943704,228581,6958,3494,214,278019.10519808636,7,7179.623740253666
CMP_067,CUST_1122,2026-04-24,Google Ads,Personal Care,Awareness,Chennai,Regular,43,19783.55571536104,49542,2179,664,54,59375.28331074844,6,16018.886739531883
CMP_137,CUST_0972,2026-08-08,Meta Ads,Packaged Foods,Awareness,Pune,Budget,43,44637.02659225845,100685,3090,963,57,33278.04401682214,2,2471.6727289740875
CMP_006,CUST_1184,2026-02-15,Google Ads,Packaged Foods,Retargeting,Bangalore,Budget,33,68026.62584064718,272548,12125,4711,405,332880.35027340264,1,1518.4450256182083
CMP_002,CUST_0718,2026-08-18,Email,Home Care,Conversion,Delhi,Premium,24,20157.807927637412,70164,6097,3647,526,1063259.8901073034,4,6710.355893323637
CMP_129,CUST_0437,2026-07-24,Instagram,Snacks,Conversion,Hyderabad,Premium,26,92491.80694702282,282693,10024,5674,264,283885.75744635786,7,9138.615519996858
CMP_087,CUST_1233,2026-08-12,LinkedIn,Home Care,Awareness,Pune,Premium,26,35853.71915145124,278581,5717,1567,60,125519.1734606113,4,7497.583089458903
CMP_089,CUST_0121,2026-01-30,YouTube,Home Care,Seasonal,Delhi,Budget,43,78068.68554275796,568919,7991,3007,163,101021.49042635933,3,1833.4212210992753
CMP_096,CUST_0387,2026-04-14,Email,Home Care,Conversion,Bangalore,Budget,27,61547.379715662486,360018,22241,10339,865,862412.7094267439,7,9041.813306619013
CMP_113,CUST_0709,2026-08-17,YouTube,Snacks,Retargeting,Delhi,Regular,41,68047.30545824545,176560,3381,1805,63,52995.351105017915,3,1819.780238450543
CMP_015,CUST_0341,2026-06-19,Email,Packaged Foods,Retargeting,Bangalore,Regular,56,51796.43320570408,378487,32895,13488,1666,2087149.7690862936,6,16530.5652966625
CMP_001,CUST_0118,2026-08-06,Meta Ads,Snacks,Awareness,Delhi,Premium,21,21006.48714091201,134526,3956,1436,96,110800.16857013703,3,6572.152212340158
CMP_121,CUST_0664,2026-06-15,Instagram,Personal Care,Product Launch,Kolkata,Premium,57,74187.42524604096,272873,10407,5222,295,320136.15149557666,3,3468.9288898125933
CMP_128,CUST_0286,2026-05-29,YouTube,Packaged Foods,Retargeting,Kolkata,Regular,39,49970.91943793946,231848,5140,2909,118,95106.86803041465,2,1335.4848474329472
CMP_148,CUST_1252,2026-07-27,Instagram,Beverages,Product Launch,Hyderabad,Regular,42,43955.63005950664,342590,15240,8564,314,288328.3121498707,3,2050.333804047526
CMP_139,CUST_0032,2026-03-01,Instagram,Packaged Foods,Conversion,Chennai,Budget,63,28400.083263757162,93691,3490,1231,51,33241.2556297127,11,16390.976080297452
CMP_056,CUST_0204,2026-03-10,Google Ads,Personal Care,Product Launch,Delhi,Budget,64,55742.96094545531,161961,8807,4657,293,239439.9789605877,10,11686.420224942969
CMP_083,CUST_0220,2026-01-08,LinkedIn,Snacks,Seasonal,Bangalore,Budget,49,11401.012833919234,29653,825,276,16,18374.978140782554,3,4652.939335142285
CMP_079,CUST_0199,2026-05-30,LinkedIn,Beverages,Seasonal,Hyderabad,Premium,29,63153.58725164005,374239,11416,5923,340,553504.4247456082,1,1780.3313833742534
CMP_070,CUST_1498,2026-06-25,LinkedIn,Beverages,Conversion,Chennai,Budget,33,86821.45866374962,259942,8364,4042,159,154074.00919377254,5,11992.700142327152
CMP_071,CUST_0392,2026-09-05,Email,Home Care,Product Launch,Delhi,Budget,47,15794.540754992804,53685,4652,1245,155,156579.48220287226,2,2537.952074728218
CMP_016,CUST_0857,2026-04-08,Email,Home Care,Product Launch,Chennai,Budget,63,82113.2628101948,336953,30280,8320,727,632625.2196247731,9,20945.85435928924
CMP_128,CUST_1412,2026-02-26,LinkedIn,Packaged Foods,Retargeting,Pune,Premium,63,41500.60597937763,115971,3272,1497,77,169578.44786198327,3,5384.50552732771
CMP_077,CUST_0247,2026-01-18,Meta Ads,Packaged Foods,Awareness,Hyderabad,Budget,57,47213.1925677339,105787,2939,751,30,20957.45094521251,9,6579.1195715282565
CMP_143,CUST_1410,2026-03-17,Instagram,Packaged Foods,Seasonal,Pune,Regular,36,8566.403088885121,21384,903,522,39,39050.94541997598,2,3088.176184886843
CMP_095,CUST_1349,2026-01-29,Instagram,Beverages,Conversion,Chennai,Regular,31,40393.18848675131,99980,3860,1969,104,91786.4699889855,9,17832.23553533365
CMP_142,CUST_0943,2026-05-22,Google Ads,Beverages,Retargeting,Hyderabad,Budget,22,56084.75461531017,422769,15445,9223,899,778944.9349468107,5,8872.701239250908
CMP_027,CUST_0985,2026-09-08,Meta Ads,Home Care,Awareness,Bangalore,Premium,25,41552.92738943944,104286,2739,755,22,23999.6874947098,2,4108.996211074662
CMP_134,CUST_0951,2026-08-01,YouTube,Home Care,Product Launch,Mumbai,Budget,64,61499.37461968822,165459,3572,1773,81,52080.83354533337,11,14491.606096259271
CMP_097,CUST_1500,2026-04-10,Email,Snacks,Product Launch,Chennai,Regular,58,20618.167853845036,79483,6452,2552,312,430219.17280821374,8,8010.581999607924
CMP_146,CUST_0124,2026-07-08,Email,Personal Care,Retargeting,Chennai,Regular,48,40571.51936709012,305694,27730,12077,1591,2210267.6972514275,8,23364.2135458566
CMP_005,CUST_0914,2026-08-31,Meta Ads,Personal Care,Retargeting,Pune,Premium,22,89839.71439760654,225923,7041,3230,152,169873.8407000478,9,13961.904262695853
CMP_099,CUST_1336,2026-07-08,YouTube,Beverages,Retargeting,Delhi,Premium,58,89522.11841183867,294497,7483,3610,101,97266.5991135761,5,7615.111406539029
CMP_082,CUST_0472,2026-04-05,Google Ads,Home Care,Seasonal,Bangalore,Premium,56,97964.98889496892,584283,27338,13190,1096,1412251.558817278,7,24887.930862889727
CMP_128,CUST_0962,2026-01-27,Google Ads,Packaged Foods,Conversion,Chennai,Budget,50,33883.49111416161,155804,5998,3584,288,220609.87962435395,6,11999.418769501424
CMP_111,CUST_1104,2026-07-10,Google Ads,Home Care,Seasonal,Kolkata,Regular,37,53686.79361727181,141200,4401,2207,147,180566.13315398977,1,1599.258608407443
CMP_134,CUST_1185,2026-08-16,LinkedIn,Home Care,Awareness,Hyderabad,Premium,36,17450.747377196916,106395,2631,1029,51,102040.64355478692,9,24995.76087033169
CMP_104,CUST_1393,2026-04-21,YouTube,Snacks,Conversion,Kolkata,Premium,38,49113.59094786862,174120,4280,2162,74,85447.13682307274,6,8195.231018498807
CMP_091,CUST_0863,2026-07-23,YouTube,Snacks,Seasonal,Delhi,Premium,46,31708.79798108891,128198,2209,864,33,38304.54770137151,10,8350.596790451513
CMP_049,CUST_0180,2026-05-30,Google Ads,Snacks,Retargeting,Bangalore,Regular,47,99093.80265690727,306312,9888,2510,194,219990.86419231733,3,7372.16050211764
CMP_101,CUST_0491,2026-07-12,Google Ads,Home Care,Product Launch,Delhi,Premium,61,93337.6638092115,244396,11054,3244,262,390537.60355318256,1,3162.3658613933435
CMP_144,CUST_0356,2026-08-23,Email,Beverages,Conversion,Chennai,Premium,54,93792.5158951387,283971,23134,6300,737,1073992.2828488932,5,19284.712246999865
CMP_057,CUST_0156,2026-03-26,Instagram,Packaged Foods,Awareness,Kolkata,Premium,46,78517.25289384396,223103,9281,5327,232,306969.7227309984,2,3207.7725791857806
CMP_146,CUST_1232,2026-01-07,LinkedIn,Personal Care,Seasonal,Hyderabad,Budget,59,39001.71798538664,92231,2032,1178,65,69787.08507213743,1,1892.0414466580717
CMP_108,CUST_0035,2026-09-17,YouTube,Personal Care,Seasonal,Kolkata,Budget,37,81572.74565828584,244711,4363,2107,66,31847.985069249477,3,3887.4030345942824
CMP_117,CUST_0902,2026-05-05,Instagram,Packaged Foods,Conversion,Delhi,Budget,59,9600.200988935125,22715,568,251,11,6587.6594863976725,1,659.0538494955937
CMP_048,CUST_1375,2026-03-25,Email,Home Care,Awareness,Mumbai,Regular,26,40034.71716107988,142042,9950,3728,372,485135.11754892574,1,2876.8533942669055
CMP_096,CUST_1207,2026-05-01,Google Ads,Personal Care,Awareness,Kolkata,Budget,52,55805.85116094567,381330,18506,10658,876,771254.2815577069,1,1429.4697569703987
CMP_009,CUST_1200,2026-07-03,LinkedIn,Home Care,Seasonal,Hyderabad,Regular,39,90344.84309323142,277557,6029,3446,197,326344.1343095152,9,10631.39913179115
CMP_108,CUST_0531,2026-07-07,Instagram,Snacks,Awareness,Hyderabad,Premium,56,91682.09204490301,220103,7306,3081,177,209702.95235200503,9,9981.834548976965
CMP_147,CUST_0294,2026-02-02,YouTube,Packaged Foods,Product Launch,Delhi,Budget,46,92516.69919135782,346495,6604,1980,103,58174.65093485794,4,2732.195629971908
CMP_059,CUST_0837,2026-05-06,Meta Ads,Home Care,Awareness,Bangalore,Regular,55,32173.975651109577,102669,3168,1128,75,61354.7009983765,8,13773.546910608908
CMP_046,CUST_0498,2026-04-15,YouTube,Snacks,Product Launch,Delhi,Regular,48,38979.44165735421,139646,3112,1348,46,36855.79564128501,5,3600.2777913957802
CMP_023,CUST_0693,2026-08-24,Google Ads,Home Care,Retargeting,Bangalore,Budget,25,81993.36107030843,450667,24603,10117,830,784786.9515867289,7,14074.169215365224
CMP_022,CUST_0451,2026-07-29,Google Ads,Snacks,Retargeting,Mumbai,Regular,31,5382.888583043405,15525,537,314,27,32141.181491796637,2,5346.440314445843
CMP_111,CUST_0094,2026-06-18,YouTube,Beverages,Product Launch,Delhi,Budget,50,85277.47817196643,253144,6561,2430,56,29106.551574764046,5,6765.694083001636
CMP_085,CUST_1482,2026-04-01,Meta Ads,Beverages,Seasonal,Hyderabad,Premium,20,79777.02826688059,201259,5679,2798,112,122166.82888329463,3,5240.729748812859
CMP_019,CUST_0045,2026-07-30,Google Ads,Home Care,Awareness,Kolkata,Budget,49,48235.337803708324,138093,6526,2253,157,124219.91778508769,2,3790.6248136789486
CMP_140,CUST_0095,2026-06-17,YouTube,Snacks,Retargeting,Delhi,Premium,34,96472.8313735133,478250,6932,2978,120,129490.32544351763,4,9510.087572638417
CMP_108,CUST_1151,2026-09-20,Google Ads,Beverages,Awareness,Delhi,Premium,18,58386.3112635847,134923,7279,2453,204,354095.9235996188,7,21692.93195553744
CMP_085,CUST_0685,2026-01-02,Instagram,Packaged Foods,Awareness,Chennai,Premium,44,14816.78699865473,63662,1557,933,60,75443.35038023742,1,2675.4894131300266
CMP_144,CUST_0839,2026-01-23,LinkedIn,Home Care,Retargeting,Hyderabad,Budget,19,68370.65690056415,405117,11374,5458,189,233925.0260978979,3,6103.483119945076
CMP_143,CUST_1170,2026-03-18,YouTube,Packaged Foods,Seasonal,Pune,Regular,64,97299.46979955438,299130,6968,3490,127,113704.26896931737,1,1664.7763749915107
CMP_122,CUST_0587,2026-06-22,LinkedIn,Beverages,Awareness,Mumbai,Premium,51,83308.6942050135,196216,6438,2341,73,132280.6672036659,8,18502.614975472727
CMP_078,CUST_0070,2026-06-22,Email,Home Care,Awareness,Mumbai,Regular,34,15549.136636118781,38489,2251,1212,119,145910.94914780607,3,8490.23280735462
CMP_035,CUST_0802,2026-05-18,Meta Ads,Snacks,Product Launch,Hyderabad,Premium,46,78882.483904259,259038,8201,3063,138,193056.07403576348,11,12167.4137410173
CMP_086,CUST_0343,2026-09-08,YouTube,Home Care,Seasonal,Bangalore,Budget,43,57787.78794026648,171711,3744,2187,64,42537.48099663521,4,2433.1358686654676
CMP_044,CUST_0236,2026-04-04,LinkedIn,Beverages,Seasonal,Mumbai,Budget,55,13458.876484527635,67037,1484,697,24,29961.156772697042,1,1863.5321969690663
CMP_107,CUST_0287,2026-08-01,Email,Packaged Foods,Awareness,Hyderabad,Budget,35,25463.41880442507,81091,7118,3544,418,399930.79351385107,10,12364.97011555324
CMP_129,CUST_0953,2026-03-12,YouTube,Personal Care,Retargeting,Kolkata,Regular,29,15457.46727190309,54821,1137,500,22,17844.7677400475,9,9964.477978209317
CMP_023,CUST_0070,2026-09-20,Google Ads,Home Care,Conversion,Hyderabad,Budget,54,72443.48104611797,554056,25690,7169,428,415787.36758953077,6,10736.820467664062
CMP_108,CUST_1352,2026-08-01,Instagram,Personal Care,Conversion,Delhi,Premium,34,93293.36342353617,333752,8087,2026,142,156918.42110368458,4,7610.930807458103
CMP_047,CUST_0820,2026-03-10,LinkedIn,Packaged Foods,Retargeting,Bangalore,Regular,37,85483.18165773724,606746,11095,5102,319,381324.4113467196,5,16011.13453913168
CMP_064,CUST_0813,2026-06-04,Meta Ads,Packaged Foods,Conversion,Delhi,Budget,54,40365.99419803626,108303,2436,717,41,30536.018645380977,8,11540.299173146748
CMP_034,CUST_0750,2026-06-29,Google Ads,Personal Care,Conversion,Mumbai,Premium,21,91260.49305204261,451851,28798,17127,711,1025234.5198676884,11,19831.686562037637
CMP_073,CUST_1321,2026-07-22,Meta Ads,Beverages,Seasonal,Hyderabad,Regular,19,57677.13953127193,480131,15324,8521,419,403399.7801117943,9,12057.617877818935
CMP_098,CUST_1205,2026-07-24,Google Ads,Packaged Foods,Retargeting,Pune,Budget,49,9459.227948696585,21567,789,392,28,27020.268972222886,5,9401.312243062088
CMP_006,CUST_0142,2026-05-05,Email,Personal Care,Conversion,Chennai,Budget,64,75618.32798333747,183512,15139,7963,852,861091.5102634009,10,20956.71227363302
CMP_120,CUST_0211,2026-07-26,Google Ads,Beverages,Retargeting,Bangalore,Regular,31,65412.80999357067,154406,7251,3143,255,242761.67711174663,5,5349.480602233956
CMP_098,CUST_0293,2026-04-22,Meta Ads,Home Care,Seasonal,Kolkata,Regular,49,95697.11677409321,400799,9174,3266,186,143337.72927924772,10,7450.4323884271125
CMP_130,CUST_0508,2026-04-23,Instagram,Snacks,Awareness,Mumbai,Premium,50,,196014,7343,1843,82,93820.63816940629,6,7589.479800598644
CMP_027,CUST_0772,2026-08-07,YouTube,Personal Care,Conversion,Delhi,Regular,60,84853.73286687877,194243,4461,1589,52,43211.43284132582,5,8987.143952500572
CMP_036,CUST_0976,2026-08-18,Google Ads,Beverages,Seasonal,Delhi,Premium,19,80665.71996856209,251240,11934,6199,564,854115.7767364308,8,19341.008207805153
CMP_005,CUST_0556,2026-04-19,Meta Ads,Personal Care,Retargeting,Chennai,Regular,24,79456.39908272574,205789,7166,2914,196,206963.06123052238,1,2205.6830030222786
CMP_106,CUST_1360,2026-05-17,Google Ads,Packaged Foods,Product Launch,Kolkata,Budget,24,34720.79988600371,87905,4249,2196,104,81556.04633751314,9,8578.169694669205
CMP_057,CUST_0454,2026-09-06,Instagram,Personal Care,Retargeting,Mumbai,Premium,27,43008.33657677085,164356,5409,2539,147,159151.74626167925,1,2421.9319996238273
CMP_086,CUST_0563,2026-05-15,Meta Ads,Packaged Foods,Retargeting,Kolkata,Budget,58,81877.91641133574,191010,4371,1892,92,72793.43674354887,1,669.4441692511167
CMP_127,CUST_1234,2026-08-03,Instagram,Home Care,Retargeting,Delhi,Regular,50,99986.84593978261,369302,10787,5953,358,277482.4679642547,10,14501.788129326536
CMP_019,CUST_0515,2026-04-26,Meta Ads,Snacks,Retargeting,Hyderabad,Premium,56,41050.52878213951,109526,2113,1042,50,58286.28909130125,6,11821.973171159387
CMP_028,CUST_0796,2026-06-29,YouTube,Beverages,Product Launch,Delhi,Premium,40,42546.86118442589,128637,2568,1371,51,46393.63431952154,10,21806.857184319964
CMP_017,CUST_1411,2026-02-09,Instagram,Snacks,Product Launch,Delhi,Premium,58,41460.874319542076,107415,4282,1404,68,71341.33445124424,7,16212.140731492716
CMP_039,CUST_0145,2026-02-15,Google Ads,Packaged Foods,Product Launch,Mumbai,Premium,36,17961.156804834143,46006,2782,1565,80,118315.42795324312,2,6572.612615085608
CMP_055,CUST_1240,2026-02-18,Google Ads,Home Care,Retargeting,Kolkata,Premium,46,85590.55879361878,207876,10166,3932,439,651548.7641040444,1,3642.7528414486956
CMP_145,CUST_0194,2026-01-12,Instagram,Packaged Foods,Seasonal,Hyderabad,Budget,60,24141.56386964854,152944,5901,2193,96,60938.643420611996,10,9829.386676567352
CMP_024,CUST_0705,2026-01-29,Email,Packaged Foods,Product Launch,Kolkata,Budget,32,5856.045065247745,14873,1459,530,40,33313.79425404936,9,14131.190056917207
CMP_003,CUST_1267,2026-02-12,YouTube,Home Care,Retargeting,Chennai,Budget,46,43728.37375387863,147047,3221,1587,69,38802.05220695924,3,3141.4271235424158
CMP_009,CUST_1454,2026-05-04,Google Ads,Beverages,Retargeting,Mumbai,Premium,52,47829.68917398513,117631,4946,2622,199,265628.21916911885,4,7452.867081838427
CMP_070,CUST_1087,2026-06-29,Meta Ads,Packaged Foods,Retargeting,Delhi,Regular,36,71992.33792500869,382233,12593,6194,219,175114.25868065216,4,6626.885114200529
CMP_133,CUST_1271,2026-06-20,Instagram,Beverages,Conversion,Bangalore,Premium,23,24335.37299827063,68671,3005,1705,88,115010.50638480137,11,23218.82232570498
CMP_143,CUST_0898,2026-05-16,Meta Ads,Home Care,Seasonal,Hyderabad,Budget,26,62241.93076962258,384573,10163,5001,325,242678.33511218824,4,3496.571184827804
CMP_131,CUST_1301,2026-05-22,Google Ads,Packaged Foods,Retargeting,Mumbai,Budget,28,62476.90233741999,141981,6441,2536,272,235106.8320073754,1,1070.7317150215772
CMP_051,CUST_1026,2026-06-07,LinkedIn,Beverages,Seasonal,Kolkata,Premium,64,6091.875041867552,22303,634,334,12,26142.758407385223,1,3287.05028226838
CMP_029,CUST_1298,2026-07-05,Instagram,Home Care,Seasonal,Hyderabad,Premium,44,41125.13065783667,118720,4227,2198,87,89407.13274353137,9,23171.549589629645
CMP_057,CUST_0687,2026-04-24,LinkedIn,Packaged Foods,Product Launch,Hyderabad,Premium,48,62990.775485389786,141767,3143,1790,78,169518.1855193465,2,4088.597695816629
CMP_068,CUST_0691,2026-03-15,Instagram,Home Care,Product Launch,Mumbai,Regular,53,40051.15719051405,323099,10000,4310,198,194083.42383216825,1,1040.8609835294624
CMP_082,CUST_1252,2026-02-18,YouTube,Packaged Foods,Retargeting,Kolkata,Budget,35,36939.85616055752,116321,2266,1175,40,20848.937431228827,10,10057.543825605271
CMP_050,CUST_0648,2026-04-07,YouTube,Personal Care,Awareness,Hyderabad,Premium,36,79110.70793608115,373704,5722,2971,123,142653.45427566228,2,2219.372650737118
CMP_119,CUST_1135,2026-07-10,Instagram,Personal Care,Awareness,Hyderabad,Budget,62,82944.67905321668,223207,7376,2910,158,93363.8175192669,10,12212.290221363388
CMP_029,CUST_0661,2026-01-03,Google Ads,Packaged Foods,Conversion,Hyderabad,Premium,42,88109.42721781622,201689,10239,3605,287,,4,13665.676160118717
CMP_020,CUST_0889,2026-08-03,Google Ads,Beverages,Awareness,Delhi,Premium,53,42338.491927498704,352695,18397,6361,505,812021.5818249217,2,2527.228190079141
CMP_033,CUST_1376,2026-03-25,Meta Ads,Packaged Foods,Awareness,Mumbai,Budget,39,35599.98885436252,157616,6176,2944,165,114931.79424004741,9,10050.468293266329
CMP_033,CUST_0977,2026-03-22,Google Ads,Beverages,Awareness,Pune,Budget,45,62448.662583351696,304333,11374,3103,293,289788.0524218837,8,13834.01391844713
CMP_116,CUST_1066,2026-07-08,YouTube,Packaged Foods,Product Launch,Pune,Budget,62,49936.49033963008,166131,3789,1937,67,37292.606227815464,11,8423.390434747214
CMP_040,CUST_0798,2026-07-17,Meta Ads,Snacks,Seasonal,Chennai,Premium,62,30356.788359202576,70725,2267,1023,61,87368.40882832864,1,2865.3063339030446
CMP_122,CUST_0392,2026-01-30,Instagram,Beverages,Conversion,Bangalore,Premium,37,51637.95316815754,333085,13855,4867,268,367663.26427257544,10,23679.854241752557
CMP_126,CUST_0508,2026-01-22,YouTube,Beverages,Product Launch,Chennai,Regular,49,45068.61507208426,134108,3049,1002,31,21748.223592698007,2,3234.0327164701607
CMP_028,CUST_0275,2026-06-25,Meta Ads,Packaged Foods,Product Launch,Hyderabad,Budget,18,59742.10057711844,170111,5041,2813,115,77774.08440827527,9,13845.43413556225
CMP_032,CUST_0001,2026-07-13,LinkedIn,Beverages,Retargeting,Mumbai,Premium,48,96208.3366973792,305102,8584,2331,81,138615.51389703254,4,13215.815597640452
CMP_136,CUST_0378,2026-07-25,Google Ads,Personal Care,Awareness,Chennai,Regular,35,32972.61701487198,92635,3953,1210,66,72563.82674227127,6,6411.652034055726
CMP_041,CUST_1260,2026-01-28,YouTube,Packaged Foods,Conversion,Kolkata,Budget,61,66787.36273298004,151505,2322,903,40,23460.784845209513,7,9228.534654630017
CMP_106,CUST_0842,2026-05-10,Instagram,Packaged Foods,Conversion,Chennai,Budget,35,51133.156990049836,204621,7553,2646,140,77422.905939876,6,9183.127146424165
CMP_102,CUST_1028,2026-07-09,YouTube,Personal Care,Product Launch,Delhi,Budget,64,97185.24513203363,304093,6994,2080,51,34100.21242856383,7,6828.935248840631
CMP_056,CUST_0585,2026-04-07,Email,Packaged Foods,Conversion,Pune,Budget,46,29065.824826975593,93504,9477,4457,608,661394.1018214716,9,14266.328979266937
CMP_126,CUST_0922,2026-09-10,Email,Snacks,Conversion,Pune,Budget,44,12349.542649246676,31371,3404,1538,156,167777.24250907605,8,7850.0211814385475
CMP_086,CUST_0180,2026-03-21,YouTube,Packaged Foods,Conversion,Mumbai,Regular,38,78522.53678300358,286617,6098,3605,70,50675.23523115353,3,4252.4527971844645
CMP_104,CUST_0195,2026-02-25,Instagram,Snacks,Seasonal,Kolkata,Premium,28,34659.450609617226,85937,2945,1143,46,52518.54331587229,4,8885.154508808182
CMP_033,CUST_1025,2026-05-11,Email,Personal Care,Awareness,Chennai,Budget,27,15276.379733799995,78554,4821,2192,225,250384.48054331908,3,5102.641985113508
CMP_149,CUST_0207,2026-02-03,LinkedIn,Packaged Foods,Conversion,Pune,Regular,64,72049.64184273001,505522,13122,6823,321,478983.52794930595,1,3006.3537857674737
CMP_131,CUST_0657,2026-05-25,Email,Snacks,Retargeting,Kolkata,Premium,35,48985.0502197707,112521,8438,3707,383,591711.554815198,6,13736.226796290846
CMP_095,CUST_0540,2026-06-13,Google Ads,Personal Care,Conversion,Bangalore,Budget,52,67314.03574576182,414491,18427,5591,493,471289.4782624272,10,8111.660951151041
CMP_039,CUST_0147,2026-06-23,Instagram,Beverages,Seasonal,Kolkata,Regular,21,61030.703871509875,411531,14883,4413,146,135764.29941484804,10,19477.78151801936
CMP_023,CUST_0577,2026-02-01,Google Ads,Personal Care,Product Launch,Pune,Regular,21,32777.47830548835,92560,4795,1699,170,179396.38687926947,7,17114.025609296375
CMP_143,CUST_0051,2026-05-03,YouTube,Home Care,Retargeting,Pune,Regular,42,91659.44017194452,437548,8009,2004,83,59028.416929234176,5,6433.011959540632
CMP_053,CUST_0963,2026-04-17,Google Ads,Beverages,Conversion,Delhi,Regular,63,90080.61766756447,206797,9032,3336,308,339148.1408112414,10,16860.431046239235
CMP_078,CUST_0095,2026-02-03,Google Ads,Beverages,Product Launch,Kolkata,Regular,27,44942.56033551818,127817,4587,2017,102,98326.86257308666,4,9828.751984522478
CMP_069,CUST_1194,2026-06-03,Google Ads,Personal Care,Awareness,Pune,Budget,46,40592.991481301506,122396,5520,2776,256,188682.5559570196,2,1379.818632988747
CMP_009,CUST_0313,2026-07-03,LinkedIn,Beverages,Conversion,Mumbai,Premium,23,90006.8249010967,373700,9555,4562,149,247780.77224888938,9,23592.120559948384
CMP_034,CUST_0386,2026-01-20,LinkedIn,Snacks,Retargeting,Mumbai,Regular,30,9895.717996561592,28577,632,260,15,18390.944168213926,3,7513.629905858878
CMP_069,CUST_0505,2026-03-26,Email,Beverages,Awareness,Kolkata,Premium,33,43466.7600307067,172667,15642,6283,539,903848.861100238,7,19380.886646714152
CMP_041,CUST_0713,2026-02-19,Meta Ads,Personal Care,Seasonal,Chennai,Premium,41,44852.795343074096,189075,5777,2126,159,216427.72505258484,9,19333.62758722679
CMP_029,CUST_0387,2026-04-19,YouTube,Packaged Foods,Awareness,Chennai,Regular,50,24251.53760900531,65430,1015,510,19,13208.393195591696,4,4404.693586502915
CMP_113,CUST_0085,2026-04-25,YouTube,Personal Care,Seasonal,Pune,Budget,38,47744.90354534642,152539,2730,1582,61,32753.945411198525,10,8620.614106001682
CMP_112,CUST_0699,2026-08-31,Instagram,Packaged Foods,Product Launch,Hyderabad,Premium,57,79310.04003275574,466569,13513,6462,309,316987.286323364,7,12712.578938291364
CMP_052,CUST_0058,2026-07-28,Google Ads,Beverages,Seasonal,Mumbai,Premium,61,23299.87029635035,66113,3605,1683,72,116711.02130069897,8,9677.811618521799
CMP_076,CUST_1227,2026-04-30,Meta Ads,Snacks,Retargeting,Pune,Budget,43,56230.91463397337,168745,4366,1551,102,77361.7547541057,10,9441.681495916217
CMP_144,CUST_1430,2026-06-01,Google Ads,Packaged Foods,Awareness,Bangalore,Budget,41,24541.792174905047,122126,5118,1978,87,75610.48500083495,2,4039.5773490406355
CMP_033,CUST_1409,2026-08-28,YouTube,Snacks,Seasonal,Kolkata,Budget,29,38671.476289649305,110705,2539,1169,44,28779.714861796576,9,4420.3713192595205
CMP_021,CUST_0397,2026-03-30,Meta Ads,Beverages,Retargeting,Bangalore,Budget,33,60345.94405225563,304316,8586,3655,192,146631.85812492447,4,6173.301250242968
CMP_091,CUST_0809,2026-04-06,LinkedIn,Personal Care,Product Launch,Hyderabad,Premium,64,71281.78637352983,170137,3439,1156,55,105731.45898175702,1,3040.2144549336313
CMP_016,CUST_0109,2026-03-28,Instagram,Beverages,Awareness,Delhi,Regular,49,73717.08466050144,286250,10904,5559,281,224578.97424515837,7,9855.237418172424
CMP_014,CUST_0928,2026-09-22,Meta Ads,Snacks,Retargeting,Chennai,Regular,56,27316.425085318057,98252,3302,1419,103,106121.318586445,8,17240.233057017
CMP_102,CUST_0458,2026-01-31,Google Ads,Home Care,Conversion,Pune,Budget,22,72869.44846497147,253986,11178,3446,260,243055.03686925667,10,13421.798194075063
CMP_147,CUST_0279,2026-08-13,Instagram,Snacks,Awareness,Kolkata,Regular,38,78931.00031665059,285525,10617,3967,228,179797.106892946,11,9111.330467686621
CMP_082,CUST_0395,2026-03-07,LinkedIn,Snacks,Product Launch,Mumbai,Premium,44,26467.181388394223,62347,1363,348,9,14763.389404957086,5,12351.105555015676
CMP_047,CUST_0880,2026-08-21,Google Ads,Beverages,Retargeting,Mumbai,Premium,22,79809.97856002291,233560,8821,3213,170,289237.07167423336,7,16222.146816690738
CMP_145,CUST_1258,2026-09-22,Email,Snacks,Product Launch,Kolkata,Budget,24,94063.33776145491,269707,22239,11323,1154,1098256.2423107396,2,2640.338620591181
CMP_137,CUST_1312,2026-01-02,LinkedIn,Beverages,Seasonal,Delhi,Budget,32,95756.0178713189,243566,5384,2137,115,121083.18656055038,9,8382.339251206802
CMP_100,CUST_0857,2026-08-25,Meta Ads,Snacks,Seasonal,Pune,Premium,19,57751.97857996359,148822,3894,2209,128,163764.96800248435,4,4838.4460568759505
CMP_127,CUST_0225,2026-08-11,YouTube,Snacks,Product Launch,Delhi,Premium,63,42629.10885193994,159200,2885,918,50,60255.190249467385,2,3894.6710315234877
CMP_097,CUST_0481,2026-04-12,Meta Ads,Packaged Foods,Seasonal,Delhi,Premium,19,62194.52448613914,192664,5785,1451,77,86447.52654317736,11,31509.46071022947
CMP_143,CUST_0499,2026-07-10,LinkedIn,Home Care,Awareness,Mumbai,Regular,21,32298.02307868922,130239,3049,1790,68,84388.0193848592,4,5368.62914211656
CMP_109,CUST_0689,2026-01-21,Google Ads,Packaged Foods,Conversion,Chennai,Budget,42,55723.52138028497,256599,10231,4015,239,223166.42904530323,8,5826.983626508984
CMP_030,CUST_1115,2026-08-16,Meta Ads,Home Care,Product Launch,Bangalore,Premium,59,50423.31038375872,411729,13249,6699,488,608380.0762011632,10,17359.969215657686
CMP_012,CUST_1325,2026-07-15,YouTube,Personal Care,Product Launch,Hyderabad,Budget,62,61967.36171861955,177272,4248,2015,79,49956.18420297769,11,5391.664957562895
CMP_096,CUST_0690,2026-05-03,Email,Beverages,Seasonal,Hyderabad,Budget,49,39727.26452617425,108477,9510,3456,608,663813.3481524116,7,11255.549950201746
CMP_028,CUST_0190,2026-03-13,Instagram,Beverages,Awareness,Mumbai,Budget,57,56037.67245136109,252784,6957,3612,256,147158.31856857677,6,3574.142273951221
CMP_129,CUST_0890,2026-02-13,Instagram,Beverages,Product Launch,Pune,Regular,47,7761.863465603074,37751,936,477,29,21172.710920506124,3,5663.567507198113
CMP_021,CUST_0021,2026-08-09,Google Ads,Snacks,Conversion,Pune,Budget,34,99873.17540243184,350681,15334,7835,645,499086.9501035107,5,5691.054437598014
CMP_086,CUST_0289,2026-02-24,YouTube,Packaged Foods,Conversion,Hyderabad,Regular,52,79217.90090177758,623042,12079,6213,344,299777.804069142,11,16930.130515359306
CMP_090,CUST_1371,2026-09-26,Meta Ads,Snacks,Conversion,Mumbai,Budget,48,78591.40651801917,260995,6544,3564,338,243899.68087104848,8,5164.895593779708
CMP_058,CUST_0993,2026-05-03,YouTube,Packaged Foods,Conversion,Hyderabad,Budget,51,31670.546903268234,118474,1531,668,27,13752.542943685494,6,2803.4780664196032
CMP_147,CUST_1129,2026-08-30,Google Ads,Packaged Foods,Awareness,Mumbai,Premium,53,21000.657231223897,52266,2613,930,91,119655.76815910907,10,12721.036474933222
CMP_139,CUST_1316,2026-07-03,Instagram,Snacks,Conversion,Chennai,Budget,45,21362.542401533407,130319,4944,1947,99,64549.06071833364,7,4684.872245293011
CMP_090,CUST_1004,2026-09-04,Instagram,Packaged Foods,Conversion,Bangalore,Budget,41,31051.910189267706,120344,5312,1398,45,29829.33632019535,1,719.8383065251597
CMP_101,CUST_0540,2026-02-01,Meta Ads,Home Care,Seasonal,Kolkata,Budget,38,21139.209392643214,100835,3245,1501,89,51573.129506310186,3,4364.338785477034
CMP_004,CUST_1069,2026-01-28,LinkedIn,Home Care,Retargeting,Hyderabad,Regular,21,8147.939609529461,18532,423,225,6,8319.198084099406,1,2636.708017359983
CMP_048,CUST_1066,2026-07-04,Meta Ads,Snacks,Retargeting,Hyderabad,Regular,64,96633.4700901297,335553,10498,3611,159,157634.0163913692,5,4645.547474302029
CMP_100,CUST_1393,2026-05-14,YouTube,Personal Care,Product Launch,Hyderabad,Premium,56,61042.46820476405,180675,3176,1692,23,24592.539185047634,8,7208.0520343022945
CMP_105,CUST_0061,2026-05-18,YouTube,Home Care,Awareness,Pune,Premium,50,93736.34168103253,223392,4723,2167,60,63003.975697846865,2,1965.5968807298095
CMP_108,CUST_0889,2026-07-16,YouTube,Packaged Foods,Retargeting,Delhi,Budget,51,62416.841297322375,203822,4723,2382,90,48531.724288403304,8,4608.470787370095
CMP_008,CUST_0942,2026-06-10,Meta Ads,Snacks,Awareness,Mumbai,Budget,29,62994.54878984601,326406,12072,5892,273,165135.8131425576,7,11694.635400060664
CMP_096,CUST_0504,2026-05-01,Google Ads,Personal Care,Conversion,Kolkata,Regular,42,92129.12962518065,206768,10135,3065,256,267749.7919518865,4,5254.567055057391
CMP_059,CUST_0612,2026-07-04,Meta Ads,Packaged Foods,Conversion,Hyderabad,Premium,37,92264.07279223007,229268,6009,2547,152,158047.63385060386,9,25345.08705911797
CMP_141,CUST_1203,2026-02-28,YouTube,Snacks,Conversion,Chennai,Regular,41,38969.02564199981,148960,3429,2011,84,58042.30148470063,8,6803.859019670711
CMP_137,CUST_0400,2026-01-13,Email,Snacks,Retargeting,Kolkata,Budget,57,85173.74532911755,347427,30131,7779,1157,953629.7199848896,7,15970.559817894395
CMP_012,CUST_0510,2026-06-13,Google Ads,Personal Care,Product Launch,Delhi,Regular,27,5884.554050105016,22807,1112,661,48,58651.65466475274,6,12983.769649547812
CMP_047,CUST_0335,2026-01-22,Google Ads,Beverages,Retargeting,Hyderabad,Regular,31,91122.25076888612,233839,11445,4032,337,351503.9810709253,3,7110.114315684455
CMP_069,CUST_0594,2026-01-01,YouTube,Snacks,Retargeting,Kolkata,Premium,30,14834.278216688446,109967,2093,827,28,27295.183019994583,8,13569.53561728264
CMP_126,CUST_1407,2026-07-07,LinkedIn,Snacks,Retargeting,Hyderabad,Regular,62,38420.14728791235,112552,2575,657,43,54448.65822509403,3,4842.41464122021
CMP_148,CUST_0892,2026-04-01,LinkedIn,Home Care,Retargeting,Chennai,Regular,37,14843.685608349195,39042,902,486,19,26206.41224058001,8,9255.362589296543
CMP_039,CUST_0311,2026-08-13,Email,Snacks,Retargeting,Delhi,Regular,20,34286.08632459017,77172,7351,3911,572,673548.2807279516,5,11559.371742351037
CMP_003,CUST_0365,2026-01-09,LinkedIn,Personal Care,Awareness,Pune,Premium,26,15051.495969017036,95644,2151,654,26,42953.96570342159,1,3321.3077800254
CMP_102,CUST_1486,2026-08-19,Google Ads,Beverages,Seasonal,Mumbai,Regular,31,47990.844752426885,347875,15305,8414,792,957838.5671321644,1,1518.108741755594
CMP_120,CUST_1147,2026-03-17,Instagram,Beverages,Seasonal,Kolkata,Regular,26,34260.97331890094,284625,9581,4059,168,148740.50824981,2,3004.868640514313
CMP_083,CUST_0762,2026-08-25,Meta Ads,Packaged Foods,Retargeting,Mumbai,Budget,28,91278.34952814165,509543,14327,5058,221,173545.7864050478,7,9978.079386707814
CMP_061,CUST_1446,2026-05-07,Meta Ads,Home Care,Conversion,Pune,Budget,49,69395.22726463238,330855,10709,3703,238,147274.28218930453,9,9773.566391486413
CMP_075,CUST_1195,2026-08-20,Instagram,Snacks,Product Launch,Bangalore,Premium,62,32091.67985621281,217464,7385,2156,123,123950.62664532826,2,4494.916951096497
CMP_073,CUST_0173,2026-06-06,Meta Ads,Beverages,Retargeting,Hyderabad,Budget,42,71263.52251907549,414103,11706,5602,298,223971.45478068062,2,2729.592123787583
CMP_100,CUST_1217,2026-01-14,Google Ads,Packaged Foods,Seasonal,Bangalore,Budget,55,31283.9654337683,88422,4582,1192,104,96399.2658672968,3,5634.469500232583
CMP_083,CUST_0783,2026-04-16,Google Ads,Beverages,Retargeting,Mumbai,Premium,32,36350.572971649715,122646,5144,1998,129,196429.54564193424,11,17250.435325978317
CMP_097,CUST_0286,2026-03-09,YouTube,Personal Care,Awareness,Bangalore,Budget,36,71525.23175594765,392418,8000,3967,87,52842.75865888355,4,1846.4867770309254
CMP_056,CUST_0799,2026-03-10,Meta Ads,Snacks,Conversion,Kolkata,Premium,27,84292.3972150481,261900,8859,2979,192,270046.50697439,11,15753.4160571394
CMP_122,CUST_0515,2026-05-08,YouTube,Home Care,Conversion,Delhi,Budget,62,76896.24574442439,198592,3239,1346,49,24161.030852644228,2,1411.2636017109915
CMP_018,CUST_1234,2026-08-03,Google Ads,Home Care,Retargeting,Mumbai,Regular,54,17206.63479559749,62147,3349,1027,76,75935.58972370639,3,5603.319079999305
CMP_136,CUST_1097,2026-03-10,YouTube,Home Care,Seasonal,Bangalore,Premium,29,91183.87751298935,425014,7625,2695,107,102009.49770442193,3,6623.626411702733
CMP_106,CUST_0764,2026-05-17,LinkedIn,Home Care,Conversion,Hyderabad,Regular,24,28392.535347776007,83266,2199,941,35,50881.47586071824,8,27389.98735761146
CMP_088,CUST_1307,2026-05-08,Email,Packaged Foods,Product Launch,Pune,Regular,37,57032.33592335065,131335,9854,5325,486,614264.5366296431,7,21361.92484633275
CMP_026,CUST_0798,2026-02-07,Email,Packaged Foods,Conversion,Delhi,Premium,33,94946.99347151903,634381,44730,19152,1769,3302873.9218801497,1,3045.495106057085
CMP_033,CUST_1425,2026-06-24,Google Ads,Personal Care,Product Launch,Kolkata,Budget,62,57540.76973053228,295867,14822,4699,492,454646.5979992335,9,15097.651269721739
CMP_096,CUST_0004,2026-01-05,Email,Personal Care,Product Launch,Hyderabad,Regular,47,25623.401114163684,86970,6278,2312,301,384975.4409886612,6,11913.648950606865
CMP_021,CUST_0031,2026-02-07,Google Ads,Home Care,Retargeting,Pune,Budget,22,9153.163795940243,58464,2309,1187,87,78053.06746801468,6,11413.156778491413
CMP_124,CUST_1195,2026-07-17,Google Ads,Packaged Foods,Seasonal,Hyderabad,Premium,46,89571.75736119215,244026,10546,4192,302,443021.7447372807,6,19801.25135105352
CMP_008,CUST_0733,2026-01-10,Meta Ads,Home Care,Product Launch,Bangalore,Regular,60,49292.59555931705,132792,3197,1100,70,75097.0714736532,1,2127.123023096782
CMP_042,CUST_0301,2026-01-30,Email,Packaged Foods,Conversion,Mumbai,Premium,63,83877.25859219256,203998,15782,8246,966,1665351.3432768278,1,3433.351198663044
CMP_012,CUST_1242,2026-01-06,Instagram,Snacks,Awareness,Mumbai,Regular,38,64684.73482119114,189909,7102,2084,114,101479.97946342498,7,14416.136905778438
CMP_019,CUST_1187,2026-07-21,LinkedIn,Beverages,Product Launch,Chennai,Budget,26,30987.247716218528,104242,2751,1405,88,104680.313749731,1,2448.2523409636
CMP_110,CUST_1133,2026-06-05,YouTube,Packaged Foods,Seasonal,Bangalore,Budget,56,63573.15929943533,239658,5617,2022,71,40226.767588924275,10,9244.622751249572
CMP_114,CUST_0277,2026-04-20,LinkedIn,Snacks,Retargeting,Mumbai,Premium,31,22467.84053692132,161036,4721,1652,48,102218.60712584258,2,4643.088522954784
CMP_077,CUST_0314,2026-07-20,Google Ads,Personal Care,Conversion,Kolkata,Budget,27,70717.258141428,224138,10488,4580,507,463336.743427253,1,1926.7893434027878
CMP_027,CUST_0639,2026-04-08,LinkedIn,Snacks,Product Launch,Kolkata,Budget,42,16379.724356378198,98299,1937,1024,38,41135.1204815883,11,26549.599671138192
CMP_017,CUST_1416,2026-01-02,YouTube,Snacks,Seasonal,Mumbai,Regular,28,25012.073317127844,72663,1541,835,28,21880.435022350153,10,10683.63138049316
CMP_044,CUST_0095,2026-05-15,YouTube,Beverages,Seasonal,Mumbai,Budget,46,89089.82543077905,323510,7390,2892,118,79450.5167457061,3,2200.6921705969535
CMP_087,CUST_1335,2026-08-25,YouTube,Home Care,Product Launch,Chennai,Budget,42,91874.17601230436,304184,7476,3170,82,44548.17474582621,11,13737.663914569805
CMP_113,CUST_1042,2026-08-07,YouTube,Snacks,Retargeting,Chennai,Premium,25,69643.97358540367,324636,7097,3598,96,115083.02598199242,3,7522.92542922784
CMP_057,CUST_0180,2026-02-06,Email,Packaged Foods,Product Launch,Chennai,Regular,48,42574.69194344979,108282,7066,3706,530,603136.4889083434,11,23028.381891799425
CMP_088,CUST_0339,2026-06-18,LinkedIn,Personal Care,Seasonal,Delhi,Budget,27,79730.20004481313,429033,12719,6878,292,306095.9615049538,4,5220.859807468112
CMP_076,CUST_0851,2026-06-05,Meta Ads,Snacks,Retargeting,Delhi,Premium,32,82702.78787589575,330784,10423,5644,322,334752.52241308277,10,12534.190408216384
CMP_125,CUST_0826,2026-07-26,Meta Ads,Beverages,Conversion,Chennai,Regular,59,5062.649074593394,12805,407,125,5,4303.060666396652,7,8736.195974127651
CMP_036,CUST_1398,2026-09-22,Meta Ads,Personal Care,Conversion,Kolkata,Regular,18,39099.511985387435,148558,3860,1091,64,54056.13176313218,6,11950.679305338157
CMP_019,CUST_1128,2026-02-11,Google Ads,Packaged Foods,Seasonal,Hyderabad,Regular,48,95800.25001411168,327017,15364,8902,729,710791.1746819768,2,2876.21434407093
CMP_134,CUST_0701,2026-06-14,Google Ads,Packaged Foods,Retargeting,Mumbai,Regular,35,54790.945938866134,190953,10588,2896,223,226917.09761165292,2,3464.167928000634
CMP_137,CUST_1063,2026-04-18,LinkedIn,Packaged Foods,Awareness,Hyderabad,Regular,40,53816.036004580514,231031,4715,1900,62,102895.06256935297,2,5224.082507681531
CMP_135,CUST_0512,2026-03-24,Email,Packaged Foods,Seasonal,Bangalore,Regular,21,83177.24276277352,281469,30557,11455,954,1268215.7215611474,1,2876.275131912135
CMP_103,CUST_0440,2026-02-16,Instagram,Snacks,Awareness,Pune,Regular,46,37941.53907068516,93892,3519,1974,124,119491.19333013093,1,790.6480610772447
CMP_113,CUST_0959,2026-09-15,Email,Home Care,Seasonal,Delhi,Budget,35,90381.92439510582,412564,23101,12803,569,623694.0330378436,7,10813.708958935737
CMP_150,CUST_0411,2026-03-26,LinkedIn,Beverages,Seasonal,Mumbai,Regular,56,84823.30019941877,191496,4765,1677,67,112014.56753941816,4,6356.5580480327335
CMP_023,CUST_0614,2026-05-12,Google Ads,Packaged Foods,Conversion,Delhi,Premium,21,47685.57588612002,157691,7755,2566,224,376519.3991314045,3,6857.74965750104
CMP_142,CUST_0421,2026-01-30,Instagram,Beverages,Awareness,Mumbai,Budget,56,15752.843111076338,72642,2042,1072,45,29740.588253995462,10,12458.689829824294
CMP_148,CUST_0941,2026-09-01,Google Ads,Personal Care,Conversion,Bangalore,Regular,63,70915.44345513303,173154,7570,3964,267,309809.2733071064,8,19769.37947374477
CMP_046,CUST_0500,2026-01-12,YouTube,Packaged Foods,Retargeting,Delhi,Budget,58,66069.2849410015,197876,5191,2874,109,60974.32023797241,6,5330.67358703287
CMP_039,CUST_0772,2026-04-23,LinkedIn,Beverages,Retargeting,Bangalore,Regular,45,6400.9167907543915,23041,471,211,12,18497.568566878388,4,10983.68167446287
CMP_017,CUST_1024,2026-04-17,Google Ads,Snacks,Product Launch,Mumbai,Regular,33,82249.42022024427,186974,9062,4803,406,494365.5498540581,2,3228.277458704897
CMP_087,CUST_1470,2026-04-03,Google Ads,Home Care,Retargeting,Pune,Regular,43,62789.61185375107,235217,8809,4735,418,393947.34226986306,10,9727.843533432648
CMP_021,CUST_1274,2026-07-08,LinkedIn,Packaged Foods,Product Launch,Bangalore,Premium,43,10885.978953488497,31465,763,363,15,24639.91117616845,2,6336.754284532551
CMP_132,CUST_0081,2026-06-10,Meta Ads,Snacks,Awareness,Delhi,Budget,38,88916.57263485475,678550,25747,14864,875,524961.4618962043,3,2168.9010332457747
CMP_113,CUST_0039,2026-02-16,LinkedIn,Snacks,Seasonal,Mumbai,Premium,60,42969.18964282871,103178,2053,1215,60,110822.58029450792,9,28414.300247274063
CMP_029,CUST_1280,2026-01-23,YouTube,Beverages,Retargeting,Bangalore,Budget,27,34939.02062229498,81760,1733,477,21,10091.015307574422,2,2298.4420874750363
CMP_126,CUST_0266,2026-08-29,Email,Personal Care,Awareness,Hyderabad,Premium,21,72373.76294951705,483116,43254,15824,2288,4091930.5953225326,9,19798.0746561138
CMP_025,CUST_0455,2026-08-26,Email,Home Care,Retargeting,Mumbai,Premium,25,87885.26101659524,362307,19537,6397,857,1681169.5691921888,3,9998.011698247888
CMP_063,CUST_1341,2026-09-11,Email,Packaged Foods,Seasonal,Kolkata,Regular,43,82976.17629968787,203294,17906,8415,1382,1566437.923066663,2,2944.5927643146806
CMP_143,CUST_0102,2026-01-15,Email,Snacks,Product Launch,Delhi,Budget,34,46882.614646765716,361574,31323,13651,1631,1367313.6414486181,10,21467.583463362196
CMP_102,CUST_0726,2026-05-11,Google Ads,Home Care,Conversion,Pune,Budget,37,54936.262061149,350283,15020,6086,466,349021.44447335077,9,14885.279771467507
CMP_013,CUST_0072,2026-07-27,Meta Ads,Packaged Foods,Seasonal,Delhi,Regular,46,26273.229191233993,80298,3083,779,54,53167.424115824986,2,1655.2038896559618
CMP_125,CUST_0598,2026-06-23,Meta Ads,Home Care,Seasonal,Pune,Budget,34,67532.88799885538,176668,4285,1566,102,64673.01692845396,6,7628.188187763915
CMP_056,CUST_0598,2026-03-19,Meta Ads,Packaged Foods,Retargeting,Mumbai,Budget,56,52305.58750832245,151060,5424,2095,102,74216.58885567433,9,13419.949707733846
CMP_065,CUST_0026,2026-01-18,Instagram,Personal Care,Product Launch,Pune,Premium,31,96800.78713446933,253673,7888,2627,135,151782.0876311525,7,17741.936558231937
CMP_129,CUST_0280,2026-01-08,YouTube,Home Care,Conversion,Bangalore,Budget,48,36052.21128450098,282154,5832,2376,103,57080.29643813531,10,9027.47879883814
CMP_121,CUST_1412,2026-02-23,Google Ads,Snacks,Product Launch,Bangalore,Premium,52,85884.90353909349,384566,20499,9376,498,788359.5761533628,3,7619.585848255806
CMP_113,CUST_1118,2026-04-24,YouTube,Home Care,Product Launch,Chennai,Regular,47,41937.13551987746,251144,4268,1840,81,61789.95030336241,1,1377.0453301584723
CMP_132,CUST_0329,2026-04-28,Email,Beverages,Retargeting,Bangalore,Premium,61,51464.37003015815,195191,10186,4383,498,724357.4319099331,3,5857.248231892052
CMP_064,CUST_1081,2026-05-04,Google Ads,Snacks,Awareness,Chennai,Budget,29,51871.96093665811,380215,14716,7771,594,564314.6093649047,6,4688.352121637463
CMP_027,CUST_0782,2026-09-22,Email,Beverages,Conversion,Delhi,Regular,31,87215.19574758167,260702,22089,11086,1386,1727301.4743514424,4,11108.340487306436
CMP_089,CUST_1336,2026-04-30,LinkedIn,Beverages,Product Launch,Hyderabad,Premium,31,45337.253705787,177395,3233,1761,46,101832.19913259074,9,41511.619140143885
CMP_037,CUST_1244,2026-01-03,Instagram,Personal Care,Awareness,Mumbai,Budget,62,98938.26477182779,263769,7603,3915,248,154708.6853981732,10,9385.737605116945
CMP_008,CUST_0781,2026-08-09,Meta Ads,Personal Care,Seasonal,Kolkata,Budget,61,41950.10364816479,135508,3421,1362,75,56985.266447378315,2,2730.0101467023105
CMP_143,CUST_0230,2026-09-18,YouTube,Snacks,Seasonal,Chennai,Regular,43,88721.62793567685,349337,7674,4542,164,118805.99820244971,5,3590.8120418188832
CMP_134,CUST_0173,2026-05-24,Meta Ads,Snacks,Conversion,Delhi,Budget,24,49706.919567592,213711,4906,2793,158,91228.07581083775,7,6857.396314154733
CMP_001,CUST_0550,2026-09-20,Email,Home Care,Retargeting,Kolkata,Regular,44,63206.959198615055,222364,18655,9458,565,603865.6843930442,2,5036.061370597278
CMP_103,CUST_1365,2026-04-12,LinkedIn,Packaged Foods,Seasonal,Mumbai,Budget,56,71906.27057704786,206824,5787,3250,142,173237.4977985256,7,17992.121068985947
CMP_071,CUST_0499,2026-06-14,YouTube,Home Care,Seasonal,Hyderabad,Premium,21,16637.641581850283,64641,1429,610,20,18880.120744929605,6,14517.748479079477
CMP_010,CUST_0763,2026-04-23,Instagram,Home Care,Awareness,Pune,Premium,25,29620.25283086044,94606,3818,1255,49,59193.76233371426,4,9519.550860774321
CMP_023,CUST_0984,2026-05-18,Email,Beverages,Product Launch,Hyderabad,Premium,62,39152.65591408806,290658,27609,14539,1823,2684651.430221579,4,8262.755622918728
CMP_046,CUST_1226,2026-09-05,Instagram,Personal Care,Awareness,Delhi,Budget,50,83134.1088198882,318344,12023,3061,150,105919.90676035696,8,4128.355144943872
CMP_117,CUST_0176,2026-04-15,Google Ads,Snacks,Awareness,Bangalore,Regular,53,83388.84267874183,233607,8877,3360,323,374944.81371742627,9,11575.315223715737
CMP_107,CUST_0970,2026-03-30,Google Ads,Home Care,Conversion,Bangalore,Budget,59,33471.95411661282,143546,5418,2669,144,129733.34838175941,6,8665.822625556026
CMP_075,CUST_0563,2026-03-05,Email,Snacks,Retargeting,Kolkata,Premium,23,11248.228712162094,68026,5205,2341,362,556543.7817034158,2,5331.854468003452
CMP_118,CUST_1210,2026-03-04,Instagram,Beverages,Conversion,Kolkata,Premium,47,11167.806325138325,92331,2738,853,34,34703.87202941397,7,14100.119489071278
CMP_081,CUST_0692,2026-06-12,LinkedIn,Packaged Foods,Conversion,Mumbai,Budget,18,97691.88347875712,262812,5673,1652,92,104703.75945392769,2,5081.715270025171
CMP_025,CUST_0006,2026-09-21,Email,Home Care,Conversion,Bangalore,Regular,35,92682.42511153371,307323,21104,11345,1276,1661736.9581393867,3,4750.752431917614
CMP_010,CUST_0891,2026-02-03,YouTube,Personal Care,Seasonal,Chennai,Premium,62,33295.46426800938,271829,6900,2863,81,74684.84484587164,8,15811.653816779635
CMP_105,CUST_0211,2026-09-27,Instagram,Personal Care,Awareness,Mumbai,Regular,46,68853.44607966731,257367,7940,2022,90,80043.67578321086,5,8863.112027284664
CMP_084,CUST_0432,2026-04-28,Email,Packaged Foods,Conversion,Delhi,Regular,55,71572.32362397756,288905,24389,14142,1371,1830522.0381033046,3,8823.592895866723
CMP_001,CUST_0681,2026-01-03,YouTube,Home Care,Conversion,Bangalore,Budget,49,13847.11184619796,35421,714,337,11,5439.86589304603,11,7694.941663869681
CMP_029,CUST_0578,2026-01-12,LinkedIn,Beverages,Conversion,Kolkata,Premium,61,15548.302020217423,54164,1244,728,41,82919.18355144525,2,5895.444710671465
CMP_126,CUST_0561,2026-04-12,Meta Ads,Snacks,Seasonal,Chennai,Premium,41,41513.27669711303,216489,4565,1702,98,124072.94312274645,2,2957.8646387320305
CMP_027,CUST_0943,2026-02-25,Meta Ads,Packaged Foods,Retargeting,Pune,Premium,20,93789.07200965758,337643,9310,2546,55,64872.10887280981,1,2594.449488746119
CMP_103,CUST_0501,2026-09-25,YouTube,Packaged Foods,Retargeting,Hyderabad,Budget,25,64668.835438427894,211412,5789,2284,72,42214.70938575346,1,515.4700445204301
CMP_013,CUST_0888,2026-09-11,YouTube,Home Care,Product Launch,Delhi,Budget,53,61294.034934989264,236295,5335,2790,147,90574.52708106214,2,1189.6247351413738
CMP_134,CUST_0149,2026-05-13,Meta Ads,Snacks,Retargeting,Bangalore,Premium,19,61461.38564699747,163620,5776,1980,105,145415.80709395837,1,2666.984289546774
CMP_094,CUST_0677,2026-04-19,Instagram,Personal Care,Product Launch,Hyderabad,Premium,19,49842.999224860534,295467,10570,3071,136,164113.70736739485,10,25663.269371808663
CMP_014,CUST_0776,2026-03-08,Instagram,Beverages,Seasonal,Mumbai,Premium,63,29887.650093223358,131022,3509,1974,133,181554.5248517887,7,15690.331168240127
CMP_051,CUST_0620,2026-06-23,Instagram,Beverages,Seasonal,Delhi,Budget,52,29551.026821626016,107093,3825,1704,40,25552.611625275895,9,4664.270011878428
CMP_010,CUST_1046,2026-06-06,Google Ads,Personal Care,Conversion,Bangalore,Premium,39,56652.19176388771,160771,9282,4576,253,342457.4102355606,1,1414.3614371667827
CMP_016,CUST_1366,2026-03-16,Google Ads,Packaged Foods,Seasonal,Kolkata,Regular,30,75943.17881096514,203409,9676,5066,344,433567.9762530024,10,22862.564564562035
CMP_132,CUST_0220,2026-08-14,Email,Beverages,Product Launch,Hyderabad,Budget,33,35060.89792996817,269665,25289,6925,961,908831.1837407448,1,2186.2839306743585
CMP_140,CUST_0719,2026-08-10,Email,Snacks,Product Launch,Kolkata,Premium,51,84954.61514280623,641747,42197,13570,2002,3424215.643420094,6,24991.542816468707
CMP_085,CUST_0266,2026-06-24,Meta Ads,Personal Care,Conversion,Kolkata,Premium,40,22117.30938620378,67386,1858,653,26,33960.960010585615,6,6379.388328934305
CMP_037,CUST_1073,2026-02-08,LinkedIn,Home Care,Conversion,Chennai,Budget,23,80168.21716292709,568496,14444,4681,211,218588.06445801904,5,4764.6700425216795
CMP_072,CUST_1249,2026-05-18,Google Ads,Snacks,Seasonal,Chennai,Premium,61,46838.99024409437,200028,8511,4726,399,674888.1794384569,7,19631.499864309346
CMP_055,CUST_0408,2026-05-27,Email,Personal Care,Product Launch,Chennai,Budget,26,57074.40278584332,436851,35952,14567,1734,1391876.2706432191,9,7790.272544172121
CMP_101,CUST_0745,2026-03-09,YouTube,Personal Care,Awareness,Mumbai,Budget,63,21929.930851146128,79240,1814,787,22,10957.655604234604,7,5907.549146967954
CMP_001,CUST_0037,2026-03-07,LinkedIn,Packaged Foods,Conversion,Kolkata,Budget,21,54041.98740712576,382306,9495,3426,182,184521.54008930072,11,26266.666300347944
CMP_057,CUST_1310,2026-07-30,Google Ads,Snacks,Awareness,Chennai,Budget,39,47453.439055547475,309266,14143,5920,550,476264.9822670462,10,8820.805307882554
CMP_017,CUST_0793,2026-07-11,LinkedIn,Packaged Foods,Awareness,Hyderabad,Regular,64,50414.57017879365,128893,3051,932,28,45096.66951016974,2,2975.738130913198
CMP_030,CUST_0008,2026-01-08,Instagram,Personal Care,Seasonal,Delhi,Premium,63,29502.192740096027,87991,3019,1438,54,73650.24322231466,6,13431.416008605749
CMP_126,CUST_0943,2026-07-16,Meta Ads,Snacks,Conversion,Pune,Premium,57,59147.50218075605,375498,11642,3845,228,254206.88608553496,9,18457.850526701895
CMP_081,CUST_0936,2026-03-23,YouTube,Snacks,Conversion,Mumbai,Budget,62,64900.310203023655,478142,8472,4235,170,93692.80112691785,11,11771.093138360766
CMP_150,CUST_0885,2026-08-07,Google Ads,Home Care,Product Launch,Delhi,Premium,34,92694.75203332998,766106,36664,14694,1143,1527596.7950837086,8,19790.09110130833
CMP_137,CUST_1327,2026-08-01,Instagram,Snacks,Retargeting,Delhi,Regular,45,55226.26219405243,142691,5494,2444,105,95292.22978911329,6,5154.965405925915
CMP_099,CUST_0809,2026-02-23,Google Ads,Beverages,Seasonal,Hyderabad,Premium,64,35589.065594032654,229274,8312,2405,197,324760.27325745166,4,6163.300846226412
CMP_005,CUST_0772,2026-02-27,LinkedIn,Packaged Foods,Retargeting,Bangalore,Premium,35,92564.81678301776,484265,7997,2497,83,164428.55218903392,10,33085.76366107198
CMP_006,CUST_1074,2026-02-15,YouTube,Beverages,Conversion,Pune,Regular,50,67780.98548642502,289292,5256,1694,30,23255.85795831069,5,7013.196216392493
CMP_060,CUST_0768,2026-07-25,Instagram,Home Care,Retargeting,Delhi,Premium,32,40342.47127597923,128050,5220,1675,54,52982.47928121774,1,1073.4494401974932
CMP_104,CUST_1145,2026-05-14,Meta Ads,Home Care,Retargeting,Bangalore,Regular,49,56294.29136786018,227444,7506,4348,256,271638.13804655266,9,10083.278419896837
CMP_132,CUST_0973,2026-08-03,Email,Beverages,Awareness,Mumbai,Budget,40,35571.44126076183,127743,8339,3868,426,392494.53734387865,11,17006.79194411303
CMP_057,CUST_0745,2026-01-29,Meta Ads,Snacks,Seasonal,Hyderabad,Regular,34,13115.837532594021,63674,2004,1092,39,31592.56735081847,10,21229.185018002507
CMP_128,CUST_0215,2026-07-20,Email,Beverages,Seasonal,Bangalore,Regular,51,64368.71203694871,158434,13473,5119,330,442189.9985238361,1,1530.3403729305603
CMP_111,CUST_0216,2026-02-18,Email,Personal Care,Awareness,Hyderabad,Premium,58,81963.90062790028,304371,21044,10748,1048,1885348.7763915663,8,24800.820871750115
CMP_056,CUST_1484,2026-01-05,Meta Ads,Packaged Foods,Retargeting,Chennai,Regular,40,34479.8495980797,199713,6706,3602,155,120615.42589413957,1,997.6927367197095
CMP_074,CUST_0892,2026-03-14,Instagram,Beverages,Seasonal,Mumbai,Regular,58,12644.486404107516,88519,4019,1264,58,55822.164601969045,5,3665.278583383988
CMP_085,CUST_0811,2026-09-25,Meta Ads,Packaged Foods,Product Launch,Hyderabad,Premium,41,97636.41347111945,419130,12084,6699,372,514064.7477213174,8,23407.712459027738
CMP_094,CUST_0298,2026-01-01,YouTube,Packaged Foods,Awareness,Hyderabad,Regular,64,27835.841775119574,84742,1261,389,16,13615.573160442054,9,10275.985911521788
CMP_098,CUST_1021,2026-03-27,YouTube,Packaged Foods,Retargeting,Hyderabad,Budget,45,70269.45524999978,344932,7815,3238,107,65619.2950470002,10,6025.195164009051
CMP_018,CUST_0948,2026-08-19,Meta Ads,Snacks,Product Launch,Hyderabad,Premium,30,37616.95098517264,131821,4593,2386,155,167296.91119465392,6,14524.647043688658
CMP_055,CUST_1437,2026-07-07,YouTube,Personal Care,Seasonal,Chennai,Premium,40,25479.11745918981,58809,1137,285,11,12574.615870450409,11,17222.74982821441
CMP_121,CUST_0723,2026-05-31,Meta Ads,Home Care,Retargeting,Bangalore,Regular,30,18695.910703259775,41573,1213,376,16,13005.249210164317,4,5338.531859934072
CMP_025,CUST_0772,2026-01-18,LinkedIn,Snacks,Awareness,Delhi,Regular,62,78116.33859030534,206425,4644,2764,115,177853.49505739042,9,19497.846457999418
CMP_023,CUST_0595,2026-07-03,Instagram,Personal Care,Conversion,Chennai,Premium,62,55348.83556278328,205822,7219,3020,188,258260.9607859085,9,20789.210495332376
CMP_113,CUST_0902,2026-08-11,Meta Ads,Personal Care,Awareness,Hyderabad,Budget,36,84029.75611051921,269151,7685,3484,242,195558.7149240414,2,1761.3158228852237
CMP_085,CUST_1456,2026-04-21,LinkedIn,Home Care,Retargeting,Delhi,Budget,53,69059.45646392065,413175,12629,3762,184,170356.63726066958,2,2406.0451349013356
CMP_105,CUST_0840,2026-02-02,Instagram,Personal Care,Seasonal,Pune,Premium,53,77054.54499639192,532998,20835,7911,365,356162.44571976,6,11517.839051648043
CMP_019,CUST_0366,2026-01-22,Meta Ads,Packaged Foods,Awareness,Chennai,Premium,24,24552.349651512573,123466,3851,1692,105,115399.39102841557,2,4778.273272460627
CMP_122,CUST_1392,2026-07-31,LinkedIn,Beverages,Conversion,Mumbai,Budget,58,82237.12214309584,341577,8212,4880,229,226984.05179260095,1,1033.5220537978632
CMP_002,CUST_0479,2026-01-10,Email,Personal Care,Retargeting,Chennai,Budget,38,75520.80081471661,223104,18359,5823,832,749074.9788593926,8,6158.886650531514
CMP_055,CUST_0177,2026-05-07,LinkedIn,Beverages,Seasonal,Chennai,Regular,29,98719.7126469357,267708,5678,2575,140,172553.44236045005,2,5446.279599139871
CMP_075,CUST_0494,2026-02-21,Instagram,Personal Care,Seasonal,Chennai,Premium,56,39779.42084270906,189327,5983,1897,95,111632.88192376005,5,8163.038603383405
CMP_093,CUST_1190,2026-02-05,Meta Ads,Personal Care,Seasonal,Chennai,Budget,59,20301.44873058483,149646,4113,1591,64,46079.85705946664,9,7854.549617669482
CMP_112,CUST_0819,2026-09-18,Google Ads,Home Care,Awareness,Chennai,Budget,20,77591.97374141234,347442,13034,7017,440,384924.106083942,9,17521.514684695292
CMP_146,CUST_0139,2026-08-07,Email,Personal Care,Conversion,Pune,Budget,32,58807.49301667152,162963,16561,4169,374,304274.1552336209,3,4166.890716953486
CMP_130,CUST_0165,2026-01-19,Google Ads,Home Care,Awareness,Delhi,Regular,30,9580.117077595776,65953,2833,1442,95,103657.09977713432,2,3538.4554798302947
CMP_075,CUST_1072,2026-09-20,Email,Personal Care,Awareness,Hyderabad,Budget,45,35925.964827034135,80609,6896,4105,446,440932.3587368833,11,9608.049816143122
CMP_109,CUST_1452,2026-03-05,LinkedIn,Beverages,Awareness,Mumbai,Premium,42,82089.58531482118,564195,12659,4359,197,422268.2784579684,1,2423.9253387794483
CMP_120,CUST_1226,2026-01-10,Instagram,Home Care,Retargeting,Delhi,Premium,44,55324.68056233146,150920,4802,2603,123,150814.3380573712,9,22989.726888072084
CMP_023,CUST_1380,2026-04-30,Meta Ads,Personal Care,Conversion,Hyderabad,Premium,38,57726.69209348625,203559,6977,3769,215,309938.83392004954,8,24275.86944497973
CMP_033,CUST_0984,2026-03-16,LinkedIn,Packaged Foods,Product Launch,Kolkata,Budget,22,11107.419995713884,37816,787,296,10,11240.29735490353,6,6404.015041894265
CMP_044,CUST_0716,2026-04-16,Instagram,Personal Care,Conversion,Kolkata,Regular,61,21869.866456042633,79517,2495,1445,46,34231.36738811069,1,1982.7529438567942
CMP_096,CUST_0953,2026-07-29,Instagram,Personal Care,Product Launch,Mumbai,Regular,57,61625.05213047446,513530,16141,5220,229,181180.17728446022,4,7211.091561666607
CMP_049,CUST_1495,2026-05-30,Instagram,Personal Care,Awareness,Kolkata,Budget,39,60986.17757465,286949,10554,2750,143,108832.47748776658,9,7267.929578696291
CMP_037,CUST_0480,2026-09-21,Email,Home Care,Conversion,Pune,Premium,63,52895.315347827825,209149,18097,8408,1159,2101622.42198048,1,2837.7029325843796
CMP_103,CUST_0647,2026-01-16,Email,Beverages,Retargeting,Pune,Budget,40,48811.56433653763,270365,24734,9234,837,779696.5176714768,4,7773.371010878134
CMP_081,CUST_0159,2026-09-25,Meta Ads,Packaged Foods,Retargeting,Kolkata,Regular,50,98274.73613720175,284313,7525,3962,235,181561.772651894,9,7152.390153239294
CMP_004,CUST_0891,2026-01-18,Email,Home Care,Retargeting,Pune,Budget,52,7230.707179926705,24608,1901,1124,105,101253.948061095,3,5701.7583422849575
CMP_063,CUST_0582,2026-05-21,LinkedIn,Snacks,Product Launch,Bangalore,Budget,61,80628.22499877155,207331,5663,2195,88,81249.35409048144,4,8900.873486903512
CMP_114,CUST_0337,2026-03-10,LinkedIn,Personal Care,Conversion,Chennai,Premium,20,67844.5574049528,321659,6633,3934,147,309956.250785805,10,43022.567001672855
CMP_124,CUST_1371,2026-05-16,Email,Home Care,Product Launch,Chennai,Regular,47,51849.86775391799,131073,5258,2935,336,479170.7388243051,3,6673.425803315275
CMP_019,CUST_0387,2026-01-04,Instagram,Personal Care,Retargeting,Chennai,Regular,45,61507.79983139601,196991,6306,2856,126,100532.42471139415,9,7984.9776913651895
CMP_010,CUST_0177,2026-05-05,Meta Ads,Home Care,Awareness,Hyderabad,Budget,43,90386.89987454121,240838,6045,1652,75,46620.542413312745,5,6070.071754471557
CMP_067,CUST_0015,2026-01-03,Google Ads,Home Care,Product Launch,Bangalore,Premium,45,34792.70906329462,121758,6972,2866,278,488473.3197561641,10,21335.974709235434
CMP_046,CUST_1421,2026-09-13,YouTube,Beverages,Retargeting,Kolkata,Budget,37,99349.12111962777,266320,4795,2698,74,40687.33885770812,2,958.9939221934243
CMP_016,CUST_1347,2026-01-22,Google Ads,Personal Care,Product Launch,Chennai,Premium,36,22865.705768020052,97046,4165,1518,115,191693.63695616322,3,6469.993714506862
CMP_143,CUST_0209,2026-01-23,Meta Ads,Home Care,Seasonal,Hyderabad,Premium,43,72880.97026581713,270228,7226,3021,175,250070.61200252007,6,18066.31819659794
CMP_086,CUST_0707,2026-03-17,Instagram,Personal Care,Seasonal,Pune,Premium,24,68759.94285157116,159840,6663,3036,140,141078.14823650286,2,2962.3268989453722
CMP_067,CUST_0757,2026-07-22,Meta Ads,Packaged Foods,Seasonal,Pune,Budget,45,70994.67481729748,199338,4724,2714,188,151797.64204267663,1,1103.576591659243
CMP_046,CUST_1087,2026-04-29,Google Ads,Snacks,Awareness,Bangalore,Regular,55,19997.19647130125,65235,2702,1157,94,102026.24312227438,10,22616.48723965099
CMP_148,CUST_1120,2026-09-17,Meta Ads,Personal Care,Awareness,Pune,Regular,20,54233.43391128812,167097,4587,2226,156,124476.74330310406,3,5381.874457426554
CMP_139,CUST_1158,2026-08-14,YouTube,Personal Care,Conversion,Bangalore,Regular,36,42706.36657846539,258839,4441,1666,41,28178.727901602422,11,6705.19521978799
CMP_140,CUST_1342,2026-02-14,Instagram,Beverages,Retargeting,Kolkata,Premium,36,75920.44689947886,212050,6746,1691,99,101537.1019916099,4,6125.3333029631385
CMP_125,CUST_1352,2026-01-25,YouTube,Personal Care,Conversion,Delhi,Premium,57,35633.83332553903,200142,4679,1780,32,37749.60080053836,7,12313.104947453008
CMP_033,CUST_1026,2026-06-02,LinkedIn,Home Care,Conversion,Pune,Regular,27,73329.38609497392,172121,3936,1720,64,83686.4477696078,3,8040.711541450732
CMP_063,CUST_0514,2026-02-20,LinkedIn,Packaged Foods,Product Launch,Hyderabad,Premium,39,71361.32504279792,277608,5827,3095,127,,7,12951.029564288385
CMP_083,CUST_0154,2026-08-18,Instagram,Personal Care,Retargeting,Delhi,Regular,25,11259.87669261533,55531,1979,870,50,48823.42504457093,7,5747.120580778924
CMP_069,CUST_1036,2026-02-26,Instagram,Home Care,Retargeting,Mumbai,Regular,64,16159.610706018622,44409,1642,836,26,20341.256320572866,6,11471.001081979375
CMP_134,CUST_0566,2026-02-05,Google Ads,Home Care,Seasonal,Chennai,Regular,25,98929.77104498874,517609,21229,10895,732,847067.7010272533,10,11125.94802752123
CMP_108,CUST_0900,2026-09-29,Google Ads,Beverages,Awareness,Mumbai,Regular,40,39564.322701832076,91941,4691,2245,221,281692.94996617356,8,11356.25935855731
CMP_074,CUST_1457,2026-01-15,Google Ads,Snacks,Awareness,Bangalore,Budget,45,15583.46937209598,83425,2855,1529,91,72163.89419438959,9,8094.28167936554
CMP_131,CUST_1056,2026-06-24,Google Ads,Snacks,Product Launch,Bangalore,Premium,53,99046.20783905878,235065,13084,6357,473,642259.3207324013,2,2687.985166686465
CMP_129,CUST_1333,2026-09-10,Meta Ads,Home Care,Conversion,Kolkata,Premium,35,81991.02596318536,242112,8715,4864,188,220314.23596814694,9,23509.319115410184
CMP_100,CUST_0522,2026-03-25,Google Ads,Snacks,Seasonal,Kolkata,Regular,19,66894.49318932203,166533,8273,3736,210,257708.12187409017,5,12304.293948878416
CMP_132,CUST_0851,2026-06-29,YouTube,Beverages,Retargeting,Hyderabad,Budget,32,5475.57538424494,19478,448,162,5,2438.977152629982,4,3543.5574478871267
CMP_131,CUST_0473,2026-06-06,LinkedIn,Home Care,Awareness,Pune,Premium,49,5325.052461605981,30207,737,323,19,33589.02113609725,1,4675.604664441063
CMP_118,CUST_1113,2026-05-14,Google Ads,Packaged Foods,Seasonal,Mumbai,Regular,48,38288.56564018023,199130,9074,2731,193,184954.62206618875,1,2520.509498730885
CMP_130,CUST_1366,2026-09-29,LinkedIn,Beverages,Awareness,Mumbai,Regular,44,58313.011346697414,204457,4542,2217,101,156133.3640023229,11,32274.35071689178
CMP_119,CUST_0764,2026-05-02,LinkedIn,Packaged Foods,Retargeting,Mumbai,Premium,53,51690.9539335759,289360,6868,3405,115,225477.99259000752,6,26288.75806892627
CMP_090,CUST_1481,2026-09-06,Email,Snacks,Seasonal,Pune,Premium,27,64063.44570785307,193890,14674,8478,1137,1749539.6348380898,4,14842.874861107937
CMP_141,CUST_0463,2026-03-14,Email,Beverages,Seasonal,Chennai,Regular,52,61105.83497100619,181222,15051,4973,647,867279.7374087471,6,11098.952582317635
CMP_060,CUST_1467,2026-08-23,Instagram,Beverages,Seasonal,Delhi,Budget,59,28402.76210563642,103616,3259,1531,74,52009.03518789238,2,2088.222411680307
CMP_015,CUST_1474,2026-06-30,Email,Beverages,Conversion,Delhi,Budget,56,14897.541568204175,34652,2722,1124,92,,4,7785.848544585164
CMP_078,CUST_0926,2026-08-13,Google Ads,Personal Care,Seasonal,Delhi,Premium,36,90920.62330156573,242118,12008,6275,470,752446.6104991279,5,9910.52614279
CMP_079,CUST_1430,2026-02-19,Meta Ads,Packaged Foods,Product Launch,Hyderabad,Budget,61,94042.37374621278,289143,7949,3195,181,140635.69902669333,1,689.0975221962451
CMP_014,CUST_0613,2026-08-13,YouTube,Packaged Foods,Awareness,Mumbai,Regular,49,29528.932618229202,97809,2153,724,38,27290.852561853924,1,1128.3132481357727
CMP_083,CUST_0176,2026-04-22,YouTube,Personal Care,Product Launch,Kolkata,Premium,58,50936.93426351726,135667,2939,956,45,48889.2394765028,8,6702.649325274199
CMP_112,CUST_0082,2026-01-06,Email,Home Care,Seasonal,Mumbai,Budget,49,90496.94598716871,365541,31969,8600,1290,1443830.9085979564,11,23587.517995408456
CMP_140,CUST_1209,2026-03-09,Meta Ads,Home Care,Product Launch,Hyderabad,Regular,41,76952.4774837077,286718,8942,3687,213,184693.9994182501,7,8714.00951523129
CMP_095,CUST_1356,2026-06-24,Google Ads,Home Care,Retargeting,Kolkata,Budget,30,89589.23736160691,334851,15752,4708,386,345364.7049757831,6,11330.49887786778
CMP_128,CUST_1156,2026-02-11,LinkedIn,Snacks,Retargeting,Chennai,Budget,46,97638.20406556423,287797,6752,2437,128,155834.97954281865,2,5084.520169144014
CMP_118,CUST_1122,2026-05-06,LinkedIn,Packaged Foods,Conversion,Mumbai,Budget,63,80561.74829287389,499854,12643,6249,260,322457.3917717135,5,7250.7548198914155
CMP_031,CUST_0961,2026-06-24,Email,Snacks,Awareness,Delhi,Budget,64,31642.175953360907,183697,13924,8244,765,782750.5090263365,11,13143.86065804642
CMP_013,CUST_1402,2026-05-01,Meta Ads,Snacks,Retargeting,Hyderabad,Budget,31,83177.81085154154,319288,8429,4527,86,66394.11160551237,9,12840.119252014383
CMP_079,CUST_0475,2026-08-26,YouTube,Home Care,Conversion,Bangalore,Premium,49,77642.70588664518,461207,9369,2417,77,73763.17729289865,11,18843.335620003832
CMP_109,CUST_1342,2026-01-23,Instagram,Home Care,Awareness,Delhi,Budget,26,9376.377675941814,31763,1099,392,18,11690.607779226075,8,9862.458455978189
CMP_064,CUST_0948,2026-06-12,Email,Personal Care,Conversion,Chennai,Premium,43,27086.03818261607,62537,4184,1077,130,203083.00852110548,11,45127.523838921035
CMP_144,CUST_1359,2026-06-24,YouTube,Beverages,Retargeting,Mumbai,Regular,43,39939.59720868858,104753,2015,917,37,28143.274131217157,8,12007.371940511579
CMP_115,CUST_0792,2026-09-02,Meta Ads,Home Care,Product Launch,Bangalore,Regular,44,39363.21765951057,170643,4769,2269,145,118099.00948508564,3,3276.555126501638
CMP_133,CUST_0682,2026-05-22,Email,Packaged Foods,Conversion,Pune,Premium,27,27721.660581262277,90244,6484,2097,285,534674.6243228521,8,22562.820748591348
CMP_127,CUST_0084,2026-09-05,LinkedIn,Beverages,Retargeting,Delhi,Budget,25,61238.931799958955,154626,3103,1262,60,58511.44843400573,9,19732.54953344092
CMP_026,CUST_0084,2026-07-15,Instagram,Home Care,Seasonal,Bangalore,Budget,35,28151.12339974257,80578,2684,1566,69,43925.721934185705,8,5326.472240802831
CMP_117,CUST_0614,2026-01-26,Instagram,Beverages,Retargeting,Chennai,Regular,34,7607.992065829231,35817,1070,640,38,36414.08718432078,2,2603.416219253669
CMP_004,CUST_1039,2026-02-22,YouTube,Snacks,Awareness,Pune,Regular,44,52661.10057790045,148910,3366,1853,56,38220.238605713326,9,10160.894579568188
CMP_132,CUST_0484,2026-02-25,LinkedIn,Home Care,Conversion,Bangalore,Regular,34,71464.19233726773,240284,5382,2598,121,174378.17184747112,7,11014.612605303613
CMP_080,CUST_0812,2026-06-13,LinkedIn,Personal Care,Product Launch,Pune,Regular,42,58445.35628482282,213272,5732,1822,92,152617.53176270038,3,7062.365487224129
CMP_017,CUST_1309,2026-01-02,Google Ads,Beverages,Conversion,Pune,Budget,62,27780.414915661215,84230,3786,1339,146,132783.09329012234,6,11518.64094910073
CMP_127,CUST_0481,2026-03-16,Google Ads,Snacks,Seasonal,Hyderabad,Budget,25,6751.51305584291,15336,780,300,26,21370.228525094113,5,8202.519631450621
CMP_074,CUST_1099,2026-04-07,Google Ads,Personal Care,Product Launch,Mumbai,Premium,46,64816.1997405998,259724,11773,3045,196,329857.7415011971,8,28534.944309775947
CMP_105,CUST_0776,2026-03-04,Google Ads,Beverages,Conversion,Delhi,Premium,38,79398.87716415923,279490,15734,5867,418,735996.668817155,2,3686.912703916734
CMP_042,CUST_0487,2026-03-20,Instagram,Packaged Foods,Retargeting,Chennai,Premium,37,69346.59080624493,259884,8395,3375,230,302230.50718330446,2,2845.8541262047283
CMP_119,CUST_0527,2026-06-01,Google Ads,Beverages,Conversion,Pune,Premium,56,30698.723626717758,106603,5070,2286,170,236156.53757964188,7,12187.913088917514
CMP_094,CUST_0451,2026-04-24,Meta Ads,Packaged Foods,Conversion,Bangalore,Regular,40,22882.362973004307,71526,2886,1456,78,67262.2236199301,10,11366.094817289317
CMP_071,CUST_0397,2026-03-15,Meta Ads,Packaged Foods,Awareness,Kolkata,Premium,41,75569.13646248395,374372,9344,3497,190,198609.38726577724,5,8256.825504272889
CMP_036,CUST_1477,2026-08-13,YouTube,Packaged Foods,Conversion,Mumbai,Budget,64,51874.00536962288,344092,7190,2814,87,53930.08842419823,11,10301.34166584187
CMP_050,CUST_0816,2026-07-20,Google Ads,Packaged Foods,Seasonal,Bangalore,Premium,46,65785.63090769577,286490,14828,6306,425,600962.8170701069,5,15290.937866621287
CMP_005,CUST_0471,2026-01-02,LinkedIn,Snacks,Retargeting,Delhi,Budget,22,84448.42317971522,217783,6955,3156,145,129493.28535111297,11,16702.474429585884
CMP_109,CUST_0218,2026-03-17,YouTube,Beverages,Retargeting,Bangalore,Budget,45,15617.764365264702,36207,539,298,6,3245.4980931732653,7,7581.153341028385
CMP_028,CUST_0185,2026-05-10,Meta Ads,Home Care,Seasonal,Bangalore,Premium,31,14281.286229426149,33875,1051,618,38,47568.12794909074,5,14984.423589028804
CMP_097,CUST_1022,2026-09-26,Google Ads,Home Care,Awareness,Hyderabad,Premium,60,69522.29186519713,221800,11809,4019,293,505806.605145439,4,13392.564933551665
CMP_146,CUST_1278,2026-01-10,Meta Ads,Snacks,Seasonal,Kolkata,Regular,58,37003.53984679408,264803,10765,4124,255,256921.9103182279,8,13525.369142845455
CMP_144,CUST_1466,2026-03-29,LinkedIn,Home Care,Conversion,Bangalore,Premium,34,18533.736703776565,58612,1516,466,28,45540.28576592841,7,31309.34817277606
CMP_069,CUST_0237,2026-07-16,YouTube,Beverages,Retargeting,Pune,Regular,61,83203.1497806518,215278,3594,1664,75,62154.12642028476,11,19114.910910726812
CMP_117,CUST_1372,2026-06-29,YouTube,Beverages,Seasonal,Chennai,Regular,27,57828.95070356107,157575,2595,1382,35,22436.46694846568,9,13805.771553479524
CMP_119,CUST_0204,2026-02-26,LinkedIn,Personal Care,Product Launch,Mumbai,Budget,25,40721.04978634594,97916,2089,991,41,51271.624125480485,5,6831.081920852619
CMP_074,CUST_0490,2026-09-05,YouTube,Personal Care,Product Launch,Hyderabad,Regular,61,78927.7914657492,189556,4088,2100,55,35189.33682721524,11,9997.218515277607
CMP_010,CUST_0190,2026-01-12,Google Ads,Home Care,Seasonal,Mumbai,Premium,39,73611.05203243578,479177,25647,12285,901,1289511.076314319,4,12982.136323641089
CMP_099,CUST_1451,2026-07-09,Meta Ads,Snacks,Retargeting,Hyderabad,Premium,46,40126.66756775906,184222,5131,1839,103,142302.98846557495,6,9555.596237000798
CMP_024,CUST_0338,2026-04-13,LinkedIn,Beverages,Conversion,Kolkata,Regular,59,30244.052189617956,87876,2194,861,45,65210.49216023441,6,10443.54829086821
CMP_139,CUST_0385,2026-04-22,Meta Ads,Snacks,Awareness,Hyderabad,Premium,38,99266.02631293098,224906,6910,2724,185,240763.77535115462,1,2272.9996153976363
CMP_014,CUST_0778,2026-03-07,Meta Ads,Personal Care,Awareness,Chennai,Budget,24,75821.01771302511,239022,8306,4367,227,147186.58579964968,9,9233.874614155415
CMP_103,CUST_0086,2026-07-13,LinkedIn,Beverages,Retargeting,Kolkata,Budget,60,89783.95263885465,268370,5455,1848,66,60329.863279933634,5,7888.553693686415
CMP_043,CUST_0414,2026-02-09,LinkedIn,Personal Care,Retargeting,Hyderabad,Premium,26,88659.22703614722,345305,9703,4644,209,376196.83976332337,2,4797.5938155336235
CMP_139,CUST_0233,2026-08-31,Meta Ads,Home Care,Conversion,Delhi,Regular,57,99466.85289131064,365589,8579,2593,161,171415.39396300542,11,12941.07350839876
CMP_128,CUST_0601,2026-03-28,YouTube,Snacks,Seasonal,Hyderabad,Regular,22,64262.78290640109,146849,3586,1310,37,29421.18257519086,4,4992.028991362453
CMP_017,CUST_0066,2026-08-20,YouTube,Home Care,Seasonal,Mumbai,Budget,32,57009.60235060493,436064,5102,1944,77,39488.3781890296,10,11070.812863377512
CMP_080,CUST_0488,2026-08-19,LinkedIn,Personal Care,Conversion,Kolkata,Regular,30,10419.117232506846,36351,1076,355,18,22600.523450886027,7,12503.342822025139
CMP_138,CUST_0515,2026-02-07,Meta Ads,Personal Care,Conversion,Delhi,Budget,30,26705.937059054464,60915,1895,590,46,33038.66256423712,2,2057.130162810988
CMP_144,CUST_0241,2026-04-22,Meta Ads,Packaged Foods,Retargeting,Mumbai,Budget,22,44552.04578650973,317482,8209,2727,170,114009.93567765073,5,4269.952846356165
CMP_149,CUST_1376,2026-07-25,YouTube,Packaged Foods,Retargeting,Kolkata,Premium,59,91075.51364310524,480622,9113,4479,152,149005.0781658894,5,8729.881526705585
CMP_024,CUST_0298,2026-07-07,Email,Beverages,Conversion,Hyderabad,Premium,28,81386.10879848036,223728,19622,8559,656,1325972.7408275672,3,9380.775616855286
CMP_053,CUST_1120,2026-08-20,Instagram,Packaged Foods,Retargeting,Mumbai,Premium,20,90829.78417150468,457790,14921,4408,315,347642.5203066983,9,24509.80748513367
CMP_096,CUST_0984,2026-07-14,Google Ads,Beverages,Product Launch,Bangalore,Regular,55,61599.63992544806,311938,14585,5465,290,363745.9532109937,4,5277.194454544223
CMP_003,CUST_0672,2026-01-30,YouTube,Snacks,Retargeting,Kolkata,Premium,43,15932.783374881265,90108,2163,1002,20,18226.200699108573,5,6029.301546832911
CMP_088,CUST_1149,2026-07-16,Google Ads,Beverages,Seasonal,Bangalore,Budget,53,63114.28259574229,463674,20859,11784,788,554896.2535375238,8,7121.035330488532
CMP_020,CUST_0418,2026-02-20,Email,Personal Care,Awareness,Delhi,Regular,34,88744.09577244648,295309,28027,13008,1114,1218813.6249268577,11,20812.562344732065
CMP_138,CUST_0704,2026-03-01,Instagram,Home Care,Conversion,Mumbai,Budget,58,6964.131434550569,38758,1341,397,23,17014.73790587197,2,1414.2193217467448
CMP_139,CUST_1367,2026-04-24,Instagram,Home Care,Retargeting,Delhi,Premium,49,19909.570634055446,71958,2533,810,53,54568.340516774006,4,5926.202271360872
CMP_143,CUST_0551,2026-04-12,Google Ads,Packaged Foods,Conversion,Kolkata,Budget,49,81929.55225565191,387176,14805,7338,537,513398.1145793468,4,7813.579096624341
CMP_023,CUST_0737,2026-05-24,Instagram,Packaged Foods,Retargeting,Delhi,Budget,58,6527.733190401135,19950,846,238,7,3965.410422274567,3,3536.353565248482
CMP_011,CUST_0563,2026-09-04,Meta Ads,Home Care,Awareness,Pune,Regular,25,67597.92660396652,187300,4450,1633,110,96939.19608810423,5,8543.676748005011
CMP_100,CUST_0704,2026-07-13,LinkedIn,Packaged Foods,Conversion,Delhi,Premium,43,61994.740305837135,455845,15161,7582,300,660985.7225225959,9,15853.281351183412
CMP_120,CUST_1366,2026-01-14,YouTube,Packaged Foods,Seasonal,Kolkata,Budget,40,91927.5846101475,226683,4018,1781,54,31802.069502787013,8,4531.260874734673
CMP_011,CUST_1075,2026-08-17,Instagram,Home Care,Product Launch,Hyderabad,Premium,19,65964.50064558769,382552,13188,5703,358,420262.2693522207,8,9830.19193100501
CMP_135,CUST_0203,2026-06-08,LinkedIn,Packaged Foods,Seasonal,Delhi,Budget,45,35025.9703104215,87781,1704,1000,63,58169.721602308244,5,11602.950249708321
CMP_071,CUST_0031,2026-04-04,LinkedIn,Personal Care,Seasonal,Hyderabad,Regular,48,59290.32623271289,175910,4034,1221,68,92088.86283947944,4,10621.803984026656
CMP_141,CUST_1192,2026-04-26,YouTube,Personal Care,Retargeting,Bangalore,Regular,49,45574.85513683706,143707,3162,1415,67,52477.102550564116,11,6621.885374490657
CMP_005,CUST_0524,2026-08-21,Google Ads,Home Care,Conversion,Pune,Premium,36,16632.199956317287,61927,3174,832,74,113777.032570579,6,20448.990251436284
CMP_037,CUST_0577,2026-03-20,YouTube,Beverages,Awareness,Hyderabad,Regular,56,26511.73742437066,124400,2486,641,39,34038.11113602129,11,19889.792654096993
CMP_083,CUST_0929,2026-08-01,Google Ads,Beverages,Seasonal,Kolkata,Budget,51,85768.82412844448,234402,8839,3964,234,215702.9546460462,1,1400.1739967999483
CMP_038,CUST_0577,2026-07-10,LinkedIn,Home Care,Seasonal,Bangalore,Budget,60,40455.5923083656,256720,7091,2401,155,177098.24111450606,4,4473.815640563904
CMP_029,CUST_0169,2026-01-15,Instagram,Snacks,Product Launch,Mumbai,Regular,42,71179.18459518002,193332,6203,3515,169,157765.32177659555,2,2374.968734304585
CMP_116,CUST_0556,2026-03-01,Meta Ads,Home Care,Product Launch,Mumbai,Premium,64,12093.721656011716,37630,945,342,23,30669.349751154645,2,5093.978328053102
CMP_104,CUST_0279,2026-09-07,Email,Home Care,Retargeting,Bangalore,Regular,50,31729.63535446456,77270,6592,1654,68,82170.52746859632,6,11080.462288670207
CMP_066,CUST_1107,2026-01-24,Instagram,Home Care,Seasonal,Hyderabad,Regular,55,7682.957221346181,30067,1033,386,26,,4,4442.993188594472
CMP_142,CUST_0803,2026-04-27,YouTube,Home Care,Conversion,Hyderabad,Premium,19,93809.92261008022,218500,4064,1416,37,32495.75244213257,9,18898.326144733535
CMP_043,CUST_0262,2026-03-20,Meta Ads,Personal Care,Seasonal,Chennai,Budget,63,11457.48295822335,26571,905,285,17,12610.163851384395,8,4376.6069930090125
CMP_006,CUST_0767,2026-01-11,Google Ads,Personal Care,Awareness,Chennai,Budget,58,10817.842382632833,52365,2069,981,61,56659.947396385774,11,11368.69672287603
CMP_131,CUST_1277,2026-01-24,Instagram,Packaged Foods,Retargeting,Bangalore,Premium,24,24599.14683233707,65328,2214,946,46,57635.93345428977,6,5606.492152522951
CMP_014,CUST_1073,2026-02-03,Meta Ads,Packaged Foods,Seasonal,Mumbai,Budget,47,77150.42441342876,173606,5206,1796,103,81212.28370222123,9,10561.983360278879
CMP_022,CUST_0154,2026-05-16,YouTube,Packaged Foods,Retargeting,Delhi,Premium,60,61319.82534773195,175442,2655,1007,32,37517.37182670001,11,23129.813263133092
CMP_128,CUST_0033,2026-05-25,LinkedIn,Home Care,Product Launch,Mumbai,Budget,38,41413.843096972414,130148,4042,1696,53,51967.67957949574,11,25604.179617033427
CMP_016,CUST_1490,2026-08-22,YouTube,Packaged Foods,Seasonal,Mumbai,Regular,54,81071.90959954736,575259,11192,6354,178,135300.18533829204,9,16231.267940850612
CMP_145,CUST_0239,2026-03-12,Meta Ads,Home Care,Product Launch,Kolkata,Premium,40,36583.48705205307,93367,2775,875,50,52750.026457801665,5,12422.813164277624
CMP_147,CUST_0034,2026-07-30,Email,Home Care,Retargeting,Delhi,Regular,40,93338.80485652057,615552,54640,19284,1687,1853304.5056787678,7,19049.957794533733
CMP_002,CUST_0888,2026-09-27,LinkedIn,Beverages,Product Launch,Pune,Premium,57,32309.448265735766,86084,1378,776,36,81310.52261200955,8,33057.31865111718
CMP_108,CUST_0317,2026-02-26,Instagram,Packaged Foods,Awareness,Mumbai,Budget,60,99706.05257504959,238468,7925,3214,149,81161.5531057418,8,12237.075418797302
CMP_137,CUST_0829,2026-05-01,Google Ads,Personal Care,Conversion,Kolkata,Budget,18,41006.0617172973,94659,3299,1030,97,69616.24685778406,3,2790.486875519559
CMP_148,CUST_0165,2026-08-14,YouTube,Packaged Foods,Awareness,Mumbai,Premium,42,47859.13405394563,212439,4324,1555,68,62141.08064721622,11,21912.12651255977
CMP_018,CUST_0972,2026-04-14,Instagram,Home Care,Conversion,Chennai,Premium,36,62205.15623664591,280119,11150,4252,220,247821.51303701138,11,27067.91314188561
CMP_089,CUST_0650,2026-09-07,Instagram,Beverages,Seasonal,Kolkata,Budget,36,6026.631213039533,21330,764,292,15,9494.191194435572,11,15540.61427742273
CMP_134,CUST_0019,2026-01-24,Email,Home Care,Conversion,Hyderabad,Regular,26,11640.142795210359,40985,3078,1259,146,205960.8836172905,4,5549.189744690158
CMP_083,CUST_0968,2026-07-30,Instagram,Beverages,Conversion,Bangalore,Budget,30,56569.05548899082,238604,7889,3172,151,85235.86981423548,6,8860.751432923329
CMP_037,CUST_1396,2026-02-11,LinkedIn,Personal Care,Awareness,Delhi,Regular,59,72735.23774823833,218556,6051,2487,117,165841.44081926506,6,12375.714104710696
CMP_053,CUST_0152,2026-09-11,YouTube,Beverages,Product Launch,Hyderabad,Budget,51,17475.814052277354,110924,2026,987,40,26875.10948089958,5,3601.0983124458526
CMP_094,CUST_1458,2026-04-06,Email,Beverages,Retargeting,Mumbai,Premium,32,19585.738889697786,49764,4658,1860,217,323622.98481013975,9,25610.467394799285
CMP_136,CUST_0085,2026-07-16,LinkedIn,Beverages,Conversion,Bangalore,Regular,37,99192.33498663851,415810,9529,3014,155,248921.4440274394,4,10255.981926796518
CMP_099,CUST_0698,2026-07-28,YouTube,Packaged Foods,Conversion,Chennai,Budget,50,5890.92993991851,26463,661,236,5,2784.5748670772327,3,2604.0965722741653
CMP_015,CUST_0664,2026-03-31,Email,Snacks,Retargeting,Pune,Regular,53,96250.14245740566,658588,59492,24416,2233,2659753.8443760322,5,9096.017631967206
CMP_100,CUST_1171,2026-08-31,Meta Ads,Personal Care,Retargeting,Chennai,Regular,57,45809.9748356883,181591,5653,1639,78,62428.36733367282,6,8703.304754053303
CMP_055,CUST_0971,2026-09-16,Email,Beverages,Retargeting,Kolkata,Budget,27,24068.474197568226,138099,11441,6375,823,896027.052156452,2,1670.823147405422
CMP_084,CUST_0209,2026-02-21,YouTube,Beverages,Awareness,Kolkata,Premium,46,30524.364602628502,93088,1562,795,28,30306.09383340364,6,8636.767928629972
CMP_118,CUST_0162,2026-04-13,Meta Ads,Beverages,Conversion,Kolkata,Premium,29,54169.34752853424,336851,10358,2897,168,190628.25495911608,1,2080.0486531896404
CMP_056,CUST_0565,2026-07-19,Google Ads,Snacks,Conversion,Pune,Regular,40,35327.535058929105,149398,7764,4501,326,343779.7942423539,8,15095.212687462485
CMP_008,CUST_0817,2026-07-04,Meta Ads,Beverages,Awareness,Pune,Premium,26,99944.81226305147,365212,11274,5056,254,317834.1307836837,1,1591.3429719338712
CMP_062,CUST_0732,2026-08-01,Meta Ads,Snacks,Conversion,Mumbai,Regular,30,53480.83823039096,134579,4473,1440,87,80894.86194851945,2,2606.5863053178314
CMP_083,CUST_0555,2026-09-09,LinkedIn,Packaged Foods,Product Launch,Pune,Premium,45,58460.79604910618,209105,6307,2457,118,217721.03083680893,11,20556.641207368855
CMP_068,CUST_1248,2026-08-04,LinkedIn,Packaged Foods,Retargeting,Chennai,Regular,37,78559.55480757011,327875,8829,4320,257,337763.4113746509,8,17928.556245413212
CMP_090,CUST_0994,2026-08-21,Instagram,Packaged Foods,Conversion,Pune,Budget,19,94351.45296839194,623267,25673,7972,429,259234.67182913813,6,3481.310029763323
CMP_104,CUST_1142,2026-02-07,YouTube,Packaged Foods,Product Launch,Kolkata,Regular,44,66392.38042122978,203732,4010,1140,42,36897.01599236307,6,10635.813046769501
CMP_068,CUST_1465,2026-09-10,Instagram,Personal Care,Seasonal,Pune,Regular,21,52763.751795109776,140468,3823,2292,123,106788.16159384733,4,8262.897935602952
CMP_088,CUST_0922,2026-07-01,Instagram,Beverages,Retargeting,Hyderabad,Budget,33,95398.62092279694,305679,10282,3409,246,152136.45927071973,3,4647.511737505274
CMP_087,CUST_1163,2026-02-12,YouTube,Personal Care,Conversion,Chennai,Budget,24,60335.75086549787,247269,3191,827,29,17000.718306088824,1,1090.6757705342145
CMP_007,CUST_1015,2026-08-11,Google Ads,Packaged Foods,Awareness,Mumbai,Regular,18,93217.51687000578,664832,32224,17738,903,1142952.2519765585,5,6572.444167465085
CMP_074,CUST_0430,2026-07-09,LinkedIn,Beverages,Retargeting,Mumbai,Premium,45,42034.92166564721,132162,3169,1752,122,273335.02905178536,2,4709.429349111637
CMP_118,CUST_0606,2026-07-17,LinkedIn,Home Care,Awareness,Delhi,Budget,21,38422.57049998215,128835,3804,1912,64,69808.46732727264,1,1610.6442692619023
CMP_078,CUST_1021,2026-07-13,Email,Personal Care,Product Launch,Chennai,Budget,60,39577.72644600549,114242,4631,2586,261,217469.84136026702,4,3977.835441056209
CMP_125,CUST_1140,2026-06-06,Email,Personal Care,Retargeting,Chennai,Premium,29,80115.69914499998,548324,34249,16402,2404,3879810.812295363,1,2178.2105112545623
CMP_084,CUST_0698,2026-01-12,Email,Snacks,Retargeting,Mumbai,Budget,22,62116.93688835115,275851,26581,13268,1035,861274.6852674058,7,11174.233089498946
CMP_120,CUST_0631,2026-01-22,LinkedIn,Home Care,Conversion,Mumbai,Regular,53,22379.498478387548,161205,3749,1483,100,122465.21391431522,10,34302.39382596577
CMP_084,CUST_0705,2026-07-07,LinkedIn,Home Care,Product Launch,Mumbai,Regular,36,59608.655285728244,157056,3423,1242,70,96745.51535001447,10,28593.225484707873
CMP_064,CUST_0286,2026-01-23,YouTube,Beverages,Seasonal,Pune,Premium,64,81800.9025640959,248352,3830,1885,57,56205.97321957681,3,4917.1839670672925
CMP_054,CUST_0745,2026-05-30,Instagram,Beverages,Conversion,Bangalore,Regular,50,81426.82322214413,212521,7057,1946,97,85265.8632415148,4,8378.314700337147
CMP_114,CUST_1332,2026-05-04,LinkedIn,Beverages,Product Launch,Kolkata,Regular,47,24635.619282588075,57291,1651,898,35,51911.715845711275,1,2602.1567865968645
CMP_100,CUST_1175,2026-05-16,Email,Packaged Foods,Conversion,Delhi,Regular,38,31171.752770070514,86926,8785,3715,434,484867.36689022864,8,9073.862567617842
CMP_044,CUST_0219,2026-03-06,Meta Ads,Packaged Foods,Retargeting,Kolkata,Premium,59,82104.93333970493,433397,12156,6745,402,447664.3377976356,5,8820.292781388183
CMP_090,CUST_0842,2026-06-26,Google Ads,Beverages,Conversion,Hyderabad,Regular,19,89880.2103588486,525034,21361,9325,737,953111.9376520675,2,4723.222794256889
CMP_003,CUST_1380,2026-08-16,Instagram,Packaged Foods,Seasonal,Hyderabad,Budget,57,38998.805241172115,97204,3703,1189,55,41183.789725950795,9,9793.79371487884
CMP_088,CUST_0666,2026-04-17,Instagram,Beverages,Product Launch,Kolkata,Premium,40,25618.617892562754,79706,2170,622,15,15636.678111491556,8,18232.999090929392
CMP_084,CUST_0465,2026-05-14,YouTube,Snacks,Product Launch,Kolkata,Regular,58,16649.662541915837,123207,1853,629,17,13053.761570382178,1,1844.3184583964912
CMP_034,CUST_1498,2026-07-17,Email,Packaged Foods,Conversion,Mumbai,Budget,37,71587.72625651021,373799,21266,7048,673,548704.9750872446,5,5684.761736212603
CMP_120,CUST_1221,2026-03-10,Google Ads,Snacks,Retargeting,Chennai,Premium,40,81813.11163288845,183143,9986,3811,168,213270.25513772678,1,1638.6643901877535
CMP_106,CUST_0072,2026-02-26,Meta Ads,Packaged Foods,Awareness,Delhi,Premium,25,73425.78977081472,203019,6422,2788,89,109943.46401511374,2,2743.57796996432
CMP_077,CUST_1152,2026-07-03,Meta Ads,Personal Care,Awareness,Mumbai,Budget,40,77720.48152765668,273937,5644,1437,63,43359.71582764802,7,8249.393442653998
CMP_031,CUST_0639,2026-08-21,YouTube,Home Care,Product Launch,Chennai,Premium,28,66363.77754134573,185415,4327,1712,54,54987.647691537524,7,13654.384512634564
CMP_037,CUST_1412,2026-03-20,YouTube,Home Care,Product Launch,Hyderabad,Premium,31,6050.5174882711835,21132,488,249,5,5121.501694832171,2,5015.043046047398
CMP_127,CUST_0216,2026-04-26,LinkedIn,Personal Care,Seasonal,Mumbai,Premium,35,32049.160330115323,254814,7354,3794,126,263069.4609034322,5,22896.143162598302
CMP_005,CUST_0317,2026-09-08,Email,Packaged Foods,Conversion,Kolkata,Budget,29,42801.74933558046,111708,10384,2691,334,319849.0385743442,5,10846.254065584715
CMP_042,CUST_1053,2026-03-26,Meta Ads,Personal Care,Product Launch,Mumbai,Premium,35,91495.46243253181,411942,9783,2826,170,233563.21726511736,7,13291.731298058005
CMP_022,CUST_0749,2026-07-22,Google Ads,Personal Care,Conversion,Chennai,Budget,32,68511.27848770081,457973,20351,11407,897,838140.2522735451,5,7662.64853210545
CMP_020,CUST_0762,2026-01-17,Meta Ads,Snacks,Product Launch,Hyderabad,Budget,50,87022.58780488976,200433,5107,1320,59,41409.35563710527,6,6776.422813997428
CMP_015,CUST_0471,2026-06-08,Google Ads,Snacks,Seasonal,Kolkata,Regular,47,64973.57090964108,154920,7204,2513,192,184914.95161453143,11,14052.4471898206
CMP_029,CUST_0648,2026-03-03,Instagram,Beverages,Seasonal,Hyderabad,Regular,56,66849.40474767363,161831,5744,1606,82,65043.69502077847,10,16332.059336338942
CMP_099,CUST_0471,2026-08-09,YouTube,Home Care,Seasonal,Hyderabad,Budget,41,53381.27439439449,261531,5092,2577,73,44524.985168840394,10,13789.544890361687
CMP_091,CUST_1293,2026-06-12,YouTube,Home Care,Awareness,Pune,Regular,20,92418.84966616052,222344,4061,2015,80,66943.44550138104,9,6649.693194307246
CMP_145,CUST_0745,2026-05-31,Meta Ads,Packaged Foods,Product Launch,Pune,Premium,21,58899.83924155279,162328,4829,2815,127,141754.0680284845,5,5780.608776182205
CMP_132,CUST_0678,2026-04-14,Meta Ads,Personal Care,Awareness,Chennai,Budget,29,18725.660441714845,48601,1889,741,38,26986.46190719801,2,2048.463105071764
CMP_077,CUST_0509,2026-03-16,Email,Snacks,Retargeting,Pune,Budget,38,89123.02532056415,237371,17911,4905,512,555140.494297239,2,4300.40177312962
CMP_122,CUST_0142,2026-08-06,Meta Ads,Packaged Foods,Awareness,Hyderabad,Budget,61,19862.273368714825,112528,3333,908,47,33714.10248301718,8,6211.893087396455
CMP_034,CUST_1358,2026-01-20,Google Ads,Personal Care,Retargeting,Pune,Regular,46,77165.41152370062,228818,9347,2847,269,312128.8574145753,4,5496.2541818161335
CMP_053,CUST_0082,2026-02-03,Meta Ads,Snacks,Awareness,Delhi,Budget,40,28391.495360712895,73136,2133,942,57,39457.86792952019,9,11512.294183468086
CMP_091,CUST_0653,2026-02-08,LinkedIn,Home Care,Awareness,Mumbai,Premium,54,89041.47776475063,450899,9634,5258,339,732517.8900660133,6,21061.042530291266
CMP_015,CUST_0998,2026-09-11,Instagram,Home Care,Seasonal,Chennai,Budget,47,7787.972254584453,59900,1791,1023,51,32234.825644074826,11,14682.46850285724
CMP_017,CUST_0715,2026-01-15,LinkedIn,Snacks,Conversion,Pune,Budget,20,39512.23888541279,100903,2707,809,36,43051.656092811885,10,14195.131633437739
CMP_119,CUST_0120,2026-03-30,Email,Personal Care,Retargeting,Bangalore,Premium,54,69392.75179102886,204082,14926,4940,458,831417.9773027368,6,13277.024436803871
CMP_069,CUST_1299,2026-09-06,LinkedIn,Home Care,Retargeting,Mumbai,Premium,50,74916.21131899592,167984,3995,1953,78,156135.068917563,5,10225.487166554167
CMP_115,CUST_0828,2026-09-07,LinkedIn,Snacks,Retargeting,Chennai,Budget,58,47109.58766490628,166589,3632,1961,106,101911.40307809762,2,4224.501703939912
CMP_065,CUST_1080,2026-01-15,Meta Ads,Snacks,Conversion,Chennai,Budget,34,74048.24757397265,229372,6981,2295,136,88498.00620106007,11,15851.085138953951
CMP_107,CUST_1403,2026-09-24,Google Ads,Personal Care,Conversion,Kolkata,Regular,30,23687.994871332772,85394,4132,1085,76,77694.36130455363,8,15571.296446459077
CMP_004,CUST_0278,2026-07-01,Email,Snacks,Awareness,Mumbai,Regular,43,84034.67901121339,628326,57566,22386,2828,3388595.9516472653,11,14532.8583501368
CMP_117,CUST_1095,2026-07-21,Meta Ads,Snacks,Conversion,Hyderabad,Regular,20,98158.1057087697,550519,13317,4953,239,241851.47573119221,8,15121.808771179238
CMP_126,CUST_0818,2026-04-17,LinkedIn,Packaged Foods,Product Launch,Bangalore,Budget,18,74192.74633443935,235554,7044,2349,90,103967.84830870594,1,1367.4993944988316
CMP_145,CUST_1352,2026-07-17,Meta Ads,Personal Care,Product Launch,Chennai,Budget,26,36806.99548940381,196677,4625,2472,201,121433.82410920147,11,11836.118279657861
CMP_101,CUST_0724,2026-05-30,Instagram,Beverages,Product Launch,Pune,Premium,33,43699.44013037967,149381,5652,2329,128,160676.71606599676,6,16569.94496672503
CMP_045,CUST_0889,2026-06-18,YouTube,Home Care,Product Launch,Bangalore,Budget,34,56502.54889569468,209321,5157,1387,34,16822.664316165166,11,8798.028295049047
CMP_032,CUST_1394,2026-02-20,Meta Ads,Packaged Foods,Conversion,Kolkata,Budget,27,41328.57499466077,162695,4701,1419,63,43092.10816350391,7,11356.903234891242
CMP_092,CUST_1097,2026-09-18,Meta Ads,Home Care,Retargeting,Hyderabad,Premium,29,98025.85347158584,444942,12031,4742,222,251906.27056290404,1,2694.650254407309
CMP_033,CUST_1126,2026-06-23,Meta Ads,Beverages,Retargeting,Kolkata,Premium,48,46891.882737704516,123576,3152,965,48,56124.95500946975,6,7088.131170439909
CMP_026,CUST_0626,2026-09-04,Email,Beverages,Retargeting,Bangalore,Regular,23,86879.2822239025,295330,25041,7613,710,806588.0120123954,4,8118.814462390355
CMP_037,CUST_0862,2026-07-28,YouTube,Beverages,Conversion,Bangalore,Budget,61,65773.34459622513,261700,4294,1614,49,30312.281174967087,9,7807.03321692631
CMP_011,CUST_0187,2026-03-19,Google Ads,Snacks,Awareness,Delhi,Budget,48,79123.9735841313,555447,23244,13257,1008,806558.0288939773,7,11556.9742978529
CMP_138,CUST_1382,2026-07-29,Email,Snacks,Seasonal,Chennai,Regular,20,26091.773748402433,128313,10746,4748,507,653335.4885696027,8,22553.67676981648
CMP_135,CUST_0573,2026-01-14,Instagram,Snacks,Conversion,Bangalore,Premium,31,34040.67423175489,129074,4714,1486,68,72734.01094416145,7,7315.410328556496
CMP_114,CUST_0008,2026-09-12,Email,Personal Care,Seasonal,Hyderabad,Premium,63,66192.01087176468,159550,13324,5517,673,1295965.129053664,11,31016.75021572193
CMP_092,CUST_0803,2026-03-03,YouTube,Personal Care,Conversion,Mumbai,Budget,37,21548.146125045914,67599,1413,722,26,15412.655117937675,2,2528.831763883013
CMP_059,CUST_1199,2026-03-01,Meta Ads,Home Care,Product Launch,Kolkata,Regular,25,13522.181806229457,60631,1498,808,36,28384.08195667735,11,16227.805370196309
CMP_110,CUST_1196,2026-02-27,Email,Packaged Foods,Seasonal,Mumbai,Regular,32,36569.26113488365,101843,8196,4655,451,498737.4508132726,5,7537.3161656959355
CMP_122,CUST_1338,2026-07-23,YouTube,Packaged Foods,Retargeting,Kolkata,Premium,51,26424.156170522754,84077,1713,550,19,22626.921287750294,10,10221.736758549174
CMP_026,CUST_0075,2026-03-31,YouTube,Packaged Foods,Product Launch,Chennai,Budget,61,62646.29345344398,412451,7666,3684,157,76931.81610717354,3,2191.7811568890033
CMP_057,CUST_0012,2026-06-23,Instagram,Snacks,Product Launch,Kolkata,Regular,60,16383.029645267943,90883,3740,1620,62,59743.8936560832,9,10716.408008954511
CMP_093,CUST_0990,2026-05-01,Meta Ads,Beverages,Seasonal,Delhi,Regular,23,87083.09186605,359273,12510,3225,154,146948.09794395024,3,4759.319142987942
CMP_141,CUST_0672,2026-06-20,Email,Home Care,Conversion,Chennai,Regular,63,69354.82559871179,186347,15093,7430,876,1297632.9529972514,6,13443.71623303953
CMP_052,CUST_1022,2026-08-21,Email,Personal Care,Retargeting,Kolkata,Premium,45,86482.1804649937,275125,18517,5275,720,1230805.0211174937,3,6708.596347601561
CMP_028,CUST_0257,2026-09-05,Meta Ads,Home Care,Product Launch,Kolkata,Regular,23,50208.15704596698,131440,4876,1616,55,46865.190458442106,11,12636.253686624905
CMP_113,CUST_1022,2026-09-22,YouTube,Personal Care,Conversion,Hyderabad,Regular,23,87563.24395992573,630326,11640,3065,112,83696.09671567497,5,6521.608748992739
CMP_005,CUST_0860,2026-03-13,YouTube,Personal Care,Seasonal,Delhi,Budget,34,72493.52798077179,219600,5077,2293,78,40060.13712789086,4,4776.723031253113
CMP_067,CUST_0102,2026-09-28,YouTube,Personal Care,Awareness,Delhi,Premium,19,22947.36355209872,52511,905,372,16,13866.234914288565,1,2441.194689904355
CMP_030,CUST_0850,2026-05-09,Instagram,Snacks,Conversion,Kolkata,Regular,41,61017.52069376309,258581,8163,3944,243,182484.35234956397,11,18537.273573328664
CMP_065,CUST_1179,2026-08-03,Meta Ads,Home Care,Product Launch,Delhi,Budget,44,45216.52473423247,220861,6219,2711,136,100824.4926520931,7,8156.964700494664
CMP_042,CUST_0761,2026-04-20,LinkedIn,Home Care,Conversion,Pune,Budget,55,62864.8866764381,223857,7121,2390,138,168421.65439176775,8,18115.96774516663
CMP_028,CUST_1084,2026-04-04,Google Ads,Packaged Foods,Seasonal,Delhi,Regular,28,51194.172890059854,189312,7904,2035,109,117341.81327223561,10,22837.269350507322
CMP_047,CUST_1373,2026-05-08,YouTube,Snacks,Awareness,Delhi,Regular,40,34125.1437895647,187626,3439,1614,57,48051.56334787379,3,4530.311817865214
CMP_148,CUST_0720,2026-02-27,YouTube,Snacks,Product Launch,Kolkata,Regular,62,6009.256507284615,20496,428,209,8,7080.615016507086,11,13681.976599516507
CMP_101,CUST_0351,2026-02-11,LinkedIn,Home Care,Product Launch,Delhi,Budget,63,61635.56519500045,138604,4313,2378,141,138249.29181406324,1,2030.7746978300947
CMP_138,CUST_1096,2026-05-17,LinkedIn,Personal Care,Conversion,Pune,Premium,31,66741.98289759112,172191,4315,1433,82,175730.11394588315,5,20165.373938693258
CMP_085,CUST_0650,2026-04-23,Email,Packaged Foods,Conversion,Mumbai,Budget,40,54571.5691351257,393868,37204,21864,3063,2574727.37743932,6,6545.738777528935
CMP_017,CUST_1349,2026-08-01,Google Ads,Packaged Foods,Conversion,Pune,Budget,53,26548.305711480047,96051,3869,2149,139,110324.4432817849,7,5215.025318506797
CMP_093,CUST_1365,2026-07-20,Meta Ads,Packaged Foods,Conversion,Chennai,Premium,56,86826.7259885411,435710,15058,5805,324,337348.63420003926,10,26271.28419786726
CMP_025,CUST_1386,2026-02-05,Email,Snacks,Retargeting,Bangalore,Premium,62,49365.72784425728,291832,23700,11505,1719,3451395.499677219,3,5309.355406668805
CMP_116,CUST_0511,2026-09-19,Instagram,Snacks,Retargeting,Bangalore,Budget,54,47129.666818959246,135818,4909,2042,75,57293.64085743826,1,531.9058264389826
CMP_022,CUST_0307,2026-09-17,Meta Ads,Personal Care,Seasonal,Pune,Premium,39,41169.58527552903,220627,7420,4158,288,403212.00686901336,11,20665.870812735146
CMP_108,CUST_1273,2026-04-17,Google Ads,Beverages,Awareness,Kolkata,Premium,55,7132.948666498541,31084,1446,635,53,76168.62393311206,10,17380.135508386054
CMP_087,CUST_0136,2026-05-02,LinkedIn,Packaged Foods,Seasonal,Chennai,Budget,25,32666.839135985163,79503,2071,938,59,62716.63591635188,1,2259.8226138180717
CMP_077,CUST_0090,2026-09-29,LinkedIn,Personal Care,Product Launch,Pune,Premium,42,43299.04555633249,270185,6547,3417,150,265130.77928785654,7,31348.72274819217
CMP_096,CUST_0319,2026-01-19,Google Ads,Snacks,Seasonal,Mumbai,Budget,45,79277.78962615885,300793,15176,4324,396,340173.3245700776,2,4004.2963904589396
CMP_119,CUST_0760,2026-02-16,Meta Ads,Snacks,Conversion,Pune,Premium,38,6833.736025017266,26809,1120,350,14,19884.26721852861,5,13773.804375841251
CMP_019,CUST_0605,2026-08-03,Meta Ads,Home Care,Awareness,Chennai,Regular,47,62354.361928056715,141119,3442,1190,42,34943.20181089709,8,8615.757718712559
CMP_095,CUST_1191,2026-04-05,Email,Beverages,Seasonal,Pune,Premium,61,21265.656468999292,97868,8604,3249,311,505888.5729067469,1,3537.49519147397
CMP_132,CUST_0159,2026-09-04,Meta Ads,Snacks,Product Launch,Chennai,Budget,40,28339.162727104736,177997,5474,2660,193,154851.84284281213,7,10379.780594721731
CMP_052,CUST_1415,2026-09-17,Meta Ads,Home Care,Product Launch,Hyderabad,Premium,36,50369.90614246209,142638,5384,1618,71,92816.76451207862,5,6574.149499356185
CMP_024,CUST_0608,2026-06-07,Email,Snacks,Product Launch,Pune,Regular,40,56757.86353967654,229182,21022,11111,984,1122383.5933430404,11,17574.23640064387
CMP_025,CUST_0863,2026-05-05,Meta Ads,Packaged Foods,Product Launch,Mumbai,Regular,28,70183.52013432613,229104,7591,2252,136,128519.2333715976,1,943.4475582938676
CMP_040,CUST_0500,2026-07-14,Email,Packaged Foods,Awareness,Kolkata,Premium,39,74815.25547977371,223501,17396,6762,775,1431429.6906773262,6,22036.543715916076
CMP_135,CUST_0077,2026-06-26,Instagram,Home Care,Product Launch,Kolkata,Regular,35,31057.66254465414,198035,6072,3103,155,120630.38629424789,10,21087.172112132783
CMP_132,CUST_0806,2026-08-26,Meta Ads,Beverages,Product Launch,Mumbai,Premium,38,69576.82102045599,192979,7866,3431,284,386845.36396410887,5,9688.798708636996
CMP_107,CUST_0174,2026-05-23,Instagram,Packaged Foods,Conversion,Bangalore,Regular,49,22189.229926892218,104376,3210,987,50,46592.77668040634,6,9974.288256511152
CMP_135,CUST_0903,2026-09-18,YouTube,Beverages,Retargeting,Delhi,Regular,26,68260.06810946659,412308,8257,2890,127,81494.54568795605,1,988.0328511980459
CMP_145,CUST_0069,2026-09-08,LinkedIn,Home Care,Product Launch,Kolkata,Regular,27,90014.13899040413,348229,7747,3578,158,195236.40801990943,5,11263.215725788506
CMP_116,CUST_1207,2026-09-03,LinkedIn,Snacks,Retargeting,Chennai,Budget,48,78895.60900967912,355760,9523,3973,155,152392.66822447832,6,8761.854586828224
CMP_051,CUST_0267,2026-01-04,Meta Ads,Personal Care,Awareness,Bangalore,Regular,41,86103.30046260511,213753,8457,3045,180,182362.86119874092,10,10158.256672388103
CMP_023,CUST_1144,2026-02-25,YouTube,Packaged Foods,Product Launch,Mumbai,Premium,40,89982.9100622477,458487,8669,5014,208,241281.68620162187,2,3168.1396579373236
CMP_012,CUST_0889,2026-08-01,Google Ads,Beverages,Product Launch,Hyderabad,Premium,33,85579.74308827381,343023,16286,7904,623,832787.2993746408,10,28486.627238486606
CMP_087,CUST_0226,2026-06-12,Email,Beverages,Seasonal,Mumbai,Regular,24,68182.83555064807,530047,43573,24927,3104,4542424.4881084375,6,9319.822748472365
CMP_068,CUST_0377,2026-08-21,LinkedIn,Beverages,Awareness,Kolkata,Budget,46,23879.686781272136,63793,1573,590,22,24244.87822349216,4,6239.066280629344
CMP_121,CUST_0513,2026-07-03,Meta Ads,Packaged Foods,Retargeting,Delhi,Premium,61,57851.41511632393,284988,8404,3457,181,236227.35367454862,10,29147.11933398867
CMP_035,CUST_0035,2026-06-16,Email,Packaged Foods,Awareness,Mumbai,Budget,59,85024.49145009746,536336,39481,19447,2680,2753038.0016906997,7,5255.455048059606
CMP_055,CUST_1350,2026-09-20,Instagram,Snacks,Seasonal,Bangalore,Premium,23,67115.47614358808,158770,4910,1850,84,113870.54552878316,11,30087.678346973298
CMP_073,CUST_1408,2026-07-13,Meta Ads,Home Care,Seasonal,Chennai,Budget,59,60625.82560735892,139180,4766,2394,143,105926.88130308322,3,3805.7836710890524
CMP_069,CUST_1333,2026-07-02,YouTube,Snacks,Awareness,Bangalore,Premium,54,23001.796668463125,55029,943,341,17,19165.524484260968,8,7615.188874047778
CMP_140,CUST_1311,2026-06-17,Instagram,Beverages,Product Launch,Kolkata,Premium,33,28172.68857799548,134243,5406,2201,118,153643.22827556674,10,27808.434927324455
CMP_124,CUST_0894,2026-09-07,LinkedIn,Home Care,Product Launch,Bangalore,Budget,60,25888.93616345353,65764,1659,800,29,33032.20048778834,10,14577.756973854977
CMP_137,CUST_0340,2026-09-07,Instagram,Snacks,Retargeting,Hyderabad,Regular,57,56032.75209951711,177039,6152,3513,188,166337.67920727414,7,5468.88819545161
CMP_057,CUST_1440,2026-04-23,Meta Ads,Snacks,Awareness,Chennai,Regular,26,49537.115021132486,317765,9704,5541,409,353161.31930543855,9,8203.260514421616
CMP_119,CUST_1394,2026-04-11,Email,Snacks,Awareness,Hyderabad,Premium,49,24088.434558274403,54743,4017,2108,259,388023.79248420516,2,6360.025169318112
CMP_014,CUST_0788,2026-08-27,Instagram,Snacks,Product Launch,Hyderabad,Regular,24,46579.77699858552,320948,13991,8013,617,546139.8418375124,6,12005.458627786835
CMP_128,CUST_0040,2026-04-11,Instagram,Snacks,Awareness,Bangalore,Regular,47,99411.99106816722,430003,15975,7882,426,339045.06265815184,6,9959.56665307889
CMP_092,CUST_1237,2026-08-08,Google Ads,Snacks,Retargeting,Bangalore,Budget,20,98538.29739395589,268720,15404,4519,344,338343.12801211444,9,13338.410943756593
CMP_032,CUST_1212,2026-04-11,Google Ads,Beverages,Conversion,Bangalore,Regular,43,27498.790799334573,125734,4847,1930,178,185920.16272601485,9,19390.831324473886
CMP_056,CUST_1083,2026-08-18,Instagram,Home Care,Awareness,Mumbai,Budget,63,27346.961872854845,61363,1872,961,72,46854.2793387472,7,4922.911892880125
CMP_082,CUST_0889,2026-09-27,Google Ads,Beverages,Retargeting,Bangalore,Budget,61,76225.03282429371,249563,10511,5263,596,436410.196447663,7,7384.789015002094
CMP_032,CUST_0657,2026-03-14,Instagram,Personal Care,Product Launch,Hyderabad,Premium,60,16798.800790987356,73924,1921,843,44,48627.53176165626,6,12184.60400294592
CMP_132,CUST_0600,2026-07-02,Google Ads,Personal Care,Seasonal,Chennai,Premium,64,95549.94981084514,420669,16652,6447,437,746335.7531576665,3,7647.993419685742
CMP_042,CUST_0775,2026-07-04,Google Ads,Home Care,Product Launch,Kolkata,Premium,47,84203.79919727235,209926,9216,2958,144,243656.03537161695,4,10268.67710484806
CMP_128,CUST_1449,2026-05-18,LinkedIn,Personal Care,Seasonal,Kolkata,Regular,40,55481.66251548497,212666,5288,3083,111,180182.02769902017,10,17140.114612910358
CMP_052,CUST_1439,2026-05-11,Email,Snacks,Awareness,Kolkata,Regular,19,30231.827723715312,96199,7394,2636,177,226325.9248050235,8,24025.016433488854
CMP_077,CUST_0296,2026-09-24,YouTube,Snacks,Conversion,Delhi,Premium,57,70453.82598030088,226835,4418,1248,37,41592.49152159651,8,8480.730348021187
CMP_120,CUST_1173,2026-07-22,YouTube,Packaged Foods,Conversion,Mumbai,Regular,41,93068.88537261996,301695,5914,1669,61,42989.95615028785,8,11687.356853706544
CMP_105,CUST_0228,2026-07-06,YouTube,Beverages,Seasonal,Mumbai,Regular,42,19213.55323866988,115231,1864,703,33,22297.272287479373,7,4246.740551924874
CMP_070,CUST_0682,2026-09-18,LinkedIn,Beverages,Product Launch,Hyderabad,Regular,33,34587.78267645309,170498,4437,2244,73,112637.47737023547,3,4840.287303721112
CMP_059,CUST_1151,2026-01-04,LinkedIn,Beverages,Retargeting,Kolkata,Budget,63,13097.460530034245,53657,1136,297,9,8691.388311627972,3,5145.187113177139
CMP_004,CUST_1349,2026-07-17,Meta Ads,Personal Care,Retargeting,Kolkata,Budget,42,17207.87823038696,95080,3282,1295,59,37824.90038228108,3,2876.1733656447213
CMP_067,CUST_1361,2026-07-02,Email,Snacks,Retargeting,Pune,Budget,21,23591.521056568337,104724,10246,5244,657,683226.4287150919,6,10481.004792860784
CMP_068,CUST_1432,2026-09-07,YouTube,Home Care,Conversion,Delhi,Budget,64,80071.42603588641,293975,5703,2560,111,69840.5041259375,4,3727.8189701851184
CMP_076,CUST_0597,2026-09-11,Meta Ads,Snacks,Seasonal,Hyderabad,Regular,51,66705.65434362309,191421,6279,3151,143,151789.20927780223,5,5351.442678539668
CMP_002,CUST_0985,2026-07-14,Email,Packaged Foods,Seasonal,Hyderabad,Budget,20,99625.40985257384,255658,18221,5091,509,469212.5286012738,4,9317.902509241994
CMP_090,CUST_0677,2026-02-20,Email,Packaged Foods,Product Launch,Delhi,Premium,38,87439.5811626618,198561,20140,5035,430,744732.1891733346,10,33299.70697498956
CMP_054,CUST_0820,2026-01-13,Instagram,Home Care,Retargeting,Delhi,Regular,60,18409.9620198001,90564,4627,2045,63,58702.888054104544,2,3957.2759168165617
CMP_141,CUST_0036,2026-07-24,Google Ads,Packaged Foods,Product Launch,Delhi,Premium,46,67333.05089782087,316901,12968,7024,698,1059351.2444442539,5,14849.278975595644
CMP_098,CUST_0086,2026-05-24,Email,Snacks,Retargeting,Pune,Regular,34,91189.40561188743,401048,28470,16686,1247,1735501.4296034263,3,9013.91962995282
CMP_115,CUST_0770,2026-08-25,YouTube,Personal Care,Awareness,Bangalore,Budget,23,39982.111147610754,141562,2337,886,25,15906.595396450099,11,6754.619122185008
CMP_098,CUST_1331,2026-08-31,Email,Personal Care,Seasonal,Delhi,Regular,47,95168.84223632078,215461,16420,5705,685,1025156.8661803632,2,4679.494812186243
CMP_135,CUST_0035,2026-06-16,Meta Ads,Personal Care,Retargeting,Delhi,Premium,25,31551.125417512125,152710,3526,1165,59,64205.79709650729,8,13641.850632661035
CMP_093,CUST_1454,2026-06-08,Email,Home Care,Awareness,Kolkata,Budget,54,58802.9207142322,158011,13959,3718,468,522282.96388036094,10,13103.34530257322
CMP_022,CUST_0484,2026-05-20,LinkedIn,Snacks,Seasonal,Kolkata,Regular,24,6979.66429691743,19166,468,139,11,14795.364497419594,4,12554.342718983044
CMP_029,CUST_0933,2026-03-02,LinkedIn,Beverages,Product Launch,Hyderabad,Premium,37,92769.55881585139,263623,5810,2202,126,264789.8066773984,5,14243.477813071617
CMP_013,CUST_0354,2026-08-04,Email,Beverages,Seasonal,Kolkata,Budget,25,23834.474064374328,65096,5605,3360,358,285984.53575674375,6,9286.966567371826
CMP_071,CUST_0922,2026-02-01,Email,Snacks,Product Launch,Bangalore,Regular,29,56949.67489190197,318329,19546,10490,1385,1738360.396454153,9,10437.08804170141
CMP_045,CUST_0865,2026-06-10,Google Ads,Beverages,Conversion,Kolkata,Premium,23,99203.52684184474,246286,10379,2917,162,258463.78160793832,9,29231.342866124705
CMP_145,CUST_0503,2026-04-12,YouTube,Snacks,Product Launch,Delhi,Regular,33,31989.308369245915,98744,1917,700,11,8702.295669259176,1,920.8843036290067
CMP_129,CUST_0653,2026-06-28,Instagram,Packaged Foods,Product Launch,Bangalore,Budget,21,46588.966863943235,107733,2942,1365,73,55637.456184684146,8,7816.517451279793
CMP_118,CUST_1390,2026-04-09,Meta Ads,Snacks,Retargeting,Chennai,Budget,50,35285.99249762239,88081,2838,887,59,47394.68824925927,2,2896.2074058339795
CMP_049,CUST_0844,2026-08-09,Instagram,Home Care,Retargeting,Hyderabad,Budget,39,75606.31699823315,206474,6668,2466,82,46260.70581061405,11,10525.080816818103
CMP_110,CUST_0405,2026-04-28,Meta Ads,Home Care,Retargeting,Delhi,Regular,37,86543.26755621961,463592,16716,4633,202,171139.82488328594,5,10570.789502117033
CMP_066,CUST_0245,2026-05-06,Meta Ads,Beverages,Conversion,Delhi,Regular,22,54309.6416372381,226160,6405,2789,178,174375.59020646903,7,12624.23404657387
CMP_078,CUST_0689,2026-09-27,Google Ads,Snacks,Seasonal,Bangalore,Budget,30,96812.73678639793,395597,14877,8903,689,521568.04107202933,8,10175.277489515536
CMP_056,CUST_0124,2026-05-05,Meta Ads,Snacks,Awareness,Delhi,Regular,28,25441.634865806496,56593,1757,622,28,29902.68640941228,9,14749.896577008985
CMP_136,CUST_0571,2026-07-02,Instagram,Beverages,Retargeting,Kolkata,Budget,50,99408.89976666382,328173,11440,5729,328,197208.83855192413,7,10500.956036642147
CMP_146,CUST_1098,2026-03-07,Meta Ads,Packaged Foods,Seasonal,Delhi,Budget,59,5156.131108254095,29279,985,315,23,16560.939618136428,11,15563.719040565125
CMP_094,CUST_1204,2026-08-27,Instagram,Packaged Foods,Retargeting,Kolkata,Regular,60,16558.40015814721,50482,2082,840,50,50943.34343867199,2,2481.108302858701
CMP_127,CUST_0355,2026-03-28,Meta Ads,Personal Care,Awareness,Kolkata,Premium,23,62680.0792882767,285030,7466,4164,267,334862.657029176,3,3089.515069514514
CMP_141,CUST_1143,2026-01-09,LinkedIn,Snacks,Seasonal,Chennai,Premium,37,40257.29047796042,163114,4820,2070,109,206135.69241918155,9,30379.46726915281
CMP_083,CUST_0882,2026-03-02,Google Ads,Home Care,Retargeting,Delhi,Premium,20,5161.473590580462,12093,508,290,28,48584.62942872476,5,6844.118001703086
CMP_040,CUST_1407,2026-04-16,Instagram,Snacks,Seasonal,Mumbai,Budget,27,47100.678774222535,124211,5264,2126,144,80304.1839861607,5,7625.32966371271
CMP_021,CUST_0328,2026-04-26,Instagram,Packaged Foods,Product Launch,Bangalore,Regular,39,37531.539858929296,136049,5975,2538,139,101747.1377441154,9,11996.461741457128
CMP_052,CUST_1294,2026-03-14,Instagram,Snacks,Product Launch,Chennai,Premium,54,8559.23499235632,35615,988,344,18,20460.211835066813,6,13730.823080980921
CMP_116,CUST_0815,2026-02-04,YouTube,Home Care,Awareness,Hyderabad,Budget,52,51382.24198725427,280078,5346,2702,115,69520.2960585255,6,3736.036373015438
CMP_056,CUST_0532,2026-02-21,LinkedIn,Beverages,Retargeting,Chennai,Regular,51,32940.38521404174,111969,2591,997,49,60449.38795193365,11,37197.533841734425
CMP_127,CUST_0883,2026-01-04,Instagram,Personal Care,Retargeting,Bangalore,Budget,55,22217.699207254445,104037,3714,2005,148,110322.68059272387,11,10591.87734377834
CMP_022,CUST_0803,2026-08-25,LinkedIn,Packaged Foods,Product Launch,Bangalore,Regular,22,18532.08448617113,81157,1732,807,24,35033.54099947363,8,27784.054739034123
CMP_084,CUST_1300,2026-09-17,Meta Ads,Beverages,Conversion,Hyderabad,Regular,25,51271.839540673915,135161,4472,2194,93,75441.0401509229,1,960.0637908055646
CMP_040,CUST_0428,2026-01-20,Email,Beverages,Seasonal,Pune,Budget,22,50748.931904866906,271761,28995,7465,1002,880031.2119099471,11,15116.375914067637
CMP_081,CUST_1039,2026-09-26,Google Ads,Packaged Foods,Retargeting,Chennai,Regular,29,55871.62602232898,173794,6816,4015,365,361712.8523420757,4,9484.458999806413
CMP_077,CUST_0025,2026-01-31,Instagram,Snacks,Seasonal,Kolkata,Budget,61,88295.35942117347,708012,27765,13339,673,509758.6010686908,5,4012.4530094400307
CMP_087,CUST_1059,2026-07-28,YouTube,Snacks,Product Launch,Pune,Premium,43,54581.69875815563,149556,3093,1130,39,40118.06202479899,10,24541.964058750254
CMP_139,CUST_0353,2026-08-04,Google Ads,Home Care,Seasonal,Chennai,Budget,21,8737.424835110856,24733,1159,443,35,26476.542511233325,10,9991.699821422655
CMP_028,CUST_1122,2026-08-10,LinkedIn,Packaged Foods,Seasonal,Hyderabad,Premium,18,66745.13281698024,152650,4589,1786,85,165273.2588259697,2,9400.04759560393
CMP_126,CUST_0138,2026-09-02,Meta Ads,Home Care,Retargeting,Pune,Regular,46,64529.124942679366,435046,14148,6262,251,214496.10115084486,2,2044.5039016752803
CMP_025,CUST_0004,2026-08-18,LinkedIn,Snacks,Conversion,Pune,Premium,48,98906.9882349503,664187,18361,5212,210,460992.0348127641,5,21449.015558959687
CMP_144,CUST_0579,2026-07-26,Meta Ads,Beverages,Retargeting,Bangalore,Budget,26,60750.513020756494,253005,6381,2009,118,91376.87938880474,9,11438.10858433436
CMP_018,CUST_0131,2026-09-04,Email,Beverages,Awareness,Kolkata,Budget,22,79526.32326831382,412095,33172,16139,1756,1818465.16118887,11,9509.693460827099
CMP_135,CUST_1023,2026-03-01,Instagram,Beverages,Product Launch,Delhi,Regular,36,75934.15605857394,202172,7965,2394,141,115629.70849229167,9,16549.760535777717
CMP_104,CUST_1024,2026-04-15,Email,Home Care,Conversion,Mumbai,Budget,29,89499.99900129059,438558,36167,12394,1174,1297003.478441488,3,6216.608214223114
CMP_098,CUST_0784,2026-04-15,Email,Beverages,Conversion,Hyderabad,Regular,22,80936.29624421433,308903,29312,9558,1466,1824970.478435392,5,11295.57507275211
CMP_010,CUST_0850,2026-08-18,Instagram,Home Care,Seasonal,Chennai,Regular,22,87862.52973794313,246080,8882,2329,101,86899.8267077843,8,12467.212772623634
CMP_050,CUST_1093,2026-04-05,LinkedIn,Home Care,Product Launch,Kolkata,Regular,62,6193.478100603514,15155,381,150,9,12496.719614860867,9,19797.60986110283
CMP_097,CUST_1370,2026-08-06,Meta Ads,Packaged Foods,Seasonal,Mumbai,Budget,23,23598.454757531814,74861,2393,1275,99,79718.93188908258,2,1910.5423456924816
CMP_077,CUST_1420,2026-07-10,Email,Snacks,Awareness,Hyderabad,Premium,39,40858.375377831835,123383,9295,4687,572,1124527.1835278894,5,15432.442531569568
CMP_026,CUST_1015,2026-09-21,Email,Home Care,Product Launch,Pune,Budget,63,82803.062925223,283023,21119,5502,691,675496.4231208259,1,1398.7923980497244
CMP_035,CUST_0420,2026-09-19,Meta Ads,Packaged Foods,Conversion,Kolkata,Premium,29,92860.44241124434,221463,9515,4442,270,300961.4239734631,3,9003.87243697865
CMP_013,CUST_0815,2026-01-21,Google Ads,Beverages,Product Launch,Mumbai,Premium,44,69627.20998041445,163664,7568,3416,213,330008.06517771486,6,12335.96771513313
CMP_094,CUST_1417,2026-09-12,Instagram,Home Care,Retargeting,Chennai,Regular,32,81252.51961243148,400081,15817,7768,265,211013.3023596925,4,7188.451301131896
CMP_055,CUST_1386,2026-01-04,Google Ads,Personal Care,Seasonal,Delhi,Premium,35,62002.01032544547,142528,7061,3644,278,455901.1342202241,8,23403.430044400957
CMP_142,CUST_0048,2026-06-25,LinkedIn,Beverages,Retargeting,Pune,Premium,48,11388.05633516662,51862,1531,820,48,99150.71471554486,7,16218.875057995685
CMP_091,CUST_1472,2026-04-02,Email,Personal Care,Conversion,Pune,Regular,47,85765.51235522209,222239,19877,11649,1656,2331003.7761788913,1,2031.4165282303034
CMP_012,CUST_1346,2026-02-06,YouTube,Beverages,Awareness,Bangalore,Budget,57,71945.81509591409,573243,10062,5284,193,121039.20248359448,6,3961.9657946303582
CMP_034,CUST_0467,2026-05-05,Google Ads,Packaged Foods,Product Launch,Chennai,Budget,46,26714.50795575884,104193,5858,2400,216,162896.1220468257,11,18157.844892926507
CMP_059,CUST_1470,2026-08-27,Meta Ads,Snacks,Seasonal,Delhi,Premium,62,88815.97775428314,285456,11064,3384,175,242268.04663168403,2,4100.4627505930475
CMP_119,CUST_0578,2026-09-25,Email,Personal Care,Seasonal,Chennai,Premium,52,47996.77997787115,168874,12312,5205,517,823119.9231603061,4,9324.605716518761
CMP_093,CUST_0838,2026-09-12,Email,Snacks,Awareness,Hyderabad,Regular,51,71293.81365066757,184283,16723,4560,514,700932.891915424,1,2543.363957203667
CMP_007,CUST_0312,2026-08-26,Email,Beverages,Product Launch,Delhi,Premium,41,24191.928165202593,94525,6642,3230,260,431189.65361440263,7,25794.003764944096
CMP_009,CUST_0819,2026-05-18,YouTube,Snacks,Retargeting,Delhi,Regular,60,36103.66598875595,113705,2330,843,24,15678.254339033165,9,15883.203871308064
CMP_080,CUST_1333,2026-09-26,Meta Ads,Home Care,Product Launch,Chennai,Premium,25,29682.191394613023,215690,7455,4282,175,216321.61879867787,6,5852.099499106477
CMP_069,CUST_0569,2026-04-22,Google Ads,Home Care,Retargeting,Delhi,Regular,58,27490.823581417215,67319,3426,1015,104,120789.24284666062,11,22204.20784366303
CMP_093,CUST_1213,2026-09-01,Google Ads,Packaged Foods,Seasonal,Hyderabad,Premium,35,60756.28819197171,138712,5615,1863,179,238058.4370567954,6,20264.591384395626
CMP_147,CUST_0568,2026-02-27,Email,Snacks,Awareness,Mumbai,Premium,59,7173.69815671367,31175,2682,889,72,127053.25108008069,8,13823.458970121246
CMP_130,CUST_1486,2026-07-06,Email,Home Care,Seasonal,Bangalore,Premium,64,99129.85977057878,312890,25689,14876,1761,2835976.1622750047,2,7370.487640458221
CMP_101,CUST_0005,2026-06-26,YouTube,Beverages,Retargeting,Delhi,Regular,51,13573.273965353179,32824,503,291,12,10232.424623397254,9,12729.571464445928
CMP_106,CUST_0808,2026-07-11,Instagram,Snacks,Product Launch,Delhi,Premium,20,48346.16562571468,136986,4367,1840,61,71367.3685027507,10,20024.36633146163
CMP_110,CUST_0431,2026-03-10,Meta Ads,Personal Care,Seasonal,Pune,Premium,53,99368.50326683749,269865,9085,5355,284,333850.4333846155,4,8942.387288385426
CMP_136,CUST_1343,2026-09-12,Meta Ads,Home Care,Seasonal,Chennai,Regular,42,51229.990309499946,138457,4112,1824,153,130229.716438648,1,1622.7130950338997
CMP_069,CUST_0993,2026-08-27,Meta Ads,Personal Care,Seasonal,Hyderabad,Budget,60,43151.28806385201,141016,4052,1590,98,75820.6244385949,11,18514.5394810702
CMP_123,CUST_1474,2026-05-07,LinkedIn,Home Care,Retargeting,Bangalore,Budget,63,42436.974416036304,290596,5728,2729,97,96780.18530234498,5,7674.949942212287
CMP_012,CUST_0188,2026-01-17,LinkedIn,Home Care,Product Launch,Bangalore,Premium,30,6549.604889111798,33579,749,420,8,13200.38858198983,10,20830.162331277472
CMP_003,CUST_0916,2026-06-14,Meta Ads,Snacks,Seasonal,Delhi,Premium,61,29720.395571105066,126568,4173,1640,119,148677.3327290804,3,5606.237459373622
CMP_134,CUST_0049,2026-09-24,Google Ads,Home Care,Seasonal,Bangalore,Regular,55,27282.05929576057,60981,2506,1304,100,130121.70907926094,3,4338.667705001843
CMP_125,CUST_0933,2026-09-30,Meta Ads,Home Care,Seasonal,Pune,Premium,57,20858.425468430873,62015,2018,671,32,36974.32586496779,2,4569.419085734056
CMP_084,CUST_0425,2026-03-07,Meta Ads,Home Care,Awareness,Kolkata,Regular,19,50405.66085334088,226387,7072,1848,103,108188.5595952515,9,7359.730410881135
CMP_030,CUST_0110,2026-09-09,YouTube,Personal Care,Conversion,Pune,Premium,56,7036.968114419034,23936,369,198,12,10921.779668008903,3,4079.201640526752
CMP_010,CUST_1480,2026-01-07,Instagram,Beverages,Retargeting,Hyderabad,Budget,37,68277.37477471048,266483,9081,4642,245,150020.6268309639,2,3096.491959653761
CMP_062,CUST_1458,2026-04-01,Email,Beverages,Seasonal,Hyderabad,Regular,60,95578.17245760192,332878,23320,6432,489,708798.9132994094,8,8142.2956698861135
CMP_019,CUST_1220,2026-03-06,YouTube,Packaged Foods,Seasonal,Pune,Regular,48,23799.005844852363,83324,1409,651,14,12383.6756777136,1,654.1457518397266
CMP_031,CUST_0283,2026-01-08,LinkedIn,Home Care,Awareness,Kolkata,Premium,51,62570.15473007213,367979,9862,3315,149,303248.61272199114,10,23711.74439023476
CMP_060,CUST_1429,2026-06-20,Email,Packaged Foods,Retargeting,Delhi,Premium,52,23345.722161248646,76130,6110,2996,229,442248.95540927537,10,38633.53387636005
CMP_103,CUST_0977,2026-08-04,Meta Ads,Home Care,Product Launch,Delhi,Budget,59,29448.129851825193,215601,4112,1116,56,42823.43067711155,10,11313.43668458179
CMP_086,CUST_1263,2026-07-19,Google Ads,Personal Care,Seasonal,Delhi,Premium,33,55488.25396326947,141949,6907,2866,249,343512.83553477563,4,10476.199720013508
CMP_098,CUST_0164,2026-03-31,YouTube,Home Care,Product Launch,Delhi,Budget,35,82909.33430039752,596610,9920,4819,161,79043.71223552422,6,5522.143738723889
CMP_131,CUST_0250,2026-09-25,Email,Packaged Foods,Conversion,Kolkata,Budget,21,86323.59828678303,286069,18426,6824,710,795354.1873662069,6,9216.811234375758
CMP_037,CUST_0422,2026-07-25,LinkedIn,Snacks,Product Launch,Pune,Premium,18,6633.8684817691155,14822,448,130,5,11264.454065228027,3,8509.34121767614
CMP_018,CUST_1059,2026-04-08,Email,Personal Care,Retargeting,Delhi,Budget,29,61127.20404050073,384935,38795,10552,826,856089.0877773183,1,1588.3473069107672
CMP_048,CUST_0347,2026-02-04,Email,Packaged Foods,Product Launch,Pune,Regular,43,96709.18685898281,285896,19972,5131,642,702415.4423371743,7,11649.888224306327
CMP_112,CUST_0644,2026-04-05,Google Ads,Beverages,Awareness,Hyderabad,Premium,26,57919.72188460969,291425,11609,5399,470,789475.4774890112,3,4445.594991162517
CMP_135,CUST_1290,2026-02-22,Google Ads,Home Care,Conversion,Kolkata,Premium,56,95679.60903532318,428278,21910,11034,1116,1655624.6260917364,6,8377.097127333345
CMP_075,CUST_0470,2026-08-16,Email,Packaged Foods,Seasonal,Chennai,Premium,35,32119.940979404993,89295,7443,4330,403,696041.1184772744,8,21069.57273924953
CMP_093,CUST_0136,2026-06-13,Google Ads,Snacks,Awareness,Hyderabad,Regular,27,56697.86004227065,468860,21290,11999,1068,1077646.8516965974,10,23419.73681037505
CMP_064,CUST_0349,2026-01-02,YouTube,Personal Care,Conversion,Hyderabad,Budget,46,59791.02389727234,263501,4820,2881,98,47389.34622595213,2,987.4193881460417
CMP_013,CUST_0071,2026-02-20,Google Ads,Beverages,Seasonal,Hyderabad,Budget,42,67327.90841553813,175188,6226,2593,189,140004.6524053605,10,6692.244520534668
CMP_001,CUST_0455,2026-03-29,Meta Ads,Packaged Foods,Conversion,Delhi,Budget,40,88816.9085648695,248694,7428,3556,186,148030.80241803033,10,6579.120844922773
CMP_093,CUST_0778,2026-05-02,Meta Ads,Beverages,Seasonal,Pune,Budget,34,69107.53748945767,225556,6649,2412,93,,3,2187.9347547266057
CMP_090,CUST_0627,2026-02-09,Meta Ads,Packaged Foods,Seasonal,Chennai,Budget,35,81152.21473548384,336790,11018,4677,299,235228.0989802665,1,1503.9750853713947
CMP_065,CUST_1462,2026-05-03,Google Ads,Packaged Foods,Product Launch,Mumbai,Premium,48,41338.62356373575,106735,4786,2393,169,216461.48259432585,5,9886.553514203755
CMP_016,CUST_1274,2026-04-12,Meta Ads,Home Care,Retargeting,Pune,Premium,24,70135.25696899302,201115,6859,2470,159,203151.82049759274,7,16605.62646091367
CMP_098,CUST_0764,2026-03-29,Instagram,Snacks,Conversion,Chennai,Regular,31,38990.16524827909,172368,6021,3286,96,77418.49786390578,11,21311.590763571337
CMP_024,CUST_1051,2026-01-22,Google Ads,Beverages,Retargeting,Delhi,Premium,40,94432.92618473814,227041,11358,4016,164,270947.6623383386,2,7055.508071009408
CMP_040,CUST_0168,2026-06-28,Instagram,Packaged Foods,Conversion,Kolkata,Budget,28,20091.88380327882,44797,1551,393,11,6759.0299586032925,10,10801.807546801485
CMP_077,CUST_0091,2026-05-08,Email,Personal Care,Awareness,Mumbai,Regular,37,19144.305217288696,102917,7588,3725,429,580107.4954054729,10,19382.718376279085
CMP_086,CUST_0275,2026-02-06,Instagram,Snacks,Conversion,Mumbai,Premium,50,7846.798792853851,38799,1163,581,21,28793.026349257303,6,10332.94129661386
CMP_080,CUST_0111,2026-09-08,LinkedIn,Beverages,Conversion,Mumbai,Regular,64,68246.5075226954,209393,4801,2675,146,225961.25033138937,7,13710.585731318097
CMP_119,CUST_0333,2026-03-13,Google Ads,Snacks,Awareness,Bangalore,Premium,32,30963.300061620073,125636,4833,2802,260,442059.52932028717,9,28518.489590356632
CMP_015,CUST_1142,2026-03-29,Instagram,Packaged Foods,Product Launch,Chennai,Regular,24,46120.13892380131,171547,4907,1896,99,76736.1941336055,4,3835.3683831410276
CMP_092,CUST_1354,2026-02-23,LinkedIn,Home Care,Awareness,Kolkata,Regular,26,34445.505571714304,94720,2100,1164,65,83733.17963864689,4,11135.071503502155
CMP_049,CUST_0915,2026-03-15,Google Ads,Personal Care,Seasonal,Hyderabad,Regular,47,73449.4003051486,518594,23673,10071,801,858819.9106748678,2,3822.045112638227
CMP_078,CUST_0381,2026-03-10,Google Ads,Beverages,Conversion,Kolkata,Premium,57,36589.52380269468,191866,8478,3692,311,491357.1101544912,5,9321.472636961835
CMP_128,CUST_0253,2026-05-15,Email,Packaged Foods,Retargeting,Pune,Premium,57,93560.55669595103,336410,27056,12870,1498,2827988.317264322,9,25122.326532575174
CMP_030,CUST_0445,2026-04-06,Google Ads,Packaged Foods,Product Launch,Mumbai,Regular,18,5263.198009754727,21374,975,478,32,39199.51377899243,1,1076.4138498514458
CMP_123,CUST_0088,2026-05-18,Instagram,Home Care,Retargeting,Chennai,Budget,27,46861.97021681741,175758,5704,1975,103,61696.24940113977,10,7853.300331648019
CMP_130,CUST_0822,2026-08-25,YouTube,Home Care,Conversion,Delhi,Regular,58,39221.478182050836,126423,2348,954,36,22989.637131261108,10,17846.598647815557
CMP_003,CUST_0927,2026-09-20,YouTube,Home Care,Product Launch,Pune,Budget,37,40769.28752516388,269454,5820,2555,58,28746.874297909773,4,3331.793501982864
CMP_119,CUST_1213,2026-07-09,Instagram,Home Care,Retargeting,Hyderabad,Premium,63,75069.24658275276,227517,7543,4012,158,203634.10288957937,8,13617.831792863113
CMP_075,CUST_0029,2026-07-06,Google Ads,Personal Care,Product Launch,Bangalore,Regular,28,39126.622257155635,220829,11917,3712,199,214179.1045089234,2,4318.524275644158
CMP_081,CUST_1210,2026-08-07,Google Ads,Beverages,Seasonal,Delhi,Regular,25,49439.77571480308,128140,5333,1409,132,170556.24911356624,5,7692.989285096211
CMP_001,CUST_0678,2026-01-26,YouTube,Beverages,Conversion,Mumbai,Regular,44,57694.02574179047,262039,4592,1341,61,50009.21730183979,8,8797.620315911943
CMP_074,CUST_0084,2026-05-11,Meta Ads,Beverages,Conversion,Hyderabad,Regular,26,40688.48600490347,306495,7584,3710,232,230330.3819945042,1,882.8361273564005
CMP_044,CUST_0139,2026-08-15,YouTube,Snacks,Seasonal,Delhi,Regular,34,78675.66673609734,298314,5643,2135,87,60435.0812757247,1,1496.7712943190875
CMP_028,CUST_0466,2026-06-05,LinkedIn,Personal Care,Conversion,Kolkata,Premium,34,74478.9450027175,380498,12087,6296,246,502710.2417260388,9,33340.40370929968
CMP_019,CUST_0673,2026-08-25,Meta Ads,Beverages,Retargeting,Mumbai,Premium,48,86354.01033848162,228990,6091,2360,120,171393.06520941513,4,9635.958017284122
CMP_096,CUST_1064,2026-05-11,Email,Personal Care,Seasonal,Bangalore,Premium,61,73326.5193905975,254524,17824,9098,893,1688829.1711396286,2,3584.5548558253417
CMP_097,CUST_0122,2026-02-13,Email,Snacks,Seasonal,Bangalore,Budget,56,44678.81566520983,145245,11969,6029,647,529956.212904083,1,1678.291898358029
CMP_055,CUST_0562,2026-01-20,Email,Beverages,Seasonal,Kolkata,Premium,22,95992.4717339574,510007,43389,22278,2326,3379187.0151741416,5,13660.719379368667
CMP_008,CUST_1482,2026-06-07,YouTube,Snacks,Retargeting,Hyderabad,Premium,44,55417.97193616001,147362,2407,1334,38,43928.23958454631,2,4089.283933180778
CMP_109,CUST_1187,2026-01-13,YouTube,Packaged Foods,Retargeting,Delhi,Budget,29,32621.05106647282,83026,1679,646,27,15479.51514449645,5,4430.984459079415
CMP_099,CUST_1295,2026-05-26,Instagram,Personal Care,Conversion,Chennai,Premium,41,68893.19917297436,250513,6912,3011,167,213970.71297238467,10,23811.99497159931
CMP_084,CUST_1203,2026-09-21,Google Ads,Personal Care,Awareness,Mumbai,Budget,29,73020.36031411869,229778,11144,5035,360,342551.72671873454,10,7464.954459673141
CMP_061,CUST_0044,2026-09-22,YouTube,Personal Care,Conversion,Chennai,Budget,50,75466.01540373097,349562,7499,2020,62,35895.02862295133,8,4111.149340249712
CMP_059,CUST_0488,2026-01-18,LinkedIn,Personal Care,Retargeting,Kolkata,Budget,32,33433.57814524637,235012,6808,2370,113,102861.93221092358,8,17556.825218175516
CMP_015,CUST_0182,2026-07-16,Email,Beverages,Retargeting,Pune,Budget,22,6616.056076538636,32179,2527,696,94,103264.54914808764,4,7236.740886833386
CMP_001,CUST_0718,2026-02-10,Instagram,Home Care,Product Launch,Hyderabad,Budget,64,16041.305340019391,46749,1455,401,21,14005.797226015853,4,3786.5621217144394
CMP_023,CUST_1019,2026-08-20,LinkedIn,Personal Care,Awareness,Delhi,Budget,33,39505.861565128405,109616,2407,839,28,34872.42596491599,11,28250.678745448673
CMP_060,CUST_0576,2026-09-17,Google Ads,Snacks,Product Launch,Delhi,Regular,36,59796.97217773072,133789,6925,2822,235,306375.9292429819,7,17699.54821799955
CMP_138,CUST_0332,2026-07-20,YouTube,Beverages,Conversion,Bangalore,Premium,22,25712.598174922863,176263,3650,1926,69,80946.53668476094,3,7051.027195671201
CMP_047,CUST_1072,2026-09-10,Instagram,Home Care,Retargeting,Pune,Regular,47,55831.95113570575,184617,6201,3242,155,137160.85769102722,7,12914.064942686426
CMP_014,CUST_0530,2026-04-24,Email,Home Care,Seasonal,Chennai,Regular,22,56198.82402782667,299401,31591,11486,1135,1642428.3708970968,5,9348.708645696168
CMP_018,CUST_1435,2026-05-08,YouTube,Packaged Foods,Product Launch,Mumbai,Premium,45,85533.6620960846,256143,5443,1479,56,65124.53832039741,11,25776.275746604075
CMP_127,CUST_0409,2026-02-22,LinkedIn,Snacks,Seasonal,Mumbai,Budget,49,36533.0340444381,286916,8488,2489,91,87866.2752104282,2,2416.743532146401
CMP_046,CUST_1369,2026-04-30,LinkedIn,Beverages,Retargeting,Delhi,Premium,48,49781.0647291484,384600,9201,3850,127,283503.8319858254,7,22651.37341506735
CMP_086,CUST_1013,2026-03-31,Meta Ads,Packaged Foods,Retargeting,Chennai,Premium,36,74943.78245612797,457217,12770,5944,304,409691.73003824655,10,13115.528643993686
CMP_130,CUST_0299,2026-01-21,YouTube,Beverages,Conversion,Chennai,Regular,62,59520.15035488333,227864,2831,806,32,28769.851061354337,9,16808.236277987213
CMP_132,CUST_0063,2026-04-18,Meta Ads,Beverages,Awareness,Hyderabad,Regular,23,98190.73292167636,282550,8739,3017,173,142508.95170508747,7,15205.30197563027
CMP_135,CUST_0346,2026-07-12,Email,Home Care,Conversion,Bangalore,Premium,48,86414.81519325689,197769,19507,9075,622,948149.9781835296,3,11847.162558338452
CMP_002,CUST_1235,2026-07-03,YouTube,Snacks,Awareness,Pune,Regular,36,81910.30973516133,190407,3958,2191,55,39000.28229721637,1,613.954060676399
CMP_041,CUST_1372,2026-04-24,LinkedIn,Personal Care,Awareness,Hyderabad,Regular,48,20963.68687229178,50713,1549,475,22,29146.850290061764,3,10479.831375433883
CMP_075,CUST_0869,2026-09-20,Meta Ads,Snacks,Conversion,Chennai,Premium,47,20144.26696758118,78474,2252,938,51,67092.35597461056,5,5049.302434142005
CMP_137,CUST_1210,2026-03-22,Instagram,Personal Care,Seasonal,Mumbai,Premium,24,52181.80622431008,116527,4597,2438,153,162160.17904051664,10,26182.28060856231
CMP_055,CUST_0439,2026-05-18,Email,Beverages,Awareness,Chennai,Premium,22,98375.49926816703,278597,18357,10841,1038,1810990.4022122016,1,2543.921595564751
CMP_150,CUST_0318,2026-07-16,LinkedIn,Snacks,Product Launch,Pune,Budget,53,75051.41611021623,211025,5831,3189,136,128789.70594826379,1,2299.0573024969253
CMP_076,CUST_0612,2026-09-17,YouTube,Snacks,Product Launch,Delhi,Premium,48,15092.843208374874,81611,2057,1046,40,39084.72020297394,1,2481.98132231676
CMP_088,CUST_0906,2026-06-15,Meta Ads,Personal Care,Awareness,Bangalore,Premium,35,11524.51192624552,75690,1668,978,46,65784.1068270066,7,9978.568548136704
CMP_013,CUST_0591,2026-07-08,YouTube,Beverages,Product Launch,Chennai,Budget,58,83242.32479058903,236456,4528,2077,68,40920.558970093,2,2763.940555584768
CMP_005,CUST_0168,2026-05-25,Email,Snacks,Awareness,Mumbai,Regular,53,7976.010314205052,19248,1241,414,57,66823.93879250488,5,9345.446710602739
CMP_054,CUST_0045,2026-06-04,Meta Ads,Beverages,Retargeting,Mumbai,Regular,30,41461.92717561811,151234,3854,1994,109,99156.57425746488,10,7513.303946745585
CMP_055,CUST_0874,2026-08-01,Meta Ads,Home Care,Awareness,Mumbai,Premium,64,91411.10367001027,250948,5519,2344,191,267540.1378908557,1,1660.0646734650197
CMP_048,CUST_0083,2026-02-17,Meta Ads,Personal Care,Retargeting,Mumbai,Regular,25,76062.09336230849,366656,12287,7174,294,272899.30799566646,10,17597.941621173482
CMP_022,CUST_0399,2026-02-27,YouTube,Beverages,Product Launch,Delhi,Regular,40,23634.20513172046,54189,1223,590,23,17445.524408691494,8,10414.971282520055
CMP_001,CUST_0760,2026-01-07,YouTube,Beverages,Retargeting,Kolkata,Budget,33,18160.8358314912,67751,1478,725,19,11091.01688993802,6,6872.466548080007
CMP_035,CUST_0466,2026-01-11,Email,Home Care,Conversion,Chennai,Premium,20,57501.71963264009,331064,27178,9789,1076,1700171.2873733577,10,24585.05437346529
CMP_100,CUST_0304,2026-06-27,Google Ads,Beverages,Conversion,Kolkata,Premium,63,16478.878716436797,78486,3835,1087,126,214833.38095771868,10,27475.392929849422
CMP_026,CUST_1491,2026-07-30,YouTube,Beverages,Conversion,Delhi,Premium,20,22303.494145764285,56534,1155,583,15,13818.218994576491,7,7198.062054851514
CMP_138,CUST_0370,2026-03-17,YouTube,Personal Care,Product Launch,Delhi,Premium,56,82251.65537799353,307467,4704,1977,74,87586.3667673788,11,24794.78754887546
CMP_069,CUST_0329,2026-04-10,Instagram,Snacks,Product Launch,Kolkata,Premium,26,36394.64855374702,106027,4163,2478,114,155482.9073693841,8,18657.0075773806
CMP_020,CUST_1317,2026-05-08,Email,Personal Care,Awareness,Mumbai,Regular,39,22968.23386138997,65337,5149,2026,182,258786.8105538429,3,5016.814339933063
CMP_061,CUST_1373,2026-02-22,LinkedIn,Beverages,Conversion,Bangalore,Regular,38,83539.91723279023,218255,5483,1445,60,95693.0000562928,10,27665.607136920607
CMP_109,CUST_1179,2026-03-17,Email,Snacks,Conversion,Bangalore,Budget,43,76365.4714893063,179047,13481,5225,768,667343.8070753539,5,4825.3601104318695
CMP_055,CUST_0183,2026-03-30,Google Ads,Beverages,Product Launch,Hyderabad,Regular,38,23990.882920405373,62351,2632,1398,101,117169.10291125881,8,20735.924939860717
CMP_129,CUST_0330,2026-05-26,LinkedIn,Beverages,Product Launch,Delhi,Budget,22,32499.506913849636,100925,2518,1157,40,38344.18708607162,2,2817.73283967579
CMP_013,CUST_1390,2026-05-03,Google Ads,Beverages,Retargeting,Mumbai,Premium,60,72851.01120814521,265560,10808,4568,371,573342.4673031637,10,24835.23082368677
CMP_079,CUST_0473,2026-09-30,Instagram,Home Care,Awareness,Pune,Budget,57,44666.412463890316,102899,4250,1431,75,41866.85642238216,10,9978.40214823603
CMP_028,CUST_0211,2026-09-23,LinkedIn,Beverages,Awareness,Kolkata,Regular,50,48665.106457971684,112134,2479,1208,52,71458.90865403824,10,21028.95672224821
CMP_037,CUST_1230,2026-02-26,YouTube,Snacks,Product Launch,Mumbai,Premium,48,19559.83663987091,73211,1746,970,38,33429.20717607345,9,15089.322275693832
CMP_145,CUST_0369,2026-07-22,Instagram,Personal Care,Retargeting,Chennai,Premium,29,79641.58139400599,215035,8308,2496,104,139817.40301923556,4,9001.16388406858
CMP_038,CUST_0774,2026-05-02,Meta Ads,Packaged Foods,Retargeting,Bangalore,Regular,22,46254.318198804416,121302,4191,1954,98,82465.98566933551,10,13700.6366731684
CMP_075,CUST_1032,2026-06-21,YouTube,Packaged Foods,Awareness,Bangalore,Regular,62,19863.160205546625,123659,2244,658,14,10914.926966948073,5,6549.0031021276345
CMP_106,CUST_0284,2026-08-19,LinkedIn,Snacks,Conversion,Delhi,Regular,34,23780.225737395678,79122,1708,734,20,33357.37534768011,3,5301.803909573739
CMP_002,CUST_0383,2026-09-21,YouTube,Home Care,Seasonal,Kolkata,Budget,35,53316.963286509024,305097,6058,2525,98,47226.48731008457,10,9040.257830284017
CMP_074,CUST_1380,2026-07-20,Instagram,Snacks,Retargeting,Bangalore,Budget,50,76509.687383124,387161,13362,7739,406,266887.2571656751,6,5715.332349737216
CMP_122,CUST_1156,2026-09-14,Instagram,Packaged Foods,Conversion,Bangalore,Budget,46,59341.18160715246,166957,6666,3051,145,82195.69147184408,8,5391.408747429102
CMP_054,CUST_1110,2026-09-14,Email,Beverages,Awareness,Pune,Premium,52,33018.45579743685,158182,11564,4278,406,651791.6821298177,8,11403.001159201282
CMP_018,CUST_1121,2026-05-26,YouTube,Packaged Foods,Conversion,Kolkata,Budget,57,22953.225312395905,53530,976,529,16,10233.380883789783,2,1856.32224616737
CMP_114,CUST_1140,2026-05-31,Google Ads,Snacks,Conversion,Hyderabad,Premium,18,37626.90842165389,247544,11894,3659,274,460579.3038618694,4,8102.931314908727
CMP_038,CUST_0310,2026-02-14,Email,Snacks,Seasonal,Kolkata,Budget,32,47726.890270239775,124736,6994,4099,528,559956.9996859883,4,5052.60853440528
CMP_004,CUST_1299,2026-05-30,Email,Home Care,Awareness,Mumbai,Budget,40,74931.1576691786,199962,10668,5771,542,589822.1264777733,1,1065.2364541581294
CMP_118,CUST_1467,2026-03-22,Meta Ads,Personal Care,Awareness,Chennai,Regular,29,67695.9849078542,188867,4253,1883,106,105805.65612194255,3,5927.296806787754
CMP_027,CUST_1283,2026-02-21,YouTube,Personal Care,Product Launch,Hyderabad,Regular,29,89579.52555949565,284636,5689,3181,114,90341.20712888186,2,1699.9648121260207
CMP_011,CUST_1441,2026-01-21,LinkedIn,Home Care,Conversion,Mumbai,Regular,22,5882.298653430669,20385,343,150,5,7009.7749046642675,5,6389.0538707465485
CMP_020,CUST_1254,2026-07-30,Meta Ads,Home Care,Awareness,Kolkata,Premium,42,93867.8131342703,255611,7764,2520,183,189295.44853544765,8,15613.235968786486
CMP_022,CUST_1052,2026-09-11,Email,Personal Care,Conversion,Mumbai,Budget,51,82435.4906168874,255930,25444,6717,725,597202.7553995388,9,18092.033669410932
CMP_144,CUST_0492,2026-05-17,Google Ads,Packaged Foods,Retargeting,Kolkata,Regular,33,16311.773491724298,101828,4532,2473,238,252958.3684997705,6,10736.237311423547
CMP_051,CUST_0982,2026-07-04,Meta Ads,Home Care,Conversion,Mumbai,Regular,19,41915.257043230646,168510,5937,2087,170,169558.14313444763,9,16810.958059449145
CMP_012,CUST_0717,2026-06-12,Google Ads,Home Care,Retargeting,Delhi,Budget,36,13584.991080767719,77026,2867,1113,64,51814.75338316508,3,4043.9174305716047
CMP_010,CUST_1483,2026-01-08,YouTube,Personal Care,Awareness,Kolkata,Premium,31,78417.17806762531,359005,7452,3706,97,101911.70235214964,10,22996.060604578557
CMP_104,CUST_0783,2026-09-10,Google Ads,Personal Care,Awareness,Mumbai,Premium,55,94097.52881904032,369160,14267,3917,283,425265.37897963834,11,20105.91932393103
CMP_067,CUST_0052,2026-03-24,Email,Personal Care,Awareness,Pune,Premium,34,35378.08920403146,168830,13719,7543,1090,1667782.8839471284,6,18716.060756111943
CMP_062,CUST_0511,2026-09-23,Google Ads,Home Care,Seasonal,Kolkata,Regular,61,72922.2909454828,234221,8826,3066,234,304752.05156222306,1,1901.2691098793985
CMP_071,CUST_0915,2026-08-09,Instagram,Beverages,Product Launch,Mumbai,Budget,57,62469.73919522774,440125,15285,3831,165,122910.51777761552,1,1029.3391421245822
CMP_121,CUST_1293,2026-04-29,YouTube,Personal Care,Retargeting,Chennai,Regular,33,16151.071502663177,45729,754,432,19,14984.986039906637,3,5332.202280517787
CMP_059,CUST_1251,2026-06-04,YouTube,Personal Care,Conversion,Mumbai,Regular,59,9894.642880266869,31277,643,299,11,9661.029822435316,9,6342.260838717993
CMP_052,CUST_1164,2026-04-12,Meta Ads,Personal Care,Awareness,Kolkata,Premium,38,51981.884485682014,165741,4401,1936,121,159502.62416441238,7,17907.55527155634
CMP_029,CUST_1181,2026-08-09,Google Ads,Packaged Foods,Seasonal,Delhi,Regular,58,99477.79077628147,277006,13978,8054,573,645952.579886504,6,9343.722964636812
CMP_049,CUST_0970,2026-09-01,YouTube,Personal Care,Awareness,Chennai,Premium,30,89419.93509026368,243348,5561,2782,70,82539.61297563721,9,10321.873885555044
CMP_027,CUST_0520,2026-06-20,YouTube,Beverages,Product Launch,Kolkata,Regular,62,27361.078933963377,74378,1352,665,26,18673.732760062045,6,8570.520661280767
CMP_048,CUST_0558,2026-03-05,YouTube,Home Care,Awareness,Kolkata,Regular,60,10908.251715129321,29609,635,256,5,3488.6401394085833,4,5556.347069391637
CMP_119,CUST_0249,2026-03-03,Instagram,Snacks,Retargeting,Delhi,Regular,18,24524.663136473086,106699,4227,2195,139,119804.86265041464,1,1802.379300533219
CMP_149,CUST_0568,2026-06-29,Google Ads,Personal Care,Retargeting,Chennai,Regular,22,60386.50874171626,453124,16728,4961,342,450226.7975087636,10,16686.80751051494
CMP_044,CUST_0795,2026-05-31,Email,Beverages,Product Launch,Bangalore,Premium,47,12358.143718288473,35621,2966,1523,183,321115.1201286814,1,3946.684634661744
CMP_005,CUST_0870,2026-01-06,Instagram,Personal Care,Product Launch,Bangalore,Budget,61,72217.6449378026,246206,6650,3644,157,86067.24797462916,3,4169.820888492279
CMP_007,CUST_1491,2026-03-17,Email,Beverages,Seasonal,Kolkata,Budget,35,56341.32813971842,136714,10530,4210,485,430655.68105686625,3,5776.400089895206
CMP_100,CUST_0827,2026-01-14,Email,Beverages,Retargeting,Bangalore,Premium,34,70722.38604694106,244209,18230,5666,625,1207627.0159824388,7,19383.668404447068
CMP_124,CUST_1392,2026-01-04,YouTube,Personal Care,Awareness,Kolkata,Budget,32,49549.34157306364,135076,2137,1185,43,27265.92211212885,5,4266.7527698547065
CMP_074,CUST_0505,2026-01-24,Email,Snacks,Seasonal,Kolkata,Budget,63,14792.720435852789,88000,6302,3417,268,278536.14757032704,5,4900.671519012323
CMP_037,CUST_0467,2026-07-28,YouTube,Packaged Foods,Seasonal,Kolkata,Regular,63,73108.48166231938,173757,2757,769,36,32388.115778922394,7,5668.661753702331
CMP_115,CUST_0420,2026-09-19,Meta Ads,Snacks,Conversion,Chennai,Regular,55,26685.424218984866,103802,3084,1185,78,80180.77210215769,6,5671.957418843816
CMP_038,CUST_0209,2026-06-06,Instagram,Personal Care,Seasonal,Pune,Budget,37,16011.552067732371,41866,1182,588,35,26281.466265409974,1,717.6708833831779
CMP_077,CUST_0018,2026-06-26,LinkedIn,Beverages,Awareness,Chennai,Premium,27,8609.91116338382,39600,864,367,30,,4,15036.877862150475
CMP_106,CUST_0004,2026-02-18,Google Ads,Home Care,Seasonal,Delhi,Budget,25,92334.40434806068,221685,10471,5464,579,449314.70574455865,2,2598.9534398416986
CMP_121,CUST_0226,2026-02-05,Instagram,Personal Care,Seasonal,Kolkata,Premium,45,62740.46068266746,158406,5686,2988,155,195745.70690010872,4,8268.840192088053
CMP_064,CUST_0731,2026-05-22,Meta Ads,Home Care,Seasonal,Kolkata,Premium,31,25110.755956594232,61176,1906,781,29,41802.18723185225,9,16012.738682232552
CMP_013,CUST_0034,2026-06-23,Meta Ads,Snacks,Seasonal,Chennai,Regular,18,66843.72693469512,417854,14414,7437,463,496370.6179634234,8,7424.924033947282
CMP_069,CUST_1044,2026-05-22,LinkedIn,Snacks,Conversion,Mumbai,Regular,23,83920.86862305907,656732,16612,8804,441,588784.7007057463,2,3085.7555465503237
CMP_077,CUST_0288,2026-01-31,Google Ads,Packaged Foods,Retargeting,Mumbai,Budget,32,48514.5403074847,208126,11305,3184,305,246143.56966691086,9,9604.489619005728
CMP_051,CUST_1011,2026-03-06,Email,Snacks,Product Launch,Delhi,Regular,44,60234.258380512474,239938,16586,6191,696,1036374.7493231719,9,19824.738036761828
CMP_064,CUST_0870,2026-08-20,Instagram,Personal Care,Conversion,Delhi,Premium,46,18965.276419766757,54740,1358,812,40,47093.15198168615,10,23813.419659935003
CMP_098,CUST_0788,2026-09-18,Google Ads,Home Care,Seasonal,Delhi,Premium,42,61361.86144731355,500844,20908,5753,473,736569.5615297,4,7899.135549764171
CMP_028,CUST_1161,2026-06-11,Meta Ads,Personal Care,Conversion,Chennai,Budget,31,38268.93009137092,216604,6525,1881,123,96956.09836326809,8,5597.262889337192
CMP_066,CUST_0666,2026-02-07,Instagram,Home Care,Conversion,Kolkata,Premium,54,21251.545792517838,55166,1850,1090,67,92159.12715795271,5,9341.87740256493
CMP_088,CUST_0691,2026-07-29,Meta Ads,Personal Care,Product Launch,Delhi,Premium,43,34538.18116146185,114422,3224,1286,45,57931.602638505254,9,24753.308871140598
CMP_147,CUST_0001,2026-09-13,Meta Ads,Snacks,Awareness,Hyderabad,Premium,22,58670.06878835571,159021,5345,2962,154,188101.89423654243,8,17477.98744350458
CMP_003,CUST_0104,2026-02-04,Google Ads,Beverages,Awareness,Pune,Regular,51,63232.01614462014,163095,6625,2135,136,133377.58837016797,1,1657.6426460257526
CMP_012,CUST_1117,2026-02-27,Instagram,Beverages,Seasonal,Hyderabad,Regular,19,24824.399217657603,152824,6133,3441,172,130538.05229931527,11,20072.502209538758
CMP_150,CUST_0480,2026-04-17,YouTube,Snacks,Awareness,Bangalore,Regular,26,64049.72478619401,502010,7462,4473,113,89142.32508439389,5,7629.248017442969
CMP_137,CUST_1004,2026-05-17,LinkedIn,Snacks,Awareness,Pune,Regular,25,9201.45569601718,20627,593,225,6,8098.229368763597,8,15890.888335674597
CMP_046,CUST_0243,2026-09-18,Instagram,Home Care,Product Launch,Bangalore,Regular,55,49175.50664615302,130815,3340,1136,68,57859.116752974034,5,7071.117415073677
CMP_132,CUST_0449,2026-05-10,Instagram,Beverages,Retargeting,Delhi,Premium,52,36333.466105789616,89265,3768,1861,97,101798.02786984778,5,11102.814217734656
CMP_062,CUST_1038,2026-04-15,Instagram,Beverages,Product Launch,Chennai,Budget,37,58498.28959286878,383306,16073,8873,441,277046.02305275586,5,3975.1083579385117
CMP_123,CUST_0060,2026-03-03,Google Ads,Beverages,Retargeting,Chennai,Regular,58,14298.447284439339,72471,3388,1105,71,88930.14374966915,6,12732.899188864838
CMP_120,CUST_0688,2026-01-19,Meta Ads,Packaged Foods,Seasonal,Pune,Premium,38,51312.35023694867,116809,3607,1183,58,74178.14652285905,2,4903.158232300094
CMP_129,CUST_0589,2026-07-21,LinkedIn,Packaged Foods,Conversion,Mumbai,Budget,55,25213.943197116398,120409,3678,971,28,30128.997360215293,3,3123.4927142725655
CMP_094,CUST_0043,2026-09-17,Google Ads,Beverages,Retargeting,Mumbai,Budget,42,90729.87375198667,441229,19297,7747,478,347903.4166595112,2,1669.045362112275
CMP_079,CUST_0282,2026-04-19,Instagram,Beverages,Awareness,Hyderabad,Premium,54,11366.659147163564,29597,862,476,31,40305.84380934193,6,5519.219462904763
CMP_130,CUST_0617,2026-03-23,Meta Ads,Home Care,Awareness,Hyderabad,Regular,63,44782.682216275214,132723,3709,1752,102,106660.46970177727,6,9159.576874894876
CMP_053,CUST_0715,2026-05-13,Email,Personal Care,Retargeting,Pune,Premium,26,24490.885003646003,166394,12044,5513,416,768464.064009612,3,8116.583265412562
CMP_056,CUST_0283,2026-08-31,YouTube,Packaged Foods,Awareness,Pune,Budget,41,78952.5960224453,423181,9369,5200,134,87558.02270844113,5,6512.529597438604
CMP_034,CUST_1114,2026-01-15,Email,Home Care,Seasonal,Bangalore,Premium,45,77695.97423553935,581579,46861,21223,2926,5842549.26585856,7,24999.718742431134
CMP_038,CUST_0543,2026-01-18,Email,Personal Care,Product Launch,Hyderabad,Premium,38,13026.66109251593,59172,4530,1335,126,185750.277707923,7,10330.112669240381
CMP_107,CUST_0808,2026-07-17,YouTube,Home Care,Retargeting,Kolkata,Premium,42,65689.99746712277,231032,3953,1083,39,38965.02140283091,5,8898.293318705773
CMP_070,CUST_1483,2026-01-04,Email,Snacks,Awareness,Kolkata,Budget,35,48759.392401248435,165198,12999,7023,912,762574.5562249933,10,15450.789372142735
CMP_051,CUST_0809,2026-07-12,Meta Ads,Snacks,Conversion,Hyderabad,Premium,47,33420.333006717425,82367,2187,1129,99,140703.6708597981,9,14364.222916192184
CMP_121,CUST_0242,2026-08-07,YouTube,Packaged Foods,Product Launch,Chennai,Premium,62,43650.7708228974,277113,4303,2015,99,92258.0607952096,7,8806.880325476335
CMP_108,CUST_0516,2026-07-12,Google Ads,Beverages,Retargeting,Kolkata,Premium,50,73431.65814517056,187997,8638,4707,346,489872.82172735507,1,3097.2849052133884
CMP_069,CUST_0552,2026-01-31,LinkedIn,Personal Care,Conversion,Pune,Regular,44,18486.154552000015,77575,2150,780,36,49381.66691727032,5,15625.403786326367
CMP_119,CUST_0974,2026-06-21,YouTube,Packaged Foods,Conversion,Hyderabad,Regular,46,84536.09737266632,304999,8401,4464,126,90074.1574949701,8,12880.190912831975
CMP_118,CUST_0353,2026-05-08,Google Ads,Home Care,Product Launch,Bangalore,Premium,22,35798.75699507909,189196,5522,1408,124,208016.58897138207,10,16124.221980812068
CMP_089,CUST_1435,2026-01-09,LinkedIn,Packaged Foods,Seasonal,Mumbai,Premium,56,70423.09864060009,393349,9385,3071,155,295484.362048629,9,36631.193570382056
CMP_072,CUST_0353,2026-02-08,Meta Ads,Personal Care,Product Launch,Chennai,Regular,35,81999.80294569174,474988,14305,4901,234,183848.8512848075,8,8263.933513584712
CMP_031,CUST_0650,2026-03-25,Meta Ads,Packaged Foods,Conversion,Bangalore,Budget,43,5226.7749996548555,14857,388,118,9,7002.01566607627,6,9878.674265263418
CMP_088,CUST_1397,2026-05-02,Meta Ads,Packaged Foods,Retargeting,Hyderabad,Premium,25,20086.496309496713,56165,1479,819,45,48983.9187910381,9,19656.738007497617
CMP_119,CUST_0094,2026-07-26,Meta Ads,Home Care,Awareness,Chennai,Regular,33,37613.96931750563,197037,6280,3395,155,134103.70128421407,7,5709.702132446103
CMP_107,CUST_0115,2026-04-18,Email,Home Care,Seasonal,Hyderabad,Premium,22,31078.975418167942,91464,7142,4090,584,844561.7569399388,11,42306.19827448663
CMP_118,CUST_0129,2026-07-22,LinkedIn,Snacks,Retargeting,Chennai,Budget,55,78049.74967404874,556169,14227,7173,448,420606.8105854707,7,5954.433885825903
CMP_106,CUST_0841,2026-04-15,Meta Ads,Packaged Foods,Retargeting,Pune,Regular,62,19330.65868725937,53752,1534,792,33,27077.95605756607,3,6448.686897872704
CMP_019,CUST_1018,2026-08-18,Email,Home Care,Product Launch,Delhi,Regular,43,81236.36373073421,191207,17114,8628,886,1258198.5071142416,10,20925.637477679706
CMP_102,CUST_0648,2026-07-09,Meta Ads,Beverages,Retargeting,Bangalore,Premium,18,83602.42664580706,322916,8339,2473,139,171716.35295659496,1,2535.6212562431683
CMP_007,CUST_0438,2026-08-14,LinkedIn,Personal Care,Product Launch,Pune,Budget,53,66993.1000525182,294369,8283,4513,300,362002.5157284531,9,8439.016939256602
CMP_026,CUST_1417,2026-02-24,Email,Home Care,Conversion,Delhi,Premium,36,22142.172197943528,83797,7042,1807,204,302297.05099026224,6,14259.191075732986
CMP_123,CUST_0295,2026-09-06,Instagram,Beverages,Conversion,Kolkata,Premium,59,65613.5668482109,195318,5421,3089,194,223823.3321939214,4,10979.734785725013
CMP_081,CUST_0919,2026-01-31,Meta Ads,Snacks,Conversion,Mumbai,Premium,35,59028.055891382646,282746,8467,2396,131,144084.31221817946,5,12477.533493913861
CMP_106,CUST_0375,2026-05-05,Email,Packaged Foods,Conversion,Chennai,Regular,64,29679.912751204927,83491,4652,1699,207,284550.7870479204,1,1755.6413852028902
CMP_037,CUST_0972,2026-09-11,YouTube,Packaged Foods,Conversion,Mumbai,Premium,44,85728.31218545428,249144,5585,1726,76,70507.74421802204,6,11054.837959460694
CMP_125,CUST_1107,2026-05-03,Instagram,Home Care,Awareness,Mumbai,Budget,22,52380.328428677516,141599,5221,1406,66,39536.8123885723,11,9991.918211544156
CMP_041,CUST_1237,2026-04-25,LinkedIn,Snacks,Retargeting,Mumbai,Budget,63,32578.477342019414,100087,2555,1437,84,98384.18759268065,6,6076.2228938358685
CMP_079,CUST_1238,2026-04-17,Email,Beverages,Retargeting,Delhi,Budget,29,13620.3895143388,77412,6085,3270,302,310258.6988019191,11,13016.58772531267
CMP_129,CUST_0669,2026-04-21,YouTube,Beverages,Retargeting,Delhi,Premium,56,10998.86427131099,68764,1523,492,13,13466.33915421004,8,13753.14224629132
CMP_028,CUST_0976,2026-01-02,Google Ads,Personal Care,Awareness,Bangalore,Premium,55,18915.007900306475,52907,1883,487,28,35690.670467008866,11,38619.80528046558
CMP_147,CUST_0662,2026-03-06,Instagram,Personal Care,Conversion,Pune,Budget,25,57304.6119059441,189539,7959,2415,119,83175.77228684704,5,6267.345162233485
CMP_062,CUST_1121,2026-09-08,Meta Ads,Personal Care,Conversion,Hyderabad,Premium,63,91130.79224748485,442154,16591,5227,219,252187.72318625395,9,10062.055562306308
CMP_012,CUST_0550,2026-05-29,YouTube,Home Care,Retargeting,Chennai,Regular,22,46684.88557860771,135807,3040,1580,63,53386.52628412211,1,741.093031056254
CMP_118,CUST_0133,2026-06-07,LinkedIn,Snacks,Conversion,Hyderabad,Premium,41,28988.94629361354,90963,2328,990,38,79904.58568988676,6,12280.620588669308
CMP_091,CUST_0108,2026-01-01,LinkedIn,Beverages,Conversion,Hyderabad,Regular,22,96620.51926541161,592723,15299,6901,266,414935.779844952,2,5569.9271724497985
CMP_147,CUST_0146,2026-07-18,Email,Packaged Foods,Awareness,Chennai,Budget,33,76317.39223825274,254527,22515,10628,1089,1094707.2743581918,8,17960.838997778865
CMP_006,CUST_0295,2026-01-05,Google Ads,Home Care,Conversion,Chennai,Regular,55,26957.220589512734,162317,8021,4013,326,350114.2485504448,3,6878.600054202985
CMP_086,CUST_0790,2026-06-15,Google Ads,Snacks,Retargeting,Chennai,Regular,60,45580.508421815364,173462,5986,1996,198,238568.95661673558,3,3754.084546856732
CMP_064,CUST_0432,2026-05-08,Google Ads,Home Care,Seasonal,Hyderabad,Premium,37,99889.96217413816,312514,15830,8039,552,824523.010810875,9,32663.745672797944
CMP_001,CUST_0345,2026-09-05,Instagram,Snacks,Seasonal,Chennai,Regular,50,10539.544724082185,43248,1351,370,28,24334.412623612214,10,12012.843648114907
CMP_011,CUST_1347,2026-01-30,Email,Beverages,Retargeting,Mumbai,Regular,27,74283.30870042712,200727,18007,8015,951,1079506.3601745039,4,6809.664063291323
CMP_099,CUST_1011,2026-01-26,Google Ads,Home Care,Seasonal,Kolkata,Regular,57,81898.20650927612,400560,20311,9725,933,1158012.6787357836,6,9867.420916340088
CMP_066,CUST_1470,2026-03-24,LinkedIn,Snacks,Product Launch,Hyderabad,Premium,57,22003.247500457433,60966,1921,870,32,53463.247639235706,6,20767.538078570426
CMP_050,CUST_0504,2026-06-18,YouTube,Home Care,Conversion,Mumbai,Premium,30,33056.53298148109,271670,4927,1749,72,70483.84233228237,4,9024.597445078463
CMP_077,CUST_1207,2026-03-30,YouTube,Home Care,Seasonal,Delhi,Premium,45,77985.72408746327,362377,6481,2217,83,76167.8699775362,7,12638.644203118116
CMP_132,CUST_0473,2026-01-24,YouTube,Snacks,Product Launch,Pune,Budget,41,49002.396944139065,344232,8450,5046,265,167928.55009247066,2,1919.1113014874768
CMP_026,CUST_1375,2026-05-13,Google Ads,Personal Care,Awareness,Pune,Budget,30,16497.260523831384,53121,2628,754,46,42652.729005264926,6,6207.920649519459
CMP_050,CUST_0981,2026-05-09,YouTube,Snacks,Seasonal,Chennai,Premium,54,41878.78761258739,119870,2537,638,19,19242.92253219714,9,10961.026391002051
CMP_036,CUST_0934,2026-04-09,Email,Beverages,Retargeting,Bangalore,Budget,51,19025.46129316232,57899,4696,1755,192,189541.02757368484,7,9266.066718694963
CMP_104,CUST_0672,2026-07-30,LinkedIn,Home Care,Awareness,Mumbai,Budget,48,82141.98123761578,304404,6826,2584,117,122242.02550697881,4,4712.503983986048
CMP_115,CUST_1458,2026-09-05,Meta Ads,Snacks,Retargeting,Mumbai,Premium,26,93433.71544951815,341546,12073,7090,463,638828.3047702933,1,2355.146605953804
CMP_085,CUST_0427,2026-03-15,Instagram,Packaged Foods,Retargeting,Hyderabad,Budget,58,36628.856614117285,147359,3569,1842,66,40641.835295259334,1,863.0555888284044
CMP_051,CUST_0007,2026-04-23,Email,Beverages,Product Launch,Bangalore,Regular,25,94720.63826455001,520045,25611,14785,1383,1972382.730586846,5,14725.258895367419
CMP_008,CUST_1211,2026-05-13,Instagram,Personal Care,Product Launch,Pune,Regular,20,54808.57373971457,272207,11322,3062,153,136635.00055317392,4,3772.4567193318485
CMP_107,CUST_1486,2026-02-08,Google Ads,Personal Care,Product Launch,Delhi,Premium,47,38580.46369505108,118893,4583,2439,202,322466.2095216832,9,32317.08378997951
CMP_013,CUST_1220,2026-08-04,Google Ads,Packaged Foods,Seasonal,Chennai,Regular,36,12864.480716131715,33790,1533,760,56,54815.318073102666,2,4584.024725090179
CMP_148,CUST_1061,2026-01-18,Google Ads,Packaged Foods,Conversion,Hyderabad,Premium,36,81949.38569863212,366004,14172,5396,581,921616.9557039284,2,2714.023377149714
CMP_073,CUST_0539,2026-09-27,Email,Home Care,Product Launch,Pune,Budget,33,17903.1543516203,74954,5355,1816,209,232883.1691092867,9,9831.296896479495
CMP_073,CUST_1307,2026-07-28,Instagram,Beverages,Awareness,Mumbai,Budget,24,56977.39760949655,164718,7286,3221,133,91407.97303863894,5,3642.139745141053
CMP_078,CUST_1352,2026-02-06,Email,Snacks,Conversion,Mumbai,Premium,38,24270.307418816436,82009,7775,2148,163,245287.36349606435,8,10977.02458978163
CMP_124,CUST_0945,2026-07-16,Email,Snacks,Product Launch,Kolkata,Premium,44,47101.30821164117,162780,9356,4533,373,745778.7236300987,2,5632.99634497965
CMP_099,CUST_0602,2026-06-06,Email,Home Care,Conversion,Delhi,Regular,29,95390.27242201375,633018,67842,31679,3946,4645872.646904326,6,8668.184783830218
CMP_118,CUST_1413,2026-09-30,Google Ads,Snacks,Retargeting,Mumbai,Regular,20,62421.97024613354,212368,9408,3402,256,264086.7359049487,6,10841.087218294952
CMP_095,CUST_0882,2026-09-09,YouTube,Personal Care,Conversion,Chennai,Budget,23,39234.55481856603,149100,2811,742,36,18308.4840699065,2,1752.8295754211154
CMP_074,CUST_1356,2026-04-28,LinkedIn,Personal Care,Seasonal,Pune,Premium,38,27112.63775520471,68561,2078,587,30,53987.438367394556,2,7678.241892651461
CMP_127,CUST_1207,2026-06-11,LinkedIn,Beverages,Retargeting,Bangalore,Regular,24,74144.10522314443,342409,10398,4063,273,442075.8296537722,9,28934.454260667124
CMP_071,CUST_0607,2026-09-06,Email,Packaged Foods,Retargeting,Chennai,Regular,47,51753.255254185904,125918,10853,5093,732,950475.7742890443,8,20830.1934082485
CMP_117,CUST_1193,2026-01-04,Meta Ads,Snacks,Retargeting,Hyderabad,Regular,34,38850.44924708698,136765,3041,1052,53,54922.77295357522,2,2891.256162079354
CMP_001,CUST_0353,2026-03-14,Google Ads,Personal Care,Conversion,Chennai,Budget,39,36340.74297662907,198366,8000,4404,366,284092.3084595247,1,958.0758079309035
CMP_112,CUST_1174,2026-09-27,YouTube,Beverages,Conversion,Hyderabad,Premium,27,71123.2361367909,498078,10381,4307,122,126064.77616485048,10,10344.220624949232
CMP_142,CUST_0947,2026-08-29,LinkedIn,Snacks,Conversion,Delhi,Regular,36,55834.455199037046,179906,3211,1791,70,114335.51367351317,6,11945.38201087176
CMP_055,CUST_0367,2026-06-22,Meta Ads,Home Care,Seasonal,Hyderabad,Premium,21,8840.041546540646,30815,1030,282,19,24812.83241298437,3,6657.713898240669
CMP_065,CUST_1429,2026-08-09,Google Ads,Packaged Foods,Conversion,Kolkata,Regular,34,89089.33440965881,471222,27732,14361,795,811246.0926543694,2,2507.241035865805
CMP_147,CUST_1005,2026-07-19,Google Ads,Personal Care,Awareness,Kolkata,Premium,52,84608.60470190567,249789,9755,4408,231,348469.51572522765,10,19717.723015658994
CMP_100,CUST_1166,2026-04-27,Instagram,Home Care,Seasonal,Mumbai,Budget,40,5983.757273086479,14121,394,105,5,2865.76107625139,3,2512.405718603666
CMP_072,CUST_0564,2026-02-22,Email,Snacks,Retargeting,Mumbai,Regular,22,61070.97654764149,414104,37173,20691,2177,2868111.1112917075,3,4487.737734530601
CMP_131,CUST_0538,2026-04-28,Meta Ads,Personal Care,Seasonal,Mumbai,Regular,38,74883.57960660722,263098,8946,2485,115,107275.55009593283,3,4849.338367568703
CMP_089,CUST_0673,2026-02-26,Instagram,Snacks,Awareness,Chennai,Budget,30,95809.60366905619,331950,11947,5688,298,178306.26485731333,10,12262.39800392429
CMP_011,CUST_1373,2026-06-03,LinkedIn,Home Care,Product Launch,Mumbai,Budget,40,5999.467292561913,40041,916,466,17,17200.06041546327,9,16213.581676674781
CMP_134,CUST_0798,2026-04-11,LinkedIn,Personal Care,Product Launch,Bangalore,Budget,25,18222.630440939225,48685,1003,590,37,37596.71203028737,4,5873.610825846906
CMP_061,CUST_1469,2026-02-14,YouTube,Beverages,Seasonal,Delhi,Regular,46,80731.13838193011,475021,11784,6501,306,215834.93430703972,11,19389.991800871165
CMP_014,CUST_0087,2026-07-28,YouTube,Snacks,Conversion,Hyderabad,Budget,46,19818.484611524436,83865,1490,664,36,22161.650643615896,6,7674.732273392671
CMP_083,CUST_0747,2026-04-21,Google Ads,Home Care,Awareness,Pune,Budget,61,49430.49745467212,411085,17049,8288,665,630529.8197362643,5,8217.846834519043
CMP_137,CUST_0497,2026-07-14,YouTube,Home Care,Awareness,Hyderabad,Premium,41,71386.91136536904,302764,5330,2388,129,149722.3353167701,3,2607.445351078174
CMP_077,CUST_1374,2026-06-29,LinkedIn,Home Care,Retargeting,Hyderabad,Budget,63,67056.22053525163,353538,8215,4863,247,279266.3904229007,11,14756.361103506022
CMP_003,CUST_1315,2026-04-23,Google Ads,Packaged Foods,Retargeting,Chennai,Premium,60,8694.036422305613,63412,3161,1161,55,97581.05679830987,6,8482.506727436641
CMP_056,CUST_1094,2026-01-10,YouTube,Snacks,Awareness,Pune,Premium,43,36970.59179033274,84313,1884,490,12,11970.109083858299,4,4621.52837860739
CMP_102,CUST_0800,2026-07-06,Google Ads,Packaged Foods,Conversion,Bangalore,Premium,42,72533.00147343146,392090,17892,5398,328,518368.7771183601,1,1284.3919893981156
CMP_078,CUST_0905,2026-08-10,Meta Ads,Packaged Foods,Retargeting,Delhi,Premium,40,85765.60739583675,500054,17459,6789,458,617023.1639528509,1,2218.433736828701
CMP_105,CUST_1155,2026-01-28,Email,Home Care,Conversion,Kolkata,Premium,27,34536.67527065897,78382,6855,2154,230,343268.9780023005,4,14467.444027684378
CMP_088,CUST_1391,2026-04-26,Meta Ads,Packaged Foods,Conversion,Pune,Budget,21,14860.050363913191,60620,1795,733,52,36008.40977311926,5,3029.265406129663
CMP_063,CUST_0422,2026-07-30,LinkedIn,Home Care,Retargeting,Mumbai,Premium,53,98025.99472717116,481703,10094,5585,210,455454.81389471167,8,18805.87940380348
CMP_040,CUST_0913,2026-03-14,Email,Packaged Foods,Conversion,Hyderabad,Premium,33,28177.082624547005,165259,13667,6965,839,1234811.864051397,10,27538.465638396385
CMP_116,CUST_0839,2026-08-18,LinkedIn,Beverages,Conversion,Bangalore,Regular,46,64870.63309329865,503813,11649,5771,263,380083.02127374394,11,23935.792836137804
CMP_065,CUST_1377,2026-02-10,LinkedIn,Personal Care,Awareness,Kolkata,Regular,19,76403.7876604163,186832,4446,2007,58,77571.39668795271,4,13689.10323486087
CMP_007,CUST_0932,2026-09-14,YouTube,Beverages,Awareness,Mumbai,Regular,48,11578.242864997022,61205,1543,637,33,24031.463138553612,1,1033.4480801627176
CMP_096,CUST_0404,2026-09-17,LinkedIn,Personal Care,Seasonal,Mumbai,Regular,57,33236.346245697394,99335,1960,854,29,41931.72478735967,2,2340.1174083777596
CMP_130,CUST_0743,2026-08-28,Instagram,Beverages,Retargeting,Hyderabad,Regular,55,98579.57734732234,490178,14231,7588,564,523761.503012554,4,3594.3101431999266
CMP_090,CUST_0641,2026-05-08,YouTube,Beverages,Seasonal,Chennai,Budget,64,60883.08795146892,346025,5106,2291,72,46379.06940641699,5,4075.607387895352
CMP_080,CUST_1369,2026-07-14,Email,Personal Care,Retargeting,Kolkata,Regular,45,34706.18751168537,269496,18515,9311,1140,1521088.8347748572,11,21509.86095347752
CMP_141,CUST_0693,2026-06-16,Google Ads,Snacks,Product Launch,Chennai,Budget,30,6872.861887268467,24290,1066,617,65,60328.70803716763,4,2830.179122963686
CMP_010,CUST_0974,2026-04-29,YouTube,Snacks,Seasonal,Kolkata,Premium,35,75434.11207214776,472788,10147,2747,108,129503.42570861688,7,8754.442475863629
CMP_115,CUST_0900,2026-04-09,YouTube,Personal Care,Seasonal,Bangalore,Regular,24,21775.33497223203,50718,1262,550,23,16697.290584874743,11,9065.12984272318
CMP_120,CUST_1154,2026-02-06,Instagram,Home Care,Product Launch,Bangalore,Budget,55,8368.971449629573,23449,906,247,13,7998.370359190108,6,9108.05548582908
CMP_128,CUST_0041,2026-04-30,Meta Ads,Beverages,Conversion,Delhi,Premium,52,82197.38729995194,367837,10385,4676,263,359181.48110736074,5,6783.528828973713
CMP_139,CUST_0092,2026-01-03,Google Ads,Packaged Foods,Awareness,Pune,Budget,56,19336.352672305264,46715,2368,953,78,57834.353331199636,11,14322.339970916912
CMP_140,CUST_0597,2026-08-29,YouTube,Home Care,Retargeting,Kolkata,Regular,19,18967.25261126742,46902,723,339,13,9476.878801146548,9,15348.936609738254
CMP_112,CUST_1334,2026-04-04,LinkedIn,Beverages,Seasonal,Hyderabad,Budget,59,80275.6772859707,201449,3664,1968,76,71615.36494077803,5,7113.548984155673
CMP_130,CUST_0479,2026-08-24,Email,Packaged Foods,Awareness,Chennai,Premium,27,36729.60772664494,112640,8566,2351,319,492429.3013771543,5,12309.427002726092
CMP_094,CUST_1191,2026-04-10,Google Ads,Snacks,Product Launch,Bangalore,Budget,45,96572.3380300703,286454,12470,5383,347,308883.359071399,7,9528.679197703957
CMP_121,CUST_1168,2026-05-24,Meta Ads,Snacks,Product Launch,Mumbai,Budget,44,45633.21236163194,166216,4284,1392,91,52842.5305597244,2,2170.951884041255
CMP_119,CUST_0047,2026-03-06,Email,Beverages,Seasonal,Bangalore,Regular,56,99607.80130463689,445741,35458,20338,2509,3490284.0516003254,1,1482.5557066386602
CMP_038,CUST_0807,2026-06-29,YouTube,Snacks,Product Launch,Kolkata,Regular,61,76864.27113425569,303893,6645,3025,125,108139.11736008564,5,4180.892394150252
CMP_046,CUST_1014,2026-02-05,Google Ads,Personal Care,Retargeting,Chennai,Regular,29,20933.34934590834,66156,3227,1917,148,173334.45827934283,7,12253.314121779213
CMP_025,CUST_0168,2026-01-03,Meta Ads,Packaged Foods,Product Launch,Bangalore,Budget,57,87067.17971855911,665191,21702,7046,238,152914.39798940573,9,14716.214435116282
CMP_148,CUST_0424,2026-03-02,YouTube,Home Care,Retargeting,Hyderabad,Premium,42,59212.43791732531,144300,3037,1671,59,54357.92671289221,1,1236.9563204957856
CMP_145,CUST_0073,2026-01-29,YouTube,Beverages,Retargeting,Hyderabad,Premium,43,38604.07960725407,217671,4327,1388,65,63483.76600302823,8,19268.73230191325
CMP_012,CUST_0553,2026-07-05,LinkedIn,Home Care,Awareness,Bangalore,Budget,31,81547.51963893644,269683,7019,1864,104,120012.61718913623,9,7588.818522711306
CMP_072,CUST_0850,2026-08-14,LinkedIn,Personal Care,Conversion,Pune,Premium,50,29132.787985044706,126817,2953,1334,46,80952.03371977396,5,10091.545724208745
CMP_021,CUST_1234,2026-02-11,Meta Ads,Beverages,Product Launch,Hyderabad,Premium,64,11657.472345860202,33222,707,321,12,13590.641474883096,3,3409.283332128848
CMP_082,CUST_1155,2026-08-27,Meta Ads,Beverages,Seasonal,Kolkata,Regular,28,53046.22514111707,120736,2696,682,31,26538.5283541236,9,13257.207537714945
CMP_096,CUST_0624,2026-05-05,Email,Beverages,Conversion,Kolkata,Regular,23,53470.48572485348,137093,12098,7199,802,1199124.212218262,9,18085.88715913266
CMP_106,CUST_0946,2026-01-09,Google Ads,Home Care,Product Launch,Bangalore,Premium,64,30961.5133345897,143293,8407,4180,294,445534.8826220966,7,19792.12188557934
CMP_071,CUST_1370,2026-09-12,YouTube,Beverages,Awareness,Pune,Budget,57,63306.93081877394,191559,3914,1496,40,24207.07939241953,5,4616.19488323976
CMP_118,CUST_1484,2026-01-06,Email,Packaged Foods,Product Launch,Kolkata,Premium,44,75537.25212478031,235891,15183,6645,600,959621.6541444594,4,11183.869364626633
CMP_007,CUST_1184,2026-02-14,Instagram,Personal Care,Awareness,Chennai,Premium,46,54083.45200817471,195228,5857,2617,134,150596.2184036612,11,14893.720310894863
CMP_073,CUST_0212,2026-02-26,LinkedIn,Packaged Foods,Retargeting,Hyderabad,Premium,40,23083.76336075201,187087,5366,2453,76,163833.853635866,4,6602.798932383845
CMP_047,CUST_0245,2026-01-29,LinkedIn,Home Care,Product Launch,Bangalore,Budget,60,80711.9174410417,180785,4044,2416,83,89969.03286729225,8,7837.963306862049
CMP_068,CUST_0505,2026-05-14,LinkedIn,Snacks,Retargeting,Hyderabad,Budget,34,96222.9191437532,326446,6543,3813,175,195698.84261356073,11,25105.008705300817
CMP_039,CUST_1171,2026-03-12,LinkedIn,Packaged Foods,Conversion,Mumbai,Premium,50,71698.20026686325,390606,9866,3776,134,242638.76498211522,8,32107.873332129177
CMP_097,CUST_0301,2026-03-16,YouTube,Personal Care,Awareness,Chennai,Premium,31,52352.140070893125,302293,4019,1134,27,23796.173480999045,3,3953.4774822773434
CMP_117,CUST_0418,2026-09-12,YouTube,Snacks,Awareness,Pune,Budget,43,56389.230605946854,207261,3381,1817,70,35221.45525299269,4,2332.7732765933383
CMP_113,CUST_0018,2026-05-23,Meta Ads,Home Care,Conversion,Chennai,Regular,55,56955.67938661371,387372,11839,3943,207,209175.02582387684,7,12017.27871029047
CMP_056,CUST_0266,2026-04-30,Meta Ads,Beverages,Conversion,Bangalore,Regular,52,59019.25197843035,134116,3356,1290,82,65306.12521225899,3,3248.127230306657
CMP_146,CUST_1320,2026-01-03,Email,Beverages,Seasonal,Delhi,Budget,22,25406.753092739542,61749,4242,1443,124,112138.88858118078,3,4416.457916072134
CMP_107,CUST_0849,2026-04-07,YouTube,Home Care,Awareness,Hyderabad,Budget,24,74676.27568565514,217152,5076,1761,42,23762.405679798398,2,2559.0186583582868
CMP_129,CUST_1455,2026-04-23,YouTube,Beverages,Seasonal,Kolkata,Regular,40,75649.38706150246,389366,7092,2731,91,68947.29139786321,2,1885.8257315337519
CMP_111,CUST_1163,2026-08-23,YouTube,Beverages,Awareness,Mumbai,Budget,48,66222.51322103543,176995,2897,1181,27,16659.314913872877,5,2834.6154474690143
CMP_131,CUST_0754,2026-03-07,Email,Home Care,Product Launch,Mumbai,Premium,34,33031.83790777993,177235,16431,5164,487,918016.5555782946,4,8499.277887317288
CMP_080,CUST_0668,2026-08-26,LinkedIn,Beverages,Retargeting,Hyderabad,Premium,43,61417.05238141828,429722,12417,6871,311,626401.0088721344,1,3629.815669335737
CMP_143,CUST_0963,2026-07-16,YouTube,Home Care,Seasonal,Chennai,Budget,39,89750.79789208296,340548,6354,3226,136,73742.20848125937,6,3860.3446044749876
CMP_146,CUST_0867,2026-02-05,Google Ads,Home Care,Retargeting,Delhi,Regular,50,30312.183996843407,67912,2445,1342,103,128759.10097198997,7,17519.416580935504
CMP_030,CUST_1187,2026-01-17,Email,Packaged Foods,Retargeting,Bangalore,Regular,38,20812.85962002314,98674,8793,3474,323,452393.20694492117,4,11953.692630517626
CMP_139,CUST_0066,2026-01-31,Instagram,Snacks,Conversion,Bangalore,Premium,25,25750.273687632387,153874,4506,1279,47,49113.65807046281,4,3692.097900915054
CMP_109,CUST_1446,2026-04-30,Email,Packaged Foods,Product Launch,Pune,Premium,27,75942.04104625546,207970,12850,7281,586,866950.4354951067,1,2120.8329730581913
CMP_055,CUST_0888,2026-09-10,Email,Packaged Foods,Retargeting,Delhi,Regular,28,8231.064879217121,27864,1720,995,106,146073.28683775014,6,12033.734079110034
CMP_029,CUST_0277,2026-06-18,Meta Ads,Personal Care,Retargeting,Delhi,Regular,58,42036.64302635068,266324,8512,2782,111,116210.5164352598,5,7126.243536990645
CMP_102,CUST_1080,2026-05-31,Meta Ads,Beverages,Product Launch,Bangalore,Premium,35,70051.98002882936,189911,4249,1927,113,137703.12792218116,11,15823.380745450357
CMP_045,CUST_0353,2026-04-22,Google Ads,Packaged Foods,Seasonal,Mumbai,Premium,48,58936.88681405971,214726,6213,2446,188,315127.4047633912,6,21461.18130969552
CMP_146,CUST_1450,2026-07-12,Email,Home Care,Seasonal,Hyderabad,Premium,25,37672.39067888213,87863,5984,2924,404,713533.2453361605,7,21809.57358641864
CMP_120,CUST_0932,2026-01-26,Email,Packaged Foods,Product Launch,Chennai,Budget,26,21163.678246525982,103828,8202,2719,310,247123.1901822182,1,2088.267838089621
CMP_088,CUST_0403,2026-05-05,Google Ads,Personal Care,Retargeting,Chennai,Regular,20,39106.81258704621,138802,4780,2807,279,263890.2466217833,11,22283.11968506601
CMP_102,CUST_0652,2026-03-29,Google Ads,Personal Care,Seasonal,Delhi,Regular,18,76872.84788107124,540132,25871,13892,1380,1616609.2580994002,6,13319.208435750827
CMP_045,CUST_0666,2026-02-05,Meta Ads,Snacks,Conversion,Delhi,Premium,23,18112.665895111288,89140,3030,801,42,49287.00808121949,5,6130.87769141519
CMP_037,CUST_0118,2026-01-02,Email,Home Care,Product Launch,Bangalore,Premium,40,82974.91177820877,345342,23704,9542,1286,1873498.5944768027,10,33577.050843162724
CMP_108,CUST_0804,2026-05-24,Google Ads,Personal Care,Retargeting,Bangalore,Premium,40,89621.97477296623,510839,29169,10072,692,1194634.879733446,3,3869.6164801838813
CMP_133,CUST_0235,2026-05-19,Google Ads,Beverages,Product Launch,Kolkata,Premium,37,19198.4302869131,64962,1999,924,78,100004.55741351226,2,4124.291924935483
CMP_120,CUST_1211,2026-04-15,Instagram,Packaged Foods,Retargeting,Mumbai,Budget,52,94314.56626840941,284494,10260,5497,183,102712.33587355353,3,4759.134709773452
CMP_076,CUST_0691,2026-03-04,Meta Ads,Packaged Foods,Retargeting,Hyderabad,Premium,59,69407.21707057203,345234,9795,3558,180,223011.13279631326,1,1030.6415758181531
CMP_124,CUST_0909,2026-04-08,Email,Packaged Foods,Product Launch,Kolkata,Regular,26,37610.537687803255,122416,7343,2996,289,384269.49557276594,7,17071.449341572585
CMP_038,CUST_0890,2026-09-21,Meta Ads,Home Care,Awareness,Chennai,Premium,46,29904.317157571368,168188,4911,1895,89,99562.80677604354,8,20294.602934444832
CMP_124,CUST_0311,2026-06-22,Instagram,Beverages,Conversion,Delhi,Regular,61,77530.22038124806,250409,8151,2414,126,122059.6952567834,7,9081.201010260347
CMP_126,CUST_0791,2026-07-05,LinkedIn,Home Care,Retargeting,Bangalore,Regular,28,10161.14861169514,34852,752,446,28,46945.363032220346,2,6154.143983138143
CMP_150,CUST_0213,2026-04-19,Meta Ads,Snacks,Retargeting,Mumbai,Regular,54,14918.426906862887,38905,1215,632,38,31478.97506390003,2,4264.420825803942
CMP_134,CUST_0832,2026-07-01,LinkedIn,Home Care,Seasonal,Chennai,Regular,40,35495.58881789112,82126,2780,1213,56,87672.0665049074,7,10847.164529403675
CMP_097,CUST_1276,2026-06-05,LinkedIn,Personal Care,Product Launch,Mumbai,Premium,20,51716.826641312255,347399,8015,3491,192,406488.01873904804,4,10147.773673800772
CMP_071,CUST_1227,2026-08-19,Google Ads,Snacks,Product Launch,Kolkata,Regular,29,90250.28568325154,224049,9495,3713,285,297370.98305383325,8,13229.750495474644
CMP_020,CUST_0706,2026-04-19,Meta Ads,Snacks,Product Launch,Chennai,Regular,19,63445.0327119412,155499,5495,2555,110,115309.38066155488,5,3879.0093447078943
CMP_092,CUST_0937,2026-08-13,Instagram,Home Care,Retargeting,Chennai,Budget,60,55013.2099629805,426380,17062,9295,406,295298.1530299586,9,12168.48467033662
CMP_085,CUST_0305,2026-06-25,Email,Packaged Foods,Conversion,Hyderabad,Premium,40,7594.117105521465,21338,1643,469,53,105398.18055024411,4,14570.847190356508
CMP_064,CUST_1061,2026-04-21,Meta Ads,Snacks,Awareness,Chennai,Budget,38,42166.22565918183,116189,4157,2473,166,126175.21313160517,4,6386.205240786922
CMP_104,CUST_1041,2026-05-21,YouTube,Packaged Foods,Conversion,Bangalore,Budget,43,16985.942398657113,42386,940,463,22,12025.528139941449,1,1344.1878583727216
CMP_125,CUST_0990,2026-03-30,Meta Ads,Home Care,Awareness,Pune,Regular,39,30853.90869373005,92383,2306,1206,47,49795.970403086736,7,6585.283724798896
CMP_135,CUST_1151,2026-09-03,LinkedIn,Home Care,Seasonal,Kolkata,Budget,41,26557.508887586562,62808,1685,688,34,39712.04664650363,11,27844.085244928105
CMP_102,CUST_0386,2026-04-16,Instagram,Packaged Foods,Seasonal,Kolkata,Regular,54,70710.66476136749,166947,7224,2167,102,74814.66605253814,11,16584.79238174106
CMP_145,CUST_0898,2026-03-07,Google Ads,Personal Care,Awareness,Delhi,Regular,58,65876.11364316673,248108,13067,5246,539,694041.9642015684,9,11681.861193649134
CMP_016,CUST_1200,2026-06-01,Google Ads,Snacks,Seasonal,Delhi,Regular,23,72196.41507351234,243496,12951,6550,349,420000.2218997983,4,9636.32970536702
CMP_147,CUST_1259,2026-08-06,Meta Ads,Home Care,Retargeting,Mumbai,Premium,25,82957.88152145002,559421,16936,9271,346,437359.7501174034,9,12903.092338099514
CMP_039,CUST_1212,2026-07-28,Meta Ads,Snacks,Retargeting,Delhi,Budget,40,10999.313004196278,28464,772,371,34,23417.790555194315,3,3413.179253153743
CMP_134,CUST_0808,2026-06-02,LinkedIn,Beverages,Seasonal,Bangalore,Premium,42,82547.77840468532,377091,9304,2798,127,239430.4105969735,3,8596.801727212081
CMP_001,CUST_0311,2026-06-08,YouTube,Personal Care,Seasonal,Kolkata,Regular,56,55669.66486250798,203520,4125,2438,85,66524.55790163543,10,15508.20431805401
CMP_050,CUST_1367,2026-07-23,Meta Ads,Personal Care,Awareness,Bangalore,Premium,33,94562.17954902041,383089,9116,5384,403,434831.0211848904,8,18214.96973536311
CMP_142,CUST_1065,2026-03-28,LinkedIn,Packaged Foods,Retargeting,Hyderabad,Budget,52,94474.38228998432,618625,18321,10085,295,270548.46987759287,11,20989.391437789065
CMP_007,CUST_0054,2026-02-28,YouTube,Home Care,Awareness,Hyderabad,Premium,61,61123.816903438004,218134,5503,2113,58,63313.50176706845,8,20106.131383133303
CMP_052,CUST_0751,2026-01-25,Email,Packaged Foods,Product Launch,Mumbai,Budget,51,90726.7822769999,540151,34767,10909,1329,1445368.5675536278,9,9611.601718946638
CMP_143,CUST_0005,2026-06-10,Instagram,Home Care,Retargeting,Hyderabad,Regular,36,70475.4624801495,275992,7441,1949,108,106313.95947954865,9,11431.666247369278
CMP_013,CUST_1123,2026-01-10,Meta Ads,Packaged Foods,Retargeting,Chennai,Budget,31,56040.00950707468,149369,5145,1667,129,100077.933463319,10,11144.639527466823
CMP_107,CUST_1263,2026-01-03,YouTube,Home Care,Conversion,Bangalore,Regular,61,88554.52381564186,233757,5366,2277,106,70475.22167086054,4,3075.8857621499274
CMP_092,CUST_0049,2026-02-08,Instagram,Home Care,Awareness,Mumbai,Premium,43,13784.443544662667,45062,1622,737,40,43422.644132068956,11,28739.532348353892
CMP_116,CUST_0022,2026-04-07,Google Ads,Packaged Foods,Product Launch,Bangalore,Budget,18,56820.13297377513,173908,7859,3158,203,164354.63532419872,7,6425.447788003561
CMP_072,CUST_0906,2026-03-04,Email,Beverages,Retargeting,Mumbai,Premium,60,64468.43405152009,328343,27615,15104,1696,2565834.3418982923,2,3320.305540499209
CMP_113,CUST_1250,2026-07-02,YouTube,Beverages,Seasonal,Pune,Budget,50,8045.488984090913,28797,374,168,2,1288.7507487674955,2,2092.4578079503503
CMP_042,CUST_0714,2026-01-31,LinkedIn,Packaged Foods,Retargeting,Chennai,Premium,55,94815.4046841142,651180,15701,8288,385,713110.9437856991,7,27632.844004135808
CMP_061,CUST_0820,2026-04-18,Instagram,Home Care,Retargeting,Bangalore,Budget,19,55326.46726128922,293334,8919,4750,247,171876.25929717103,8,12747.19654475495
CMP_134,CUST_0947,2026-06-18,Meta Ads,Snacks,Conversion,Kolkata,Regular,45,18730.172672968605,58897,1829,833,44,46020.40543324804,4,5925.832157650199
CMP_093,CUST_0245,2026-01-01,LinkedIn,Packaged Foods,Seasonal,Delhi,Regular,61,87027.71050288489,292564,5546,2132,66,91973.48216398852,10,29915.862740920988
CMP_004,CUST_0244,2026-02-03,Instagram,Home Care,Product Launch,Chennai,Budget,54,6420.063284431138,16015,639,281,17,10797.658551409833,9,12183.593256636434
CMP_139,CUST_0027,2026-09-02,LinkedIn,Personal Care,Retargeting,Bangalore,Premium,52,83751.42391041634,213659,6983,3020,131,294241.0330729174,6,15467.151207727346
CMP_120,CUST_1361,2026-03-01,LinkedIn,Packaged Foods,Retargeting,Delhi,Premium,22,84547.44136855102,194773,6184,2244,105,175535.02044039487,6,14275.017927040295
CMP_057,CUST_0538,2026-06-16,Meta Ads,Beverages,Awareness,Kolkata,Regular,29,68714.42704822832,244039,6971,2597,132,133235.87710352073,3,4603.5453329675665
CMP_042,CUST_1273,2026-05-27,Instagram,Personal Care,Retargeting,Kolkata,Budget,19,65479.45132264527,210918,6416,2938,189,127128.23031909791,9,9032.73254177512
CMP_062,CUST_0417,2026-06-19,Instagram,Beverages,Product Launch,Bangalore,Budget,62,71263.25948151344,161876,5991,1759,100,66055.88838843281,2,2538.8375641963157
CMP_017,CUST_0509,2026-06-29,Email,Personal Care,Conversion,Hyderabad,Premium,43,19354.074341028932,54012,4608,2262,143,212758.72678870746,8,30215.888646432213
CMP_119,CUST_0988,2026-01-04,Email,Packaged Foods,Seasonal,Mumbai,Budget,27,69564.93064342946,462234,37693,19013,2433,2485255.2539772987,6,13008.795675221785
CMP_054,CUST_0040,2026-06-01,YouTube,Home Care,Retargeting,Hyderabad,Regular,39,55034.54219835947,125939,1903,928,31,21002.905986035876,6,11025.399334061727
CMP_005,CUST_0583,2026-02-07,Email,Personal Care,Awareness,Mumbai,Budget,42,50430.87941543521,295407,28694,13192,1202,1278553.0809987606,11,16496.684584728497
CMP_119,CUST_0666,2026-06-10,LinkedIn,Beverages,Seasonal,Kolkata,Regular,35,57746.3542460417,447769,7265,2309,71,90444.58550621066,3,4261.597004950676
CMP_110,CUST_0132,2026-07-18,Google Ads,Snacks,Product Launch,Chennai,Premium,20,48702.202768524876,120869,5488,2305,143,181663.1780194561,2,3270.197746631584
CMP_124,CUST_0523,2026-03-08,Email,Beverages,Awareness,Chennai,Premium,51,9353.040008675733,30446,2805,1019,117,183201.08888547527,7,27375.586194570707
CMP_016,CUST_1208,2026-07-21,LinkedIn,Home Care,Awareness,Pune,Regular,32,59103.79165951956,207841,5685,1988,85,137221.91795630511,8,17120.204420152968
CMP_108,CUST_1467,2026-05-11,LinkedIn,Beverages,Product Launch,Hyderabad,Regular,57,16458.9745911398,39770,899,365,22,36675.09086954279,2,5276.8151328641525
CMP_125,CUST_0061,2026-05-26,Email,Personal Care,Seasonal,Bangalore,Premium,46,13020.234804645344,80863,7522,4182,427,670769.4340791584,7,24973.201693313094
CMP_076,CUST_0427,2026-05-11,LinkedIn,Packaged Foods,Retargeting,Bangalore,Budget,57,76022.28921380275,187189,4526,1916,111,107722.4967302738,6,6864.401198201843
CMP_025,CUST_0066,2026-08-18,Google Ads,Packaged Foods,Retargeting,Chennai,Budget,55,20981.202935078283,74687,3735,2170,164,115038.53709988018,11,18690.318297072474
CMP_018,CUST_0706,2026-01-06,Google Ads,Snacks,Conversion,Bangalore,Budget,40,99550.41360795492,466739,22104,8355,716,544087.1842382059,3,5304.0283492029075
CMP_090,CUST_0382,2026-06-06,Email,Home Care,Retargeting,Mumbai,Regular,62,76383.49603795985,299557,29218,14202,1674,1789430.065936568,5,9843.745506768855
CMP_053,CUST_0088,2026-03-03,YouTube,Home Care,Awareness,Mumbai,Budget,40,48772.265042836974,327889,5511,3038,81,48437.458596360855,3,3905.8384730775315
CMP_082,CUST_1362,2026-09-25,Meta Ads,Personal Care,Retargeting,Kolkata,Regular,22,20105.387553552893,53114,1382,612,46,39176.9931503951,10,14395.241557241969
CMP_068,CUST_0811,2026-05-26,Instagram,Snacks,Conversion,Mumbai,Budget,50,6805.521871519018,25435,1070,615,17,9429.239577442906,10,7300.238555838775
CMP_105,CUST_1278,2026-07-03,Email,Personal Care,Seasonal,Hyderabad,Premium,19,58365.40179256269,255581,18951,4994,493,946800.023188253,8,26371.822761670526
CMP_105,CUST_1002,2026-02-06,Google Ads,Beverages,Conversion,Delhi,Premium,46,22519.971314481994,126471,3864,2316,147,253599.0028765197,1,2258.0922362098354
CMP_066,CUST_0922,2026-09-28,Instagram,Home Care,Product Launch,Bangalore,Premium,37,47545.99243588659,135224,4264,1415,107,127313.44556667093,10,21642.892394670587
CMP_013,CUST_0291,2026-05-26,Email,Personal Care,Awareness,Bangalore,Budget,27,41697.577916689384,109128,12303,4563,646,587028.7297784787,5,10855.307658565356
CMP_109,CUST_0802,2026-03-14,Meta Ads,Packaged Foods,Product Launch,Delhi,Budget,62,65435.811125788605,248869,8901,3776,211,159611.93357637394,7,11024.80707345823
CMP_072,CUST_1335,2026-05-24,Google Ads,Packaged Foods,Seasonal,Delhi,Regular,24,95185.7197783249,317096,15483,4937,275,297501.31500871497,7,13297.360296804713
CMP_140,CUST_1468,2026-08-17,Google Ads,Snacks,Retargeting,Hyderabad,Budget,26,9968.306401799782,25378,1208,715,53,49186.28860938316,3,4575.5517224583655
CMP_115,CUST_0979,2026-03-01,YouTube,Snacks,Product Launch,Mumbai,Regular,53,11007.995308720278,39254,718,207,4,3011.583563889777,2,3097.9820388715525
CMP_083,CUST_0010,2026-03-25,Google Ads,Snacks,Conversion,Chennai,Budget,22,10236.929625490371,30665,1266,578,43,40963.054786247005,10,12481.048707223357
CMP_069,CUST_1181,2026-03-30,Email,Beverages,Retargeting,Bangalore,Regular,34,65035.72113742746,164770,13877,8075,1002,1147956.910563336,5,12642.02193545582
CMP_026,CUST_0806,2026-08-23,Google Ads,Personal Care,Awareness,Mumbai,Regular,19,71231.24363511629,341558,14226,3713,292,275112.25873178843,7,17060.770168040563
CMP_052,CUST_0468,2026-07-11,Instagram,Packaged Foods,Conversion,Mumbai,Premium,58,79066.86961487363,220872,7711,3904,194,227919.1239177398,2,5589.941831398104
CMP_113,CUST_0386,2026-08-19,Meta Ads,Snacks,Conversion,Chennai,Budget,31,30959.774919158503,154658,5058,1420,70,50999.70555155637,8,6192.845135902172
CMP_071,CUST_1243,2026-06-20,LinkedIn,Packaged Foods,Retargeting,Kolkata,Regular,21,67784.73016533717,484404,14709,6971,289,438857.8071031094,6,15030.110971371018
CMP_092,CUST_0238,2026-06-10,YouTube,Beverages,Seasonal,Hyderabad,Budget,32,94570.29632756267,416512,10539,3802,89,51792.93402067044,5,3024.205162094642
CMP_132,CUST_1432,2026-08-29,YouTube,Personal Care,Retargeting,Delhi,Premium,58,84178.16358268473,322871,6504,3287,119,140149.04736486953,11,26233.381203718844
CMP_148,CUST_0888,2026-09-17,Google Ads,Snacks,Seasonal,Hyderabad,Regular,20,52918.09745706226,255360,9141,4434,400,466255.31964327575,11,30172.04265510504
CMP_105,CUST_0888,2026-04-05,Email,Packaged Foods,Seasonal,Chennai,Premium,50,8599.264306745607,21121,1828,599,67,111198.40396639274,11,37125.92692622669
CMP_103,CUST_1282,2026-03-05,Email,Personal Care,Retargeting,Delhi,Budget,57,95527.59056141727,229218,21313,11479,1105,1130905.4847568253,6,6663.470474211028
CMP_009,CUST_0398,2026-09-24,Email,Beverages,Conversion,Hyderabad,Premium,37,10833.049932322687,31237,2445,1280,89,140003.72388854861,10,14555.600232734181
CMP_149,CUST_1133,2026-07-24,Meta Ads,Personal Care,Product Launch,Mumbai,Premium,33,77133.45583754577,416391,11447,6822,389,433247.0357975365,11,29473.373873414057
CMP_049,CUST_1212,2026-07-19,Instagram,Home Care,Product Launch,Chennai,Budget,59,15759.118612727918,35932,1267,466,13,9824.510539271061,8,10305.768923176505
CMP_085,CUST_0293,2026-05-20,Instagram,Packaged Foods,Retargeting,Kolkata,Budget,48,54655.38369510719,173677,7462,3780,206,157066.13953196633,2,3081.120956002355
CMP_101,CUST_0721,2026-09-01,Google Ads,Home Care,Awareness,Bangalore,Budget,63,6827.590187359276,23829,1052,583,27,21639.952580798603,7,8662.296177514909
CMP_050,CUST_0999,2026-03-04,YouTube,Beverages,Awareness,Bangalore,Budget,42,73721.69479227008,310495,6038,2742,102,66356.09542378531,11,11330.750863712812
CMP_090,CUST_0885,2026-04-15,Instagram,Personal Care,Product Launch,Kolkata,Premium,29,19528.216973527837,53367,1821,667,27,26978.529733259795,11,20801.56871328824
CMP_039,CUST_1423,2026-04-27,YouTube,Personal Care,Seasonal,Delhi,Premium,53,18731.556036055812,49683,1336,508,13,14903.608679114554,2,4603.545999734086
CMP_112,CUST_0611,2026-03-16,Google Ads,Beverages,Product Launch,Pune,Premium,39,27934.102085276412,185311,7477,1936,124,204320.46431496606,11,23636.375199005855
CMP_072,CUST_0456,2026-04-20,Meta Ads,Personal Care,Awareness,Hyderabad,Budget,55,90789.09079175342,410025,12872,4464,334,224469.81567918987,11,10209.295314463154
CMP_109,CUST_0515,2026-02-17,Instagram,Packaged Foods,Retargeting,Kolkata,Budget,55,52687.35312769646,364515,11999,3007,197,121373.67992532681,1,905.9435099505914
CMP_030,CUST_0777,2026-05-06,YouTube,Beverages,Awareness,Chennai,Budget,58,47396.66985120126,382697,7977,4626,132,65461.32792901946,6,5081.985753043763
CMP_145,CUST_0695,2026-07-07,Google Ads,Beverages,Awareness,Delhi,Budget,47,9645.289415190318,29467,1229,395,38,26876.417072387376,7,8044.226207641222
CMP_094,CUST_1279,2026-06-06,Email,Home Care,Retargeting,Delhi,Regular,60,24302.246659195585,113325,8113,4537,508,645977.3761764332,1,1040.7685266736703
CMP_082,CUST_0079,2026-08-05,Email,Home Care,Seasonal,Delhi,Premium,21,91631.18734172602,319594,26077,6684,519,966147.3789966085,4,11520.949584579987
CMP_110,CUST_0715,2026-09-26,Instagram,Personal Care,Retargeting,Delhi,Premium,52,40982.1861414198,330368,11319,4928,132,150782.05703219445,4,5868.685940570723
CMP_060,CUST_1389,2026-02-13,Meta Ads,Snacks,Awareness,Pune,Regular,33,73659.83791502408,269338,8288,3798,193,180338.28227931116,3,2483.4830177984363
CMP_068,CUST_0778,2026-04-09,Instagram,Home Care,Conversion,Mumbai,Premium,61,38011.64332797755,133536,4242,1210,40,42685.82134017244,5,5465.837360002754
CMP_136,CUST_1262,2026-01-04,YouTube,Home Care,Product Launch,Delhi,Budget,24,9435.406923615488,24667,518,280,4,2597.609407577974,9,8234.9175488986
CMP_064,CUST_1462,2026-06-26,Email,Packaged Foods,Conversion,Pune,Regular,52,94608.55860269137,278631,22790,7758,695,834884.9246265126,8,14072.218504933706
CMP_091,CUST_0639,2026-08-25,Google Ads,Personal Care,Conversion,Pune,Budget,33,75594.23282465788,375828,21089,11260,453,319604.37524120795,2,3425.2245943888774
CMP_137,CUST_0980,2026-06-16,Google Ads,Personal Care,Awareness,Bangalore,Regular,45,20864.53370140175,166921,7614,3888,360,418005.10190379375,7,15473.927821625863
CMP_017,CUST_0905,2026-09-28,Instagram,Personal Care,Conversion,Hyderabad,Premium,20,82283.26330896797,411870,18025,7703,357,433316.82854030613,8,21024.026749707125
CMP_021,CUST_0655,2026-08-14,YouTube,Personal Care,Awareness,Pune,Budget,50,67739.2592943312,457179,9796,3571,147,90423.8184685558,8,5015.18439284847
CMP_091,CUST_0428,2026-08-30,Instagram,Personal Care,Product Launch,Chennai,Premium,36,50817.07364359376,164970,5386,2730,146,158206.8945362382,8,12984.966199670474
CMP_116,CUST_1338,2026-09-20,Instagram,Packaged Foods,Seasonal,Hyderabad,Premium,26,72797.42434769907,223358,8430,2122,72,82087.32682393742,10,19049.163724722628
CMP_026,CUST_0147,2026-08-07,Google Ads,Personal Care,Product Launch,Chennai,Premium,47,72494.93724849186,310088,14364,5732,466,782374.4059264412,6,22053.899374844143
CMP_134,CUST_1061,2026-09-26,Instagram,Home Care,Awareness,Hyderabad,Premium,62,42049.06376248813,212680,8145,4751,325,338535.24450714374,9,25259.86305626331
CMP_096,CUST_0457,2026-09-29,Meta Ads,Personal Care,Retargeting,Bangalore,Regular,29,55325.222860780326,186361,5419,1674,78,69151.18220589502,11,14333.748264236847
CMP_113,CUST_0712,2026-03-03,Google Ads,Beverages,Seasonal,Kolkata,Premium,55,24352.447025068537,107168,5125,1784,115,179913.53602844023,6,7449.797518053151
CMP_130,CUST_0899,2026-06-10,Instagram,Snacks,Conversion,Pune,Budget,41,72785.5831074897,166331,6180,1788,94,65677.74324429454,6,6166.316616859636
CMP_053,CUST_0132,2026-01-10,LinkedIn,Personal Care,Awareness,Hyderabad,Regular,43,58368.56992723846,158039,4267,2396,149,216806.116916115,11,27914.151048889646
CMP_041,CUST_1226,2026-03-20,LinkedIn,Packaged Foods,Retargeting,Pune,Regular,63,82773.06128824332,631318,20647,7266,259,310592.1645521782,11,15905.096481609491
CMP_074,CUST_0690,2026-03-27,Email,Home Care,Awareness,Pune,Regular,56,71297.77548662601,163745,18048,9679,1034,1528822.234872876,11,16150.909456089887
CMP_003,CUST_0795,2026-07-08,YouTube,Beverages,Seasonal,Hyderabad,Budget,27,8550.746809888067,36490,718,396,18,11953.025065855465,9,11984.578315484305
CMP_148,CUST_0937,2026-07-05,Instagram,Snacks,Product Launch,Chennai,Regular,19,62904.72646096087,153918,5414,2804,156,115629.67832896239,9,16756.4501420205
CMP_116,CUST_1413,2026-07-27,Email,Home Care,Conversion,Hyderabad,Premium,46,16332.68861282469,37278,3236,1836,193,346602.17977742053,3,8592.294319845447
CMP_030,CUST_1292,2026-08-19,YouTube,Packaged Foods,Product Launch,Delhi,Budget,42,65291.005340626914,312370,6371,3467,91,50422.67554233176,9,10330.895819266043
CMP_132,CUST_0483,2026-02-25,YouTube,Packaged Foods,Retargeting,Hyderabad,Premium,23,49490.7997086211,147617,2780,1140,66,60008.591416273004,9,8546.89795033143
CMP_120,CUST_0141,2026-03-12,Email,Snacks,Conversion,Pune,Premium,31,89760.240719098,252783,19859,7301,810,1171100.6640245172,6,17327.90574956753
CMP_094,CUST_0699,2026-01-15,Email,Beverages,Seasonal,Kolkata,Budget,25,94420.35817217502,216609,20361,10878,1277,1410266.8257020155,3,3096.834801258632
CMP_121,CUST_1105,2026-04-11,LinkedIn,Personal Care,Conversion,Mumbai,Premium,61,37611.27067977005,88147,2024,1163,65,144384.2755228287,7,27799.362202091776
CMP_121,CUST_0257,2026-09-04,Instagram,Packaged Foods,Conversion,Kolkata,Premium,59,21793.998780295962,164317,4951,2367,118,158511.60232225404,8,11088.851303397463
CMP_030,CUST_0756,2026-01-09,LinkedIn,Packaged Foods,Product Launch,Bangalore,Premium,28,75641.10089012694,198207,4829,2704,111,195161.92717580046,6,12482.695425335134
CMP_062,CUST_0317,2026-06-23,Instagram,Beverages,Awareness,Chennai,Regular,52,13245.969421358392,29825,690,220,9,8203.298833581628,7,6708.625203170439
CMP_137,CUST_0934,2026-01-07,Meta Ads,Personal Care,Awareness,Bangalore,Regular,46,58638.09582355814,241344,7465,3666,134,124351.81352998552,6,9155.479665124874
CMP_020,CUST_0322,2026-02-02,LinkedIn,Personal Care,Seasonal,Bangalore,Premium,34,29275.461384130103,122286,2950,1589,77,135503.2286593503,4,18045.272843773324
CMP_099,CUST_1255,2026-01-13,Email,Home Care,Product Launch,Chennai,Premium,63,34279.95867967585,146126,12757,6501,721,1177926.7111675935,9,23858.686258904552
CMP_041,CUST_0844,2026-05-28,Meta Ads,Beverages,Retargeting,Mumbai,Regular,45,38015.69106162619,139631,3475,1515,70,69298.50854083337,11,12781.036688768747
CMP_042,CUST_0652,2026-01-02,Email,Home Care,Seasonal,Kolkata,Regular,53,6305.624459661258,19857,1717,669,75,84872.54683946894,3,3186.8861349760896
CMP_069,CUST_0232,2026-03-01,Google Ads,Personal Care,Seasonal,Chennai,Premium,19,31935.798521343306,114231,4606,2549,179,278954.2554778736,7,17110.926281066524
CMP_050,CUST_0446,2026-01-05,Email,Packaged Foods,Conversion,Pune,Premium,21,46708.478268099774,205776,16124,5383,381,765430.6454089216,3,10630.529707414014
CMP_020,CUST_1278,2026-07-04,Instagram,Packaged Foods,Product Launch,Chennai,Budget,26,9849.852309342725,57806,2575,985,65,41586.89228860197,7,3636.04740585792
CMP_024,CUST_0074,2026-09-08,Instagram,Packaged Foods,Conversion,Delhi,Regular,19,15016.519038654178,93460,3016,1751,87,83992.54908958633,2,3189.99219824863
CMP_078,CUST_0133,2026-07-11,Instagram,Snacks,Seasonal,Delhi,Regular,55,51353.952452592894,164550,5407,3016,175,154260.68478464044,6,7723.46627002635
CMP_097,CUST_0673,2026-05-31,Email,Home Care,Seasonal,Bangalore,Premium,30,22216.242893078495,60252,3507,891,75,133111.82441106834,2,4088.378266303322
CMP_013,CUST_0667,2026-08-17,Google Ads,Packaged Foods,Awareness,Kolkata,Budget,61,56139.116582185314,172895,5575,3110,248,239221.5960995611,11,15001.688777116751
CMP_113,CUST_0489,2026-03-26,Google Ads,Beverages,Awareness,Mumbai,Premium,45,98350.30534341917,419225,21605,7937,702,1239946.6645739833,2,5577.941109789439
CMP_059,CUST_0650,2026-02-05,LinkedIn,Personal Care,Conversion,Mumbai,Budget,27,84720.90333683343,601569,15962,5534,252,235679.11091848306,4,4862.490435338879
CMP_051,CUST_1331,2026-05-13,Meta Ads,Snacks,Awareness,Hyderabad,Budget,51,11677.385063565827,48756,1302,476,8,4926.596901619844,3,4262.976481373178
CMP_117,CUST_0089,2026-07-30,Meta Ads,Snacks,Retargeting,Kolkata,Premium,19,34211.601583910284,84323,2973,782,45,52565.46314075533,5,15106.829982589647
CMP_045,CUST_0634,2026-02-20,Google Ads,Beverages,Awareness,Hyderabad,Premium,42,50852.12514902961,114862,5802,2255,158,209921.1773627108,1,2405.9936225460096
CMP_115,CUST_0073,2026-06-06,Email,Beverages,Product Launch,Kolkata,Regular,36,84661.93434786175,278974,22483,10089,1202,1677023.562915823,4,8474.531725732384
CMP_028,CUST_0460,2026-09-18,YouTube,Home Care,Retargeting,Bangalore,Premium,49,22660.70908534795,105908,2083,620,21,24296.06018320821,6,14359.717281637077
CMP_130,CUST_1395,2026-09-20,Meta Ads,Packaged Foods,Seasonal,Kolkata,Budget,25,82696.75414490767,275907,8637,3866,186,118843.64566015197,9,8253.051083549552
CMP_125,CUST_0632,2026-01-29,Instagram,Personal Care,Awareness,Mumbai,Premium,27,32659.458261563435,79712,2485,890,42,57831.89314109012,8,16930.369644792776
CMP_037,CUST_0414,2026-07-26,YouTube,Home Care,Retargeting,Mumbai,Budget,54,10631.392799383011,28900,551,159,1,568.7752416227304,8,7470.3279860298235
CMP_014,CUST_1177,2026-09-26,Google Ads,Home Care,Product Launch,Mumbai,Premium,32,54628.66553137665,302627,10100,6040,407,549498.0503378491,7,17768.65027059423
CMP_116,CUST_1056,2026-09-23,Google Ads,Beverages,Conversion,Chennai,Budget,29,69800.3487601305,158378,4976,1902,156,146277.62545292388,4,4156.830281471848
CMP_062,CUST_1441,2026-09-19,Instagram,Snacks,Awareness,Hyderabad,Premium,35,55681.489546056386,173764,5486,2023,98,130553.16769855839,3,5145.1143293760715
CMP_128,CUST_1002,2026-02-10,Instagram,Snacks,Product Launch,Mumbai,Regular,41,93216.02977153577,401115,15702,9028,538,490582.47684522707,9,14841.78598804681
CMP_118,CUST_1311,2026-05-31,Instagram,Beverages,Conversion,Kolkata,Regular,50,25512.028713877702,208410,8497,3229,101,97306.72973414505,8,10310.093474305688
CMP_082,CUST_0356,2026-05-10,Email,Beverages,Product Launch,Bangalore,Regular,20,80496.13940897939,180892,14865,8308,1152,1305318.3461068345,9,13473.673136409145
CMP_062,CUST_0833,2026-08-23,YouTube,Beverages,Conversion,Delhi,Premium,56,46513.000752890206,134240,3184,1150,39,35187.97330624487,2,4019.714173327822
CMP_103,CUST_1207,2026-08-18,LinkedIn,Packaged Foods,Awareness,Mumbai,Budget,22,86260.08561782731,259342,7038,3495,138,140266.59247434538,11,10318.143559095695
CMP_036,CUST_0112,2026-03-08,YouTube,Personal Care,Seasonal,Mumbai,Regular,29,42946.98553984818,206993,3527,1256,39,27899.794358773135,8,9455.751050485716
CMP_018,CUST_0405,2026-07-28,Email,Personal Care,Product Launch,Mumbai,Premium,45,,145105,12113,4634,668,1003983.014414623,4,5851.109232844747
CMP_027,CUST_1310,2026-09-16,LinkedIn,Home Care,Product Launch,Kolkata,Budget,48,80957.6116787692,263843,5561,1730,54,56802.83321728961,6,7388.383466849155
CMP_106,CUST_0083,2026-09-27,Instagram,Snacks,Conversion,Bangalore,Premium,52,10958.068223341532,67913,2633,812,36,46675.461543616075,10,21843.902635856437
CMP_139,CUST_1187,2026-09-04,Google Ads,Personal Care,Conversion,Pune,Budget,52,82227.47077022545,556791,26894,9757,898,677855.4136691806,6,4226.479746562047
CMP_128,CUST_1450,2026-09-29,Email,Snacks,Product Launch,Kolkata,Budget,32,74611.64858870313,186888,13334,3390,423,449474.3151159858,2,3478.575759392244
CMP_021,CUST_0710,2026-01-06,YouTube,Personal Care,Conversion,Delhi,Regular,57,91519.33403857409,353418,7737,3401,127,106119.43277883354,4,6216.918548601411
CMP_087,CUST_0261,2026-05-02,YouTube,Snacks,Retargeting,Kolkata,Premium,64,97253.59847346954,580298,10227,5442,138,128820.53436441062,9,22157.387311505434
CMP_107,CUST_0922,2026-08-19,Email,Personal Care,Product Launch,Kolkata,Regular,36,59273.26400495576,183535,13905,7932,1125,1385669.6274041377,6,11692.022490234553
CMP_072,CUST_1382,2026-01-31,YouTube,Packaged Foods,Conversion,Bangalore,Budget,51,43870.90889221755,181921,3788,2063,91,52677.763246707145,7,9691.343564204439
CMP_108,CUST_0346,2026-07-23,Google Ads,Beverages,Seasonal,Delhi,Regular,28,54392.83848415009,389030,17575,8925,397,436220.3240098029,2,2271.926093699959
CMP_105,CUST_1240,2026-05-09,Email,Home Care,Conversion,Kolkata,Regular,57,34470.8827023129,192445,13912,3846,395,437188.42886345775,10,11509.547041287735
CMP_016,CUST_1160,2026-06-19,Meta Ads,Personal Care,Product Launch,Bangalore,Premium,34,81809.78132229457,196883,6474,3280,96,133170.02714345505,7,15856.202697325403
CMP_142,CUST_1125,2026-06-09,Instagram,Packaged Foods,Product Launch,Bangalore,Regular,45,7841.642925699674,25813,746,408,23,17664.479975103273,3,6103.657729619755
CMP_104,CUST_0310,2026-04-08,YouTube,Personal Care,Conversion,Pune,Premium,44,9780.80948702405,22112,426,197,2,1974.3934300130702,6,13556.346855978287
CMP_118,CUST_0958,2026-08-22,Email,Home Care,Retargeting,Hyderabad,Regular,33,17837.754280018926,86123,7255,3022,420,534730.8011401631,7,13385.909476169658
CMP_031,CUST_1499,2026-04-15,LinkedIn,Home Care,Product Launch,Kolkata,Regular,31,36153.92479047755,100637,3210,1110,41,54835.349171447124,4,5772.950226364284
CMP_114,CUST_0575,2026-04-01,LinkedIn,Home Care,Awareness,Chennai,Budget,44,39844.56817159438,242906,5641,2516,95,103558.48960841021,8,19921.460910863287
CMP_109,CUST_0925,2026-06-14,Instagram,Beverages,Conversion,Mumbai,Budget,63,36554.460721904674,174441,3943,1836,114,63668.120879037684,10,7383.223590280506
CMP_125,CUST_0364,2026-07-06,Instagram,Personal Care,Retargeting,Pune,Budget,25,24383.801745958866,68813,2561,1097,57,34968.33061672236,11,14387.801146386235
CMP_048,CUST_0647,2026-04-09,Google Ads,Personal Care,Retargeting,Hyderabad,Premium,52,58082.63620656913,143618,5446,2351,113,168246.09691828347,3,9970.146893523142
CMP_127,CUST_0023,2026-07-07,Instagram,Packaged Foods,Conversion,Kolkata,Regular,19,48569.9860533426,125629,4058,1846,133,122321.25661110233,3,4002.3272757200925
CMP_053,CUST_0088,2026-02-06,Email,Beverages,Product Launch,Mumbai,Premium,37,97513.11596266768,484989,36410,15598,1386,2514090.970911781,5,20990.43220754887
CMP_085,CUST_1146,2026-09-14,Meta Ads,Personal Care,Conversion,Mumbai,Budget,45,,622528,20785,6849,294,222034.03691815687,1,589.3336087899688
CMP_023,CUST_0727,2026-06-03,Email,Packaged Foods,Retargeting,Kolkata,Premium,23,28942.155467070977,140309,9660,4364,331,500840.80248803203,1,3955.3926941685813
CMP_043,CUST_1165,2026-04-02,YouTube,Snacks,Retargeting,Mumbai,Premium,37,48442.59292370621,116656,2363,743,28,24113.64956521338,5,4404.272339989786
CMP_128,CUST_0584,2026-01-25,Google Ads,Personal Care,Conversion,Hyderabad,Regular,31,70147.56972030818,291338,12585,7207,448,505293.48652860225,11,17736.12823903757
CMP_125,CUST_1321,2026-05-10,YouTube,Beverages,Awareness,Kolkata,Budget,18,59693.32816766464,245067,5317,1712,41,21584.070936149918,1,940.7830523402364
CMP_021,CUST_0150,2026-05-02,LinkedIn,Packaged Foods,Awareness,Mumbai,Regular,18,49581.30876953424,237059,4869,1587,106,173452.80665884604,10,30342.955190290984
CMP_043,CUST_0049,2026-06-29,Google Ads,Home Care,Conversion,Delhi,Premium,60,23446.247809854198,69857,3308,1116,79,130364.63179620147,9,31311.081276733115
CMP_033,CUST_0314,2026-03-20,YouTube,Personal Care,Seasonal,Mumbai,Regular,41,86970.11572439193,533382,8500,3693,143,109431.71122681395,7,5708.596882967232
CMP_049,CUST_1466,2026-09-07,YouTube,Home Care,Seasonal,Mumbai,Premium,25,7860.800061644131,22869,492,178,2,2266.823064488817,8,9566.384606294267
CMP_018,CUST_0763,2026-03-09,YouTube,Packaged Foods,Seasonal,Kolkata,Regular,63,69794.94598096976,156021,2807,859,31,23624.319318365626,11,19707.50215471714
CMP_121,CUST_0690,2026-06-11,LinkedIn,Home Care,Seasonal,Mumbai,Premium,47,32342.39564918115,139420,3531,1342,50,81093.1736310702,1,4679.127831143937
CMP_117,CUST_0665,2026-08-28,Instagram,Personal Care,Product Launch,Delhi,Premium,39,34549.35935357674,149599,5587,2438,150,149637.82491491857,9,20512.982474248034
CMP_115,CUST_0803,2026-03-06,LinkedIn,Beverages,Product Launch,Hyderabad,Budget,37,77699.11748766061,628379,17437,7822,422,385505.13439653907,6,7195.132472463987
CMP_025,CUST_0368,2026-07-04,LinkedIn,Beverages,Conversion,Hyderabad,Regular,24,44213.31542464365,202233,4494,2365,124,172381.4271351831,7,18112.241341402994
CMP_063,CUST_1039,2026-05-10,Email,Home Care,Conversion,Delhi,Budget,52,17114.315773185102,48155,2662,1531,137,126031.09886988153,5,4380.923809304373
CMP_001,CUST_1257,2026-03-18,Google Ads,Home Care,Awareness,Kolkata,Budget,48,73443.88320916492,456214,20950,11459,1035,756145.5040813996,8,6352.701014529032
CMP_057,CUST_0326,2026-07-15,YouTube,Beverages,Product Launch,Mumbai,Budget,27,20927.60727317713,67746,1216,387,16,9714.726657198975,2,2770.0799824996825
CMP_005,CUST_0411,2026-01-07,Meta Ads,Snacks,Retargeting,Hyderabad,Premium,22,89988.01618158093,233429,5157,1555,74,84737.97446655693,9,9388.830626425934
CMP_002,CUST_0095,2026-06-27,Google Ads,Packaged Foods,Conversion,Chennai,Regular,53,77169.19077783065,197066,9352,3449,236,225832.84090279683,1,1248.9470626640084
CMP_133,CUST_0427,2026-08-23,Google Ads,Personal Care,Seasonal,Pune,Premium,38,51237.23884897973,211940,11634,6739,569,795230.3023901773,7,18650.466257193708
CMP_134,CUST_0985,2026-01-08,Instagram,Packaged Foods,Conversion,Delhi,Premium,52,80349.94312948933,577047,23030,8765,462,624999.7851563693,5,9787.410674502442
CMP_057,CUST_1020,2026-02-01,Instagram,Snacks,Awareness,Kolkata,Budget,38,32173.792349430532,118151,4774,2220,94,69351.97106996621,3,3857.1856330727933
CMP_083,CUST_0374,2026-07-18,Meta Ads,Home Care,Awareness,Kolkata,Budget,24,18311.93402295759,96229,2564,1499,46,35553.065094054604,1,1186.8881814403314
CMP_047,CUST_0648,2026-06-22,Meta Ads,Beverages,Retargeting,Kolkata,Premium,40,82203.49942228923,274003,8200,3206,126,130772.92376160901,9,19763.16507899708
CMP_094,CUST_0931,2026-05-18,Email,Beverages,Conversion,Delhi,Regular,45,77579.89250663795,290669,26301,8913,1129,1254704.9466716072,3,4725.892680789407
CMP_143,CUST_1366,2026-02-11,Google Ads,Personal Care,Conversion,Hyderabad,Regular,63,10949.277065918535,27686,1182,467,32,41335.29226807722,10,22727.91805461123
CMP_012,CUST_0965,2026-03-28,Meta Ads,Beverages,Seasonal,Delhi,Premium,64,90617.84604281886,382004,12807,6300,337,487961.71114473074,8,22361.501859296186
CMP_131,CUST_0269,2026-09-01,Email,Beverages,Awareness,Chennai,Budget,20,64968.36475569631,191474,19234,10032,1202,1331212.8799100881,4,7957.462112789128
CMP_041,CUST_1248,2026-02-20,LinkedIn,Personal Care,Product Launch,Kolkata,Budget,57,33019.239980665414,156021,4204,1409,62,67693.55567768324,7,17909.13309746541
CMP_020,CUST_0674,2026-05-22,Instagram,Personal Care,Product Launch,Kolkata,Premium,59,59838.6459292277,222388,7586,3059,113,122693.95597841697,1,1933.040656660275
CMP_089,CUST_0168,2026-04-01,Email,Packaged Foods,Product Launch,Delhi,Premium,39,66962.34068443437,459933,32228,18989,1888,3062592.5376299885,2,8429.594561338094
CMP_025,CUST_0445,2026-01-31,Google Ads,Home Care,Conversion,Chennai,Budget,34,47677.904226163984,196545,8508,4572,336,317646.99602691585,6,9416.273184951597
CMP_007,CUST_0383,2026-06-11,Instagram,Packaged Foods,Product Launch,Delhi,Premium,38,31140.9210900815,118605,3406,1011,44,47685.352938133954,7,10796.807606313312
CMP_076,CUST_1005,2026-01-13,LinkedIn,Packaged Foods,Awareness,Chennai,Premium,62,21921.22008519808,81372,2224,1272,46,91259.29046215035,5,10972.17901869024
CMP_048,CUST_0668,2026-07-03,YouTube,Packaged Foods,Conversion,Pune,Premium,38,87680.05549221618,213674,5203,2506,90,108149.59426690805,5,6313.39105353253
CMP_149,CUST_1357,2026-03-04,LinkedIn,Beverages,Awareness,Delhi,Regular,49,46186.51760169883,192280,5099,2983,126,209113.67487083687,9,20118.747855465754
CMP_030,CUST_1262,2026-04-27,LinkedIn,Home Care,Product Launch,Delhi,Regular,21,57854.57113051317,147402,3376,1648,94,131934.52857260822,3,4050.690179158534
CMP_083,CUST_0190,2026-02-17,LinkedIn,Home Care,Seasonal,Chennai,Budget,27,24127.221989152848,138157,3230,1140,37,45233.48290622299,1,1853.475995549548
CMP_128,CUST_1395,2026-07-09,Email,Beverages,Conversion,Delhi,Budget,33,65117.90262719952,265310,20089,10739,1094,966941.3823863392,7,13816.53910086867
CMP_038,CUST_0612,2026-03-03,Meta Ads,Beverages,Conversion,Hyderabad,Premium,29,25461.175808428172,71899,2336,1102,57,66588.89585397141,9,17674.31559735837
CMP_143,CUST_0093,2026-05-02,Email,Snacks,Seasonal,Hyderabad,Regular,61,69058.26229984392,164835,12353,7258,529,671777.2987073793,9,22813.64531465509
CMP_040,CUST_0547,2026-01-15,YouTube,Snacks,Retargeting,Delhi,Regular,60,41481.224565259,97180,2495,1283,51,44873.94229666248,8,5917.188715268049
CMP_019,CUST_0916,2026-01-24,LinkedIn,Snacks,Conversion,Hyderabad,Premium,30,75925.65451351124,212020,5338,2113,109,207646.2500984352,7,16974.599336859177
CMP_140,CUST_0306,2026-01-06,LinkedIn,Personal Care,Product Launch,Delhi,Regular,54,75778.88247492495,192126,4801,2110,96,143052.3393063783,10,19133.902670856463
CMP_039,CUST_1305,2026-04-08,Instagram,Personal Care,Seasonal,Pune,Premium,59,47864.11607173867,122861,3562,1599,73,74966.45512451742,1,1836.972338942065
CMP_060,CUST_0423,2026-05-06,Google Ads,Beverages,Seasonal,Kolkata,Regular,28,19405.835555925376,47734,2173,741,63,69399.91669007321,2,4102.183496998812
CMP_067,CUST_0186,2026-03-18,Meta Ads,Packaged Foods,Retargeting,Delhi,Regular,27,26720.358683362232,119959,3953,1914,102,105636.40826065239,10,13862.89116423512
CMP_074,CUST_0087,2026-01-05,LinkedIn,Snacks,Retargeting,Chennai,Budget,39,29845.121128332124,94012,2766,811,54,52578.006881698566,10,17014.924432077198
CMP_072,CUST_0456,2026-04-23,Google Ads,Packaged Foods,Retargeting,Chennai,Premium,39,19618.96638604226,90861,4053,1751,72,110791.2989475188,4,6879.035408037413
CMP_059,CUST_0852,2026-09-03,Google Ads,Snacks,Conversion,Pune,Regular,57,62962.41481219264,235203,10607,4671,330,430906.2998109351,6,9099.595657537297
CMP_108,CUST_0520,2026-07-24,Instagram,Snacks,Product Launch,Pune,Regular,35,36557.50793499087,279372,13132,3499,221,169378.49172180993,9,7960.630185337481
CMP_046,CUST_1153,2026-06-18,YouTube,Snacks,Seasonal,Chennai,Budget,52,44986.839767716985,357875,8980,4561,165,95966.76767767771,4,3897.9449339885223
CMP_143,CUST_1152,2026-02-14,Google Ads,Home Care,Conversion,Chennai,Budget,23,18895.218011105717,58499,2579,1460,104,74995.5210710169,3,2656.2060217456333
CMP_083,CUST_0460,2026-07-06,Instagram,Personal Care,Conversion,Hyderabad,Premium,58,22774.30764790827,79409,2401,1210,44,58797.16652542144,1,1897.3046822048784
CMP_072,CUST_0964,2026-08-11,Email,Packaged Foods,Product Launch,Kolkata,Budget,60,24969.72550104456,63239,5664,2346,140,142241.67524137802,11,11288.16836517628
CMP_025,CUST_0213,2026-05-01,YouTube,Personal Care,Retargeting,Mumbai,Budget,29,98747.56722679279,293686,6228,3313,66,36942.06486268795,1,835.8526333631295
CMP_087,CUST_1261,2026-03-13,Email,Beverages,Retargeting,Delhi,Regular,59,14949.571491985242,41103,2925,1742,117,158869.99427674283,2,3316.65444692219
CMP_096,CUST_0106,2026-08-09,LinkedIn,Home Care,Retargeting,Chennai,Budget,26,40031.87470357754,98408,2297,671,18,20138.920893609713,2,2972.003747751424
CMP_138,CUST_0173,2026-07-12,LinkedIn,Personal Care,Retargeting,Pune,Premium,56,52323.38098170613,122869,3692,947,36,63949.369586567555,9,25713.35064371242
CMP_128,CUST_1384,2026-04-30,Email,Home Care,Awareness,Bangalore,Regular,32,58856.646297061205,152443,12531,5660,521,634083.7010299666,9,12221.11099558961
CMP_094,CUST_0787,2026-07-28,Meta Ads,Personal Care,Product Launch,Hyderabad,Regular,30,69274.91450294782,296293,7651,4102,272,212763.6977378774,2,1750.3649457388074
CMP_109,CUST_0785,2026-02-28,Google Ads,Snacks,Seasonal,Pune,Premium,50,43241.71751339371,196815,6649,2550,187,280093.6834943189,5,6262.014998916586
CMP_127,CUST_1071,2026-08-17,Google Ads,Snacks,Product Launch,Pune,Premium,18,9927.633133803207,77978,3496,1058,133,174613.02337142982,1,1921.485900887129
CMP_025,CUST_0644,2026-06-20,Meta Ads,Home Care,Seasonal,Chennai,Budget,52,35418.68037371391,108043,3010,1001,43,32259.427571810196,6,3446.6475814203245
CMP_019,CUST_1130,2026-08-24,LinkedIn,Snacks,Product Launch,Chennai,Budget,60,34106.7255087948,105770,3169,1571,87,78938.69141726686,1,1506.7187959247412
CMP_117,CUST_0487,2026-03-15,Google Ads,Personal Care,Retargeting,Mumbai,Premium,43,73661.29896010531,602372,28508,16530,1146,1510603.8627754857,2,2876.005054870606
CMP_143,CUST_0210,2026-06-05,Meta Ads,Beverages,Seasonal,Chennai,Premium,43,99420.87674042501,221841,5120,1588,83,111963.7638591177,11,31587.28841848227
CMP_092,CUST_0993,2026-09-24,Meta Ads,Home Care,Awareness,Mumbai,Regular,36,45024.385153898416,308906,11773,6567,362,357906.15521556436,3,3205.709065532875
CMP_058,CUST_1255,2026-07-12,Email,Beverages,Awareness,Bangalore,Budget,37,69747.21873359954,265685,20902,9443,718,695676.6748941904,7,8824.916733286234
CMP_119,CUST_1378,2026-07-29,Meta Ads,Beverages,Conversion,Chennai,Budget,53,23288.444768864567,92878,3249,1837,102,69829.66839506065,11,17383.02222917531
CMP_062,CUST_0505,2026-01-28,Google Ads,Packaged Foods,Product Launch,Kolkata,Regular,47,40838.65457560036,179528,6545,3376,192,244837.00042169358,6,16239.713632973364
CMP_084,CUST_1139,2026-04-11,LinkedIn,Packaged Foods,Awareness,Bangalore,Budget,37,58876.664239836035,168189,3737,1304,79,82305.64480210554,3,4239.1899995362655
CMP_131,CUST_0528,2026-05-07,LinkedIn,Beverages,Product Launch,Hyderabad,Premium,63,78347.32921290866,328187,7888,4389,100,164360.1183454734,11,41042.20364568611
CMP_045,CUST_1225,2026-07-20,Meta Ads,Home Care,Conversion,Chennai,Regular,25,54356.4112809881,357268,10004,5787,312,267945.4026458912,9,11068.402597066506
CMP_124,CUST_0779,2026-04-04,LinkedIn,Home Care,Retargeting,Mumbai,Premium,49,30302.84688082128,76243,2267,817,27,47437.63563754228,8,26170.341826624306
CMP_061,CUST_0846,2026-07-13,LinkedIn,Packaged Foods,Retargeting,Hyderabad,Budget,30,68212.22212236773,152127,2650,1027,46,56019.34159980266,9,19218.33709478529
CMP_055,CUST_0683,2026-01-02,LinkedIn,Personal Care,Product Launch,Bangalore,Regular,22,84712.15681950265,338913,5519,1947,114,145723.94399018548,1,3318.353025915493
CMP_044,CUST_0441,2026-02-05,Instagram,Personal Care,Product Launch,Delhi,Budget,20,88132.23480888922,347241,13004,7665,419,311733.84572500887,6,9140.663648851589
CMP_083,CUST_1222,2026-03-06,YouTube,Snacks,Product Launch,Hyderabad,Budget,34,42265.18528573065,216232,3576,1059,51,25124.098801620497,11,6241.136521173149
CMP_026,CUST_0560,2026-06-13,Email,Home Care,Awareness,Mumbai,Budget,59,37760.53845865652,270207,21230,10775,1372,1222876.5774954937,5,10796.887715270941
CMP_150,CUST_0015,2026-03-25,Email,Packaged Foods,Awareness,Kolkata,Budget,30,92902.9605500223,764986,49683,25267,3129,3493413.4230707046,4,9330.4286759621
CMP_073,CUST_0657,2026-01-01,LinkedIn,Home Care,Retargeting,Bangalore,Regular,38,18260.437531498836,43223,1142,498,30,41439.129064518755,5,13551.655575705234
CMP_097,CUST_0016,2026-09-13,Google Ads,Beverages,Retargeting,Mumbai,Budget,30,21066.704351281864,168692,7791,3906,254,213543.03434888474,3,3391.702168727599
CMP_061,CUST_1396,2026-01-24,Meta Ads,Beverages,Seasonal,Chennai,Budget,43,46881.987885731905,122223,3785,1445,86,64967.68935887396,2,1994.9057993589518
CMP_003,CUST_0555,2026-03-27,YouTube,Beverages,Seasonal,Kolkata,Regular,33,6855.364766134479,17817,262,135,9,6690.091841695294,9,9086.577708070376
CMP_130,CUST_0784,2026-08-08,Google Ads,Personal Care,Conversion,Pune,Premium,21,43352.78857044025,133285,5728,1764,101,130418.62074845468,11,23960.47798279141
CMP_119,CUST_1326,2026-08-08,YouTube,Personal Care,Conversion,Chennai,Budget,47,38827.65440233934,110666,2355,703,25,15368.166365760044,2,2665.6073726793315
CMP_024,CUST_1371,2026-09-07,LinkedIn,Personal Care,Seasonal,Chennai,Budget,62,95082.47405904943,459343,13493,4857,138,173327.64125423806,9,8457.671190006475
CMP_134,CUST_0745,2026-07-08,Email,Beverages,Seasonal,Delhi,Premium,23,61605.32070016376,142346,12188,6182,686,1299325.3488648636,9,20031.935517566344
CMP_082,CUST_0610,2026-08-01,Meta Ads,Snacks,Retargeting,Mumbai,Regular,62,82558.87865200576,342657,9690,4807,204,203476.44364655166,3,4847.650633819496
CMP_061,CUST_0195,2026-04-08,LinkedIn,Home Care,Awareness,Kolkata,Premium,45,5062.369538632546,14807,348,124,6,11370.807150212226,6,28049.491628564123
CMP_010,CUST_0549,2026-05-07,Google Ads,Personal Care,Seasonal,Mumbai,Premium,62,76557.61630345961,192566,8483,2748,137,207950.33315102945,9,19485.33845322054
CMP_105,CUST_0091,2026-01-09,Meta Ads,Beverages,Retargeting,Pune,Regular,27,22607.976166860273,94445,3125,1620,101,99382.72470221708,10,15836.652631599613
CMP_113,CUST_1302,2026-04-18,Instagram,Snacks,Seasonal,Bangalore,Premium,32,79418.05744786939,206483,5027,2383,134,159671.9926321141,7,13888.160856446528
CMP_054,CUST_0720,2026-03-26,Email,Snacks,Seasonal,Mumbai,Regular,37,83485.61521444692,224126,18463,9279,764,937344.8334396963,3,8998.700197901067
CMP_150,CUST_1264,2026-03-13,LinkedIn,Packaged Foods,Seasonal,Pune,Regular,43,82370.0612927417,660637,14205,7024,365,538982.2935890984,11,35937.937887519576
CMP_044,CUST_0785,2026-01-01,Email,Snacks,Retargeting,Hyderabad,Premium,60,22065.105072408114,122928,9266,3339,247,413116.5418195086,1,3613.6190932685477
CMP_098,CUST_0737,2026-08-24,Google Ads,Snacks,Conversion,Delhi,Premium,58,9815.41005807602,49516,2599,753,80,139424.437414228,11,30953.002014269197
CMP_114,CUST_1086,2026-09-03,YouTube,Beverages,Product Launch,Delhi,Budget,47,95413.39297307645,759065,13422,7007,330,197733.2988830917,7,6621.01149182361
CMP_101,CUST_0285,2026-02-23,Meta Ads,Packaged Foods,Product Launch,Bangalore,Budget,31,18531.001516592347,83229,3487,1637,85,60981.1143958611,3,4214.105220073347
CMP_063,CUST_0180,2026-01-22,Google Ads,Beverages,Seasonal,Hyderabad,Regular,52,53255.172420411836,141319,5212,2093,185,189896.74293481212,2,2868.1167586047036
CMP_023,CUST_0462,2026-06-04,Instagram,Beverages,Product Launch,Mumbai,Budget,18,61626.171868497375,302964,8774,3932,189,132452.28864550602,11,10616.474884013809
CMP_037,CUST_1463,2026-02-16,Instagram,Beverages,Awareness,Bangalore,Regular,49,31933.563483080783,162213,6617,2594,135,133876.11848667928,2,3255.1114657509183
CMP_001,CUST_0676,2026-06-21,Instagram,Packaged Foods,Conversion,Hyderabad,Budget,23,73754.3923524428,219886,6748,1948,110,66057.24747908355,5,5934.702780163105
CMP_113,CUST_1205,2026-05-27,Email,Packaged Foods,Seasonal,Delhi,Budget,49,57358.6380195526,248665,19742,5645,682,673554.6398559401,6,11686.90767683717
CMP_040,CUST_0584,2026-05-25,LinkedIn,Home Care,Awareness,Hyderabad,Premium,22,63762.437300144695,340805,6385,1999,82,177997.1327976358,9,24255.061265713535
CMP_094,CUST_0150,2026-08-01,Instagram,Home Care,Seasonal,Chennai,Budget,39,40515.02662892977,328074,12790,5744,353,191808.8313900741,9,13317.238008953746
CMP_057,CUST_0530,2026-01-25,Instagram,Beverages,Product Launch,Delhi,Regular,56,98245.3833217688,268340,8432,3460,138,120092.96429627504,5,6942.259457582455
CMP_107,CUST_0970,2026-06-21,Email,Packaged Foods,Retargeting,Kolkata,Premium,26,57143.07563417118,438290,33541,18806,1896,2929647.891815685,7,24187.154552177213
CMP_133,CUST_1365,2026-07-06,Meta Ads,Home Care,Retargeting,Chennai,Premium,24,70224.95671399072,249526,8100,4743,253,339385.62791416,7,20190.05503395414
CMP_112,CUST_1147,2026-08-11,YouTube,Personal Care,Awareness,Hyderabad,Premium,58,64882.22150027464,201780,3652,1062,15,12978.578020162735,11,25325.051327647485
CMP_079,CUST_0965,2026-08-30,YouTube,Personal Care,Awareness,Kolkata,Regular,59,55622.00085260311,172543,3809,2092,53,47545.25330435095,7,11155.115800926134
CMP_084,CUST_0106,2026-06-29,YouTube,Snacks,Product Launch,Bangalore,Budget,38,18712.036549495057,46300,694,262,8,4248.619453978827,6,5599.092019334579
CMP_090,CUST_1346,2026-08-14,Email,Beverages,Product Launch,Mumbai,Regular,24,9527.954240307039,31403,2375,1262,124,182300.1792724177,8,15634.012609562
CMP_141,CUST_0666,2026-06-22,Instagram,Beverages,Retargeting,Chennai,Budget,39,46099.4521410089,182046,7133,3199,192,106561.45576968313,6,5559.964473174493
CMP_038,CUST_1015,2026-09-10,Google Ads,Packaged Foods,Awareness,Chennai,Premium,31,66968.85802194625,267404,12364,6439,391,545980.8564387636,9,14244.12127456822
CMP_023,CUST_0915,2026-04-30,Instagram,Packaged Foods,Product Launch,Hyderabad,Regular,57,13361.199907386244,47875,1621,905,51,41938.76559967835,9,7319.375403011872
CMP_138,CUST_0625,2026-03-15,Google Ads,Packaged Foods,Product Launch,Hyderabad,Premium,55,40708.61700894974,99178,4681,1701,139,247448.049083325,2,5735.786392899436
CMP_054,CUST_0160,2026-06-05,LinkedIn,Beverages,Awareness,Mumbai,Premium,30,7837.209125825348,21844,534,247,13,25751.829542724907,6,23911.94245261108
CMP_048,CUST_0341,2026-07-16,Meta Ads,Home Care,Awareness,Delhi,Premium,44,37702.164248947745,225129,7054,2456,122,154821.5158307281,2,5840.332477901483
CMP_146,CUST_0194,2026-03-04,LinkedIn,Home Care,Awareness,Bangalore,Budget,63,14081.067225625273,42465,901,300,16,20005.099381399803,11,21297.558528362424
CMP_120,CUST_1203,2026-05-07,Google Ads,Home Care,Conversion,Mumbai,Budget,41,75042.770855874,394342,17068,4881,375,361977.5795761308,7,5797.639174882046
CMP_076,CUST_0108,2026-01-07,LinkedIn,Snacks,Retargeting,Pune,Regular,27,33630.18245528743,95851,2461,803,41,59416.44468113634,10,17416.01123336508
CMP_107,CUST_1498,2026-08-28,Instagram,Packaged Foods,Conversion,Bangalore,Premium,18,69567.53716013937,168967,4939,2442,150,173997.1149362235,2,2231.0511477951586
CMP_082,CUST_0591,2026-04-01,Meta Ads,Personal Care,Conversion,Mumbai,Regular,22,60253.028555040764,421502,10711,4473,220,194681.40137305707,3,3096.67066205321
CMP_101,CUST_0137,2026-07-08,Instagram,Packaged Foods,Conversion,Chennai,Budget,64,24090.460886755962,131319,2928,987,46,27816.206988038495,9,8180.9525417110435
CMP_115,CUST_0598,2026-07-29,Instagram,Personal Care,Seasonal,Bangalore,Premium,40,12163.788134528833,27329,941,456,22,25774.811476709972,9,9634.870491421525
CMP_079,CUST_0275,2026-08-08,Google Ads,Beverages,Retargeting,Delhi,Budget,51,91703.7369193412,349648,17164,4608,317,264905.3288409373,8,11800.48197262518
CMP_017,CUST_0897,2026-02-24,Google Ads,Beverages,Retargeting,Pune,Regular,35,72090.6485711127,201816,9098,4056,250,277805.76347523264,5,7300.093142560827
CMP_118,CUST_1000,2026-08-13,Google Ads,Packaged Foods,Awareness,Kolkata,Regular,56,85380.77175665562,532709,22751,6360,433,491592.02148681047,9,9265.91834968408
CMP_075,CUST_0440,2026-09-14,Google Ads,Home Care,Conversion,Pune,Regular,28,87820.77289479111,231048,12933,6231,496,630290.3099354218,4,7035.975383394683
CMP_009,CUST_0170,2026-08-02,Google Ads,Home Care,Conversion,Mumbai,Premium,23,18941.923412827608,55422,2433,988,100,170800.3513298858,8,12921.054615726574
CMP_137,CUST_1327,2026-07-19,YouTube,Packaged Foods,Awareness,Delhi,Premium,29,58659.9915281007,167329,2870,1527,82,94845.4591053788,11,15373.327425707243
CMP_025,CUST_0818,2026-08-20,Email,Packaged Foods,Seasonal,Kolkata,Budget,18,12922.561730165857,56159,4778,1317,174,183926.9569070426,8,7847.443380283268
CMP_047,CUST_1269,2026-05-21,LinkedIn,Beverages,Conversion,Mumbai,Regular,55,74622.40167885211,555830,14244,4396,209,254735.21702435325,2,6754.632498538484
CMP_066,CUST_0853,2026-02-03,YouTube,Personal Care,Seasonal,Pune,Regular,32,5373.312387742764,39917,825,406,15,10133.936687888296,10,17543.5481755363
CMP_086,CUST_0720,2026-08-02,Meta Ads,Beverages,Seasonal,Mumbai,Regular,30,86540.22530491614,489243,16071,9170,532,473017.2031380631,8,9654.280171801947
CMP_035,CUST_0590,2026-03-24,YouTube,Snacks,Product Launch,Delhi,Premium,25,57343.44657883335,171213,3572,899,35,36351.98145558088,2,3086.441351817038
CMP_039,CUST_1472,2026-05-31,Email,Personal Care,Awareness,Mumbai,Budget,46,55650.13905827813,182587,17066,6523,651,547733.8455010026,6,5901.3203214377845
CMP_023,CUST_0756,2026-06-16,Instagram,Personal Care,Seasonal,Bangalore,Regular,29,32320.216338761064,154550,4774,2183,107,96533.41729777018,4,6887.464510296593
CMP_028,CUST_0439,2026-08-20,Email,Snacks,Seasonal,Pune,Budget,55,48829.32402523626,128954,10430,5783,687,735224.7680435582,6,13740.321121366178
CMP_068,CUST_0062,2026-03-02,Instagram,Packaged Foods,Awareness,Hyderabad,Budget,55,92159.0467807211,292268,12164,6827,315,212664.8854156266,2,3046.3061097358523
CMP_029,CUST_0835,2026-08-09,Meta Ads,Packaged Foods,Seasonal,Chennai,Premium,58,63955.171599107365,224693,5398,3132,165,194422.355992165,11,15074.852343907634
CMP_096,CUST_0589,2026-06-24,YouTube,Snacks,Product Launch,Mumbai,Regular,41,7739.373985458725,22839,382,110,2,1399.6700870281388,11,14360.387266146829
CMP_072,CUST_0757,2026-08-11,Instagram,Packaged Foods,Seasonal,Delhi,Budget,44,7122.356514251618,35269,1320,460,34,24000.868081407614,2,1115.8740741452377
CMP_129,CUST_0479,2026-08-28,LinkedIn,Personal Care,Conversion,Delhi,Regular,23,97586.14953371532,284069,6714,3222,112,142985.90454180492,1,1695.6501266470436
CMP_087,CUST_1155,2026-04-08,LinkedIn,Packaged Foods,Retargeting,Delhi,Regular,59,34630.202386894045,189562,5006,1288,31,44824.03681105482,8,9022.367602174552
CMP_106,CUST_1195,2026-05-26,LinkedIn,Beverages,Seasonal,Pune,Regular,21,35845.709048674544,91601,2055,910,37,54541.068289607225,5,9266.43708947805
CMP_086,CUST_0077,2026-05-11,Instagram,Beverages,Seasonal,Pune,Budget,48,59938.58189485704,308375,11298,6777,494,325937.565144257,3,3581.572543379819
CMP_051,CUST_0988,2026-08-06,LinkedIn,Snacks,Retargeting,Pune,Regular,62,13946.559563150025,48685,1003,581,31,42900.2327317693,6,9453.637045421598
CMP_113,CUST_0622,2026-04-06,LinkedIn,Beverages,Retargeting,Kolkata,Budget,40,30562.189993035692,111353,2171,1191,60,74367.00497718598,2,3327.0167474347836
CMP_129,CUST_0534,2026-01-03,LinkedIn,Beverages,Awareness,Mumbai,Premium,55,80196.25488552843,278749,6651,3760,213,365210.29813859094,10,16033.80603570433
CMP_145,CUST_0826,2026-08-11,YouTube,Personal Care,Awareness,Delhi,Regular,27,28193.995346950414,73244,1520,667,16,10286.773123275396,8,5284.676854659757
CMP_070,CUST_1211,2026-02-10,Email,Home Care,Retargeting,Bangalore,Budget,20,37353.936118004916,256760,20114,5525,621,525826.2586184564,10,16521.421965404883
CMP_077,CUST_0783,2026-01-13,Instagram,Snacks,Conversion,Delhi,Regular,56,76319.33777526375,256499,8319,2545,113,107169.10231194632,9,12569.320420304915
CMP_011,CUST_0763,2026-09-07,Instagram,Home Care,Retargeting,Delhi,Budget,60,40962.54020768822,326293,10799,6394,319,232970.77201010118,6,3968.4653136775833
CMP_045,CUST_1180,2026-06-05,Email,Personal Care,Conversion,Mumbai,Budget,35,79067.95152234731,369150,30182,11734,1103,1109826.4704235727,4,3722.0016382605754
CMP_094,CUST_1283,2026-07-31,Email,Packaged Foods,Product Launch,Bangalore,Budget,47,91249.13940355426,240621,16631,9661,1134,1256703.3692391745,6,10253.661424422628
CMP_135,CUST_1179,2026-08-18,LinkedIn,Personal Care,Awareness,Kolkata,Regular,47,61917.39287026961,304938,8884,4359,141,195430.46170928003,1,2051.2338408852793
CMP_086,CUST_0947,2026-09-29,LinkedIn,Packaged Foods,Retargeting,Mumbai,Budget,46,25567.620480634258,62006,1778,864,52,54014.98054986089,6,15279.701000079633
CMP_007,CUST_1305,2026-04-12,LinkedIn,Snacks,Retargeting,Bangalore,Regular,33,33925.55430672884,101614,2708,1110,52,85550.71350017568,7,22704.13481733899
CMP_125,CUST_0971,2026-05-30,YouTube,Beverages,Awareness,Pune,Premium,58,19482.721253646676,45243,981,530,15,16394.10617216345,4,3941.1721047483065
CMP_062,CUST_0179,2026-07-25,YouTube,Packaged Foods,Conversion,Mumbai,Regular,62,65953.57818473357,386425,7817,3981,118,93137.64114912174,2,1887.201202932651
CMP_013,CUST_0627,2026-09-21,Meta Ads,Packaged Foods,Awareness,Hyderabad,Regular,62,44135.14157209902,113338,3339,1449,58,58308.03866376767,4,4355.324684530635
CMP_044,CUST_0246,2026-03-31,LinkedIn,Snacks,Product Launch,Mumbai,Budget,25,28366.37762850892,127530,3369,924,41,39533.76959650745,5,7931.437373242735
CMP_021,CUST_0445,2026-05-21,LinkedIn,Home Care,Product Launch,Bangalore,Regular,36,78267.62098532249,318093,8191,3204,141,217771.1171143955,9,24656.129235976823
CMP_148,CUST_0871,2026-06-11,YouTube,Snacks,Conversion,Mumbai,Regular,31,44325.82158136438,172572,3770,1958,90,78299.72835712787,5,4925.890591470556
CMP_020,CUST_0272,2026-02-18,Email,Personal Care,Seasonal,Mumbai,Regular,60,43939.59877891191,179325,13301,7083,789,926591.4033444154,6,13781.98313099294
CMP_045,CUST_0074,2026-09-14,Google Ads,Snacks,Product Launch,Mumbai,Regular,31,90444.72340181227,624499,27320,13914,1197,1371896.306567184,6,15695.23384053374
CMP_056,CUST_0294,2026-08-09,YouTube,Packaged Foods,Seasonal,Bangalore,Premium,37,76855.50555498259,171545,2916,1546,49,53605.852717544505,7,14414.378165589465
CMP_021,CUST_1338,2026-01-27,Instagram,Beverages,Conversion,Chennai,Budget,46,74279.07739203091,402035,11782,5716,292,176637.7481333177,9,13060.516097574573
CMP_034,CUST_1012,2026-01-06,Instagram,Personal Care,Seasonal,Pune,Regular,32,43141.36960837375,98034,3165,1699,52,44795.79975095818,11,14633.31005093994
CMP_026,CUST_0707,2026-06-09,Instagram,Personal Care,Conversion,Delhi,Regular,52,93897.24256658037,614432,26107,8209,486,374105.9708610809,2,3427.560543475898
CMP_003,CUST_1423,2026-06-06,Meta Ads,Personal Care,Seasonal,Pune,Premium,37,16602.86909968934,123340,3540,1055,55,71565.42297166667,10,28617.734512857744
CMP_133,CUST_0237,2026-05-02,Google Ads,Home Care,Awareness,Hyderabad,Budget,44,99263.522250944,266464,12356,6129,416,381661.5499759056,9,9098.127711258454
CMP_097,CUST_0480,2026-07-30,Google Ads,Beverages,Conversion,Pune,Regular,18,72228.36157415192,226528,9624,4304,355,407799.77000090235,4,7100.494276234621
CMP_127,CUST_1129,2026-07-09,Meta Ads,Beverages,Seasonal,Chennai,Premium,55,95294.38966544521,248137,7377,2971,170,237153.50140608783,8,10482.538028928913
CMP_133,CUST_1034,2026-03-20,Google Ads,Home Care,Awareness,Bangalore,Budget,39,20509.23973921941,104901,4683,1746,163,133967.81451040888,11,20210.58119398254
CMP_032,CUST_0949,2026-08-16,Email,Beverages,Awareness,Bangalore,Budget,35,70522.44587435247,178270,13777,3670,415,364475.4634628361,1,968.4948053915327
CMP_079,CUST_1307,2026-07-06,Meta Ads,Home Care,Conversion,Pune,Budget,37,49983.21487785812,115692,4111,1265,74,48232.465162138324,8,4436.172519216349
CMP_128,CUST_0679,2026-04-19,LinkedIn,Personal Care,Product Launch,Mumbai,Premium,61,42867.75244195446,172670,4436,1944,97,168255.99922361638,4,12012.60474842115
CMP_148,CUST_0540,2026-08-18,Google Ads,Personal Care,Awareness,Chennai,Premium,39,55025.33106394065,364179,17083,6875,582,874075.2016816728,6,22222.77047512029
CMP_106,CUST_0358,2026-06-22,YouTube,Home Care,Product Launch,Mumbai,Regular,64,19972.718607661747,107158,2176,648,28,19344.824325150606,9,6844.388812472673
CMP_072,CUST_0139,2026-03-29,Google Ads,Packaged Foods,Product Launch,Delhi,Premium,40,60709.78411591904,147328,6855,3965,373,648509.8648294249,1,3225.695738059505
CMP_003,CUST_1494,2026-07-24,LinkedIn,Home Care,Product Launch,Delhi,Premium,26,22839.44769748521,102554,2712,853,32,57605.75467369798,7,26004.013645553852
CMP_017,CUST_1234,2026-08-20,Instagram,Beverages,Awareness,Delhi,Budget,63,70911.20964026084,273609,8514,2815,145,89855.82659823513,5,7290.725567825941
CMP_088,CUST_1100,2026-04-20,YouTube,Personal Care,Seasonal,Delhi,Regular,52,25017.923880919017,63613,1396,648,39,33162.29917717576,7,10575.486759868287
CMP_118,CUST_0216,2026-01-30,Email,Personal Care,Seasonal,Kolkata,Premium,21,96496.56260161608,312239,18786,7928,866,1531095.556421236,5,8201.464521993998
CMP_030,CUST_0404,2026-05-07,LinkedIn,Beverages,Awareness,Mumbai,Premium,32,52634.819940881884,149166,3555,2011,97,214393.47717880332,11,38566.432459694246
CMP_133,CUST_1318,2026-05-13,Email,Beverages,Conversion,Bangalore,Budget,52,23198.63443899091,167976,17557,9674,1366,1270343.8215774402,9,14400.82324972715
CMP_044,CUST_0217,2026-09-15,Meta Ads,Snacks,Seasonal,Hyderabad,Budget,63,63237.07841198743,177065,5966,3110,150,99073.03116563178,2,2756.1780028060243
CMP_130,CUST_1178,2026-06-16,Google Ads,Beverages,Product Launch,Kolkata,Premium,41,6015.081749008743,28759,1293,511,45,59869.963699930864,1,1609.544975793943
CMP_087,CUST_0958,2026-09-16,YouTube,Snacks,Seasonal,Bangalore,Regular,60,58129.42999196922,189812,3412,1946,64,47743.11367013697,7,8467.547145086779
CMP_023,CUST_0615,2026-01-07,Email,Beverages,Conversion,Bangalore,Premium,42,68920.40961053687,363125,33644,12345,1931,2775829.2179739582,9,20764.134721902832
CMP_046,CUST_1122,2026-06-06,LinkedIn,Snacks,Retargeting,Hyderabad,Budget,20,96975.41577512294,429755,6583,3704,182,171736.89223737264,5,12367.04536632663
CMP_045,CUST_0459,2026-09-17,Google Ads,Snacks,Product Launch,Pune,Regular,51,50950.11324915585,305743,11504,5673,318,417684.333333625,8,17379.83947124736
CMP_059,CUST_0956,2026-09-09,Email,Packaged Foods,Conversion,Bangalore,Regular,36,76042.69840585648,325615,25095,9330,1028,1282244.9494894093,7,7069.861099403999
CMP_088,CUST_1032,2026-02-19,YouTube,Personal Care,Retargeting,Pune,Budget,54,15555.009536922807,46289,876,442,11,5289.150934643927,3,3792.470834268563
CMP_037,CUST_0294,2026-09-21,Google Ads,Beverages,Conversion,Bangalore,Regular,54,68881.66826618584,234996,12897,5888,367,447606.5290735975,2,4475.834520794237
CMP_144,CUST_0436,2026-06-30,YouTube,Packaged Foods,Seasonal,Bangalore,Regular,46,70150.32090264178,242879,4311,1286,45,33027.94317695938,10,9736.17375718155
CMP_013,CUST_0388,2026-07-16,Google Ads,Beverages,Conversion,Mumbai,Budget,28,57967.041005120176,247108,9343,3394,203,179483.18622758662,6,7847.400910988684
CMP_126,CUST_1223,2026-05-09,Email,Home Care,Awareness,Chennai,Budget,28,67754.45374642304,164891,15912,4803,572,621401.6188683573,4,3754.1150521183527
CMP_135,CUST_0318,2026-02-15,LinkedIn,Home Care,Product Launch,Delhi,Budget,21,69832.12600255839,159158,3946,1420,44,52586.61410063988,1,865.7774927316478
CMP_086,CUST_0749,2026-07-22,YouTube,Personal Care,Awareness,Delhi,Regular,34,28571.77232313176,119372,2167,659,25,19124.617171018923,7,11427.212501998798
CMP_006,CUST_0986,2026-01-30,YouTube,Beverages,Retargeting,Hyderabad,Budget,48,84568.41617200301,545172,10603,5705,226,114087.5680397518,7,8561.491332072756
CMP_069,CUST_0683,2026-03-23,LinkedIn,Packaged Foods,Awareness,Pune,Regular,50,31279.894735619335,108539,2168,943,32,50962.74747983872,11,36449.55817732167
CMP_106,CUST_1297,2026-03-07,Meta Ads,Beverages,Product Launch,Delhi,Regular,56,89927.1326625992,207700,5275,2493,59,58877.25102074443,1,919.4074030619732
CMP_051,CUST_1196,2026-01-26,Meta Ads,Snacks,Awareness,Pune,Regular,60,82541.36204434375,495888,16283,8789,593,502822.3072751141,11,15544.292394110591
CMP_053,CUST_1227,2026-05-10,LinkedIn,Packaged Foods,Product Launch,Hyderabad,Premium,34,13955.89023991599,69531,1729,753,40,87929.06076056865,8,24964.86881167183
CMP_137,CUST_0794,2026-08-22,YouTube,Packaged Foods,Retargeting,Chennai,Premium,60,41524.94688977201,99045,2097,558,15,17411.377419800807,4,8078.048471684433
CMP_088,CUST_1183,2026-06-17,LinkedIn,Snacks,Product Launch,Kolkata,Premium,25,90893.4138319652,293449,6754,2185,103,192697.58837497784,10,17308.886113981207
CMP_025,CUST_1319,2026-06-09,Email,Packaged Foods,Retargeting,Delhi,Premium,40,75674.44185731691,240796,19004,5938,621,1238360.2886017656,11,46160.23231287096
CMP_120,CUST_1174,2026-09-18,LinkedIn,Personal Care,Seasonal,Bangalore,Budget,61,75873.93268001138,414434,10292,2694,152,138098.15741704626,4,5222.445420580566
CMP_023,CUST_0863,2026-03-24,Email,Personal Care,Awareness,Bangalore,Budget,59,28549.064345042338,89554,7472,2729,250,215628.51723930522,5,11407.297762771757
CMP_109,CUST_0867,2026-05-08,Instagram,Personal Care,Product Launch,Mumbai,Premium,30,51777.55143664387,143897,5112,2799,179,,3,3742.940735704319
CMP_107,CUST_0725,2026-03-26,YouTube,Beverages,Awareness,Hyderabad,Regular,18,18103.170059713346,46449,763,251,13,9530.252002123896,6,6423.165951126639
CMP_115,CUST_0670,2026-01-07,YouTube,Beverages,Awareness,Bangalore,Regular,39,66142.98066563549,412389,10493,3201,107,83208.96565758334,1,1703.5779960046991
CMP_031,CUST_0897,2026-08-21,Google Ads,Personal Care,Conversion,Kolkata,Premium,36,56196.46167516523,207200,9610,3209,227,290888.790048633,8,18944.491155996242
CMP_057,CUST_0776,2026-04-10,Email,Snacks,Product Launch,Pune,Regular,26,40917.55566288913,98664,8379,4230,526,656125.9231567251,5,10308.904745955246
CMP_045,CUST_1377,2026-09-08,Instagram,Home Care,Awareness,Delhi,Regular,21,40363.70778395429,286611,13013,6115,223,196354.42527579254,5,5737.078918963003
CMP_094,CUST_0907,2026-06-11,Instagram,Beverages,Conversion,Delhi,Premium,42,20149.351645971088,92100,2877,1254,62,67315.51408318695,8,20523.7228354638
CMP_068,CUST_0938,2026-08-29,Instagram,Personal Care,Product Launch,Pune,Premium,19,43055.04122886183,237104,8005,2600,214,252235.99375484046,1,2718.1671299745803
CMP_122,CUST_1069,2026-03-01,Meta Ads,Packaged Foods,Conversion,Hyderabad,Premium,34,23566.294627620235,120605,3538,1244,91,113094.69478137353,11,30419.81204138769
CMP_115,CUST_0041,2026-06-01,Google Ads,Snacks,Conversion,Chennai,Premium,25,43916.014639008514,100068,4539,1155,81,106334.5557641439,11,23564.813271030882
CMP_133,CUST_0652,2026-06-21,Meta Ads,Beverages,Retargeting,Chennai,Regular,34,84708.9269097103,322844,9293,4582,314,248461.70255292623,10,9916.619937247571
CMP_052,CUST_0536,2026-02-12,Meta Ads,Beverages,Product Launch,Kolkata,Premium,30,16753.814890746457,73336,2230,900,53,69390.53923446912,3,7436.398905499979
CMP_029,CUST_1487,2026-05-18,YouTube,Home Care,Awareness,Kolkata,Premium,33,59440.53192917416,141785,3346,1464,56,54419.26460587524,5,4614.384890461549
CMP_084,CUST_0278,2026-08-10,Google Ads,Personal Care,Seasonal,Delhi,Premium,42,30483.020464197456,91934,4231,2365,223,394164.658734651,9,30848.63653055303
CMP_089,CUST_0789,2026-07-21,YouTube,Personal Care,Conversion,Delhi,Regular,40,45933.05850485128,360580,6939,3674,142,115537.93976394949,9,5453.321757354314
CMP_129,CUST_0610,2026-06-06,Google Ads,Packaged Foods,Seasonal,Pune,Premium,33,94197.96387573038,211821,10535,2641,222,322696.6661201619,8,13599.661557789843
CMP_086,CUST_0512,2026-06-25,Meta Ads,Snacks,Product Launch,Mumbai,Regular,38,44499.51842243834,204735,7447,2307,147,123934.81153773642,1,1880.6581545061938
CMP_103,CUST_0869,2026-06-10,Google Ads,Packaged Foods,Awareness,Delhi,Budget,48,55829.38361796671,162489,6330,2310,166,155063.40723572118,6,11188.347390185445
CMP_076,CUST_1345,2026-03-01,YouTube,Beverages,Product Launch,Mumbai,Regular,63,64781.34238956201,149764,2629,766,44,37865.235791580744,7,6545.1949505377515
CMP_045,CUST_1064,2026-07-21,Google Ads,Packaged Foods,Seasonal,Mumbai,Regular,52,30542.719552736933,92872,4199,1959,223,280769.3186694089,5,7117.990564093165
CMP_012,CUST_0623,2026-09-04,Instagram,Packaged Foods,Seasonal,Kolkata,Budget,37,58791.860328845985,169757,4819,1547,81,48328.832486375715,10,15357.303715843922
CMP_026,CUST_0217,2026-08-31,Meta Ads,Snacks,Retargeting,Kolkata,Regular,29,70899.05414627111,307137,11440,6014,311,332683.40715473716,2,1462.40772469851
CMP_032,CUST_0186,2026-03-05,LinkedIn,Home Care,Conversion,Chennai,Budget,59,46746.695489700985,116811,2728,1247,70,69952.44768780876,7,9731.41524537121
CMP_050,CUST_1008,2026-03-08,LinkedIn,Home Care,Product Launch,Delhi,Regular,56,38876.39012449465,127186,3424,1046,43,70203.18413573666,2,3179.0163982169256
CMP_128,CUST_0613,2026-07-09,LinkedIn,Home Care,Retargeting,Delhi,Premium,37,77202.48187126228,279663,5757,1793,65,131778.05932160252,7,21573.762424205263
CMP_019,CUST_0688,2026-07-20,Google Ads,Beverages,Awareness,Chennai,Premium,56,48431.16825940751,167644,5127,1892,177,248083.46257368627,6,10484.618083842764
CMP_008,CUST_0070,2026-01-10,LinkedIn,Snacks,Awareness,Kolkata,Premium,35,20451.528002384075,50721,1439,409,17,28967.031839664854,7,17127.066666393675
CMP_004,CUST_0479,2026-05-19,LinkedIn,Home Care,Retargeting,Bangalore,Premium,54,28598.235577224666,81630,2030,1183,41,66025.47408690455,1,2888.7195640112336
CMP_006,CUST_0185,2026-04-05,Google Ads,Home Care,Conversion,Delhi,Premium,59,13667.385861702729,62915,3434,1096,46,73341.82196176142,2,4439.361662160536
CMP_034,CUST_1319,2026-08-02,Instagram,Beverages,Product Launch,Hyderabad,Budget,35,70666.3528785674,497141,20338,8365,384,215480.21956828242,3,3846.2899453562027
CMP_142,CUST_0197,2026-02-04,LinkedIn,Personal Care,Seasonal,Chennai,Regular,41,35130.98125731811,90028,2662,1565,53,88459.79544282876,1,1720.2657988506553
CMP_071,CUST_0292,2026-01-17,Instagram,Snacks,Seasonal,Hyderabad,Regular,41,19599.420554428572,155042,5705,3009,142,119787.41643394913,6,7999.948224368135
CMP_009,CUST_0687,2026-08-09,Meta Ads,Packaged Foods,Awareness,Pune,Premium,64,59163.020981828195,449198,15576,6387,257,373402.0840733981,5,10424.343161631823
CMP_135,CUST_0385,2026-03-18,Google Ads,Packaged Foods,Conversion,Kolkata,Premium,62,32156.602348053664,86302,3257,871,95,148413.0239782522,2,5107.037189756479
CMP_022,CUST_0439,2026-09-29,Instagram,Snacks,Awareness,Hyderabad,Premium,51,57749.36117983056,135244,3703,2053,111,145799.35740452496,1,2260.19434740502
CMP_126,CUST_0310,2026-03-20,LinkedIn,Packaged Foods,Seasonal,Hyderabad,Budget,19,65988.14891546947,187446,4034,2284,65,74473.89013229859,6,6835.203128583932
CMP_099,CUST_0701,2026-08-10,Meta Ads,Beverages,Retargeting,Bangalore,Premium,39,34877.72772099571,92749,3062,1649,92,109205.3379570079,4,4079.1807508194092
CMP_011,CUST_1095,2026-09-07,YouTube,Packaged Foods,Seasonal,Chennai,Budget,55,63302.14977918718,395481,7574,2080,77,51156.07726991872,6,4061.1829876542024
CMP_071,CUST_0219,2026-03-18,LinkedIn,Packaged Foods,Seasonal,Chennai,Premium,31,38495.85941777837,108295,2188,920,29,65580.52990899039,5,9586.289775667514
CMP_148,CUST_0836,2026-07-30,Google Ads,Packaged Foods,Conversion,Mumbai,Premium,32,35863.44101037037,95569,3436,1934,151,200289.0838579939,11,19133.66752902096
CMP_052,CUST_0354,2026-08-20,Email,Snacks,Seasonal,Chennai,Premium,32,81840.13929933209,659344,49185,27508,4183,6334751.641143058,2,6868.470791730804
CMP_057,CUST_0686,2026-01-03,Email,Snacks,Conversion,Delhi,Regular,57,17484.025250484876,58292,5001,1297,121,175696.28289215313,9,14310.634873089053
CMP_067,CUST_0629,2026-07-27,Google Ads,Snacks,Retargeting,Hyderabad,Budget,46,60729.20375992368,207887,10536,3240,280,267760.2252117006,4,6549.922054749081
CMP_080,CUST_0289,2026-03-07,Meta Ads,Beverages,Awareness,Mumbai,Budget,34,51306.6168640622,146927,4797,1702,88,60165.142461383824,3,3528.554787967101
CMP_015,CUST_1121,2026-01-11,Email,Personal Care,Awareness,Delhi,Budget,54,85841.01158601118,488444,38578,13076,1330,1386797.8133402027,5,4119.666994819234
CMP_080,CUST_0468,2026-05-13,Instagram,Packaged Foods,Conversion,Chennai,Premium,18,95065.67171944497,218177,6128,2782,119,122652.53140740399,9,19783.949666927325
CMP_013,CUST_0336,2026-03-17,Instagram,Home Care,Conversion,Chennai,Premium,37,76694.57492576439,318940,13450,6745,179,178062.27445188077,4,8744.415464384343
CMP_126,CUST_0704,2026-04-03,YouTube,Snacks,Awareness,Mumbai,Budget,53,6647.661407377063,17147,376,140,5,2878.8838243808914,1,670.9195872922174
CMP_023,CUST_0110,2026-03-27,Google Ads,Beverages,Awareness,Pune,Budget,50,51128.67999586582,295343,15083,4453,231,204767.21556978137,9,12785.309503808523
CMP_074,CUST_1138,2026-01-28,Meta Ads,Personal Care,Product Launch,Kolkata,Budget,60,52240.92452437606,259482,5310,3116,114,73784.92193248445,1,547.4259098619603
CMP_123,CUST_0704,2026-01-27,Google Ads,Snacks,Awareness,Pune,Regular,59,79499.64946467204,212827,8921,4034,319,317674.3487928089,2,5143.330184266288
CMP_085,CUST_1458,2026-06-09,Email,Home Care,Product Launch,Mumbai,Premium,25,86781.99247526888,437363,32160,9982,732,1090312.1756282365,2,2852.2358086005415
CMP_026,CUST_0092,2026-08-24,LinkedIn,Packaged Foods,Conversion,Chennai,Regular,22,64719.81776140907,202665,3382,1351,69,112927.54767564041,5,12688.792929445077
CMP_015,CUST_0926,2026-07-24,YouTube,Beverages,Awareness,Delhi,Regular,22,8314.470203983507,21844,424,253,11,7965.443043830651,6,6440.207566608565
CMP_149,CUST_1352,2026-01-31,Instagram,Home Care,Awareness,Kolkata,Budget,40,65628.75154893377,162302,4915,2048,106,77030.18059080845,11,8263.966793735588
CMP_108,CUST_0071,2026-02-10,YouTube,Home Care,Seasonal,Bangalore,Regular,34,26319.312885912834,99054,2213,806,34,23634.603312212144,2,2119.4492265671297
CMP_027,CUST_0561,2026-09-29,Google Ads,Personal Care,Retargeting,Pune,Budget,38,15421.185981586204,81197,3815,1288,104,75113.61130731252,8,8588.222182781416
CMP_018,CUST_1480,2026-01-24,Instagram,Home Care,Retargeting,Hyderabad,Budget,18,19219.41073231012,45201,2006,820,55,32547.30920012196,4,2558.890053900649
CMP_048,CUST_1135,2026-06-23,Instagram,Packaged Foods,Product Launch,Chennai,Regular,57,13474.14976242857,30891,1172,314,21,19838.928192291063,7,10988.372198004443
CMP_054,CUST_0088,2026-04-13,LinkedIn,Personal Care,Product Launch,Chennai,Budget,21,25705.089718535997,89639,1993,709,31,29373.42045581688,8,8961.889671484452
CMP_097,CUST_0699,2026-06-12,Meta Ads,Beverages,Awareness,Hyderabad,Budget,31,72008.01194828164,409932,11716,5763,345,237098.30330845676,10,7175.402568518749
CMP_041,CUST_1075,2026-03-02,LinkedIn,Home Care,Retargeting,Mumbai,Premium,33,31273.026737445947,193392,4586,1183,71,136996.47281076427,10,20557.66149871247
CMP_001,CUST_1317,2026-08-02,Meta Ads,Packaged Foods,Seasonal,Delhi,Premium,39,80028.37174119591,549640,17401,4625,254,315980.3208177469,10,21910.580578778103
CMP_080,CUST_1154,2026-03-31,Instagram,Packaged Foods,Awareness,Delhi,Budget,52,13734.156974796017,75421,2936,743,62,34675.52817987731,9,5966.111820060375
CMP_021,CUST_0958,2026-04-18,Google Ads,Home Care,Conversion,Bangalore,Budget,64,50096.9096881481,124513,4804,1279,85,65056.54853986483,11,16538.36757928684
CMP_107,CUST_0157,2026-03-21,Instagram,Beverages,Awareness,Chennai,Premium,53,34317.707965330774,91120,3796,1319,55,64180.02070288094,7,11427.91107384886
CMP_104,CUST_1429,2026-08-05,Meta Ads,Home Care,Awareness,Bangalore,Regular,48,38996.38328194583,126906,4190,1501,67,72300.57609940671,7,11214.455369992053
CMP_011,CUST_1030,2026-02-28,Google Ads,Packaged Foods,Product Launch,Pune,Premium,48,13791.90540189903,36564,1634,486,55,83533.16521560063,9,22412.722388568967
CMP_040,CUST_0758,2026-03-04,Google Ads,Beverages,Product Launch,Chennai,Budget,62,28172.105717579496,126720,5264,3143,230,165934.4709392639,1,1841.745076346544
CMP_079,CUST_0347,2026-01-31,Instagram,Snacks,Seasonal,Bangalore,Regular,64,64026.029900705864,209963,6183,3354,175,175856.10331444253,6,8341.6931879767
CMP_071,CUST_0770,2026-04-04,LinkedIn,Beverages,Product Launch,Bangalore,Premium,32,48735.481946230946,216426,5842,1714,88,176777.29956424388,6,12508.644569360456
CMP_052,CUST_1460,2026-01-30,Email,Beverages,Awareness,Bangalore,Budget,32,77633.48270520441,235423,14852,6899,640,555230.9926253441,4,6722.907286875068
CMP_105,CUST_1174,2026-02-28,Meta Ads,Home Care,Product Launch,Hyderabad,Regular,34,75833.40149777198,300619,8076,3583,201,191208.94773220434,5,4602.418643881062
CMP_091,CUST_0339,2026-02-03,Instagram,Snacks,Product Launch,Delhi,Budget,62,68183.78092676424,315520,9467,4736,312,235171.35078333257,9,13333.416349106445
CMP_072,CUST_0752,2026-08-04,Email,Personal Care,Product Launch,Kolkata,Budget,53,27991.020296160175,211895,22729,10947,1301,1381744.0236444715,7,10009.690280145402
CMP_039,CUST_0715,2026-06-20,Instagram,Beverages,Product Launch,Pune,Budget,24,73558.24337807043,197346,7815,3398,115,76427.21420998064,2,1681.6231442615529
CMP_149,CUST_0254,2026-01-07,Google Ads,Home Care,Conversion,Hyderabad,Premium,30,87781.08455393156,345470,20166,7142,455,637960.921203424,1,3286.2151081539114
CMP_146,CUST_0664,2026-06-03,YouTube,Packaged Foods,Awareness,Delhi,Regular,29,91879.36757027969,547996,9395,4209,137,114954.11500531045,6,6053.521199797911
CMP_020,CUST_1451,2026-06-29,LinkedIn,Beverages,Conversion,Pune,Premium,57,23951.46871378323,144662,3483,1904,96,215046.75634962425,9,17575.456957282033
CMP_106,CUST_0644,2026-06-29,Meta Ads,Packaged Foods,Seasonal,Hyderabad,Budget,62,38722.29602729997,113860,3381,1325,57,37403.873911679555,3,3473.4115939541484
CMP_145,CUST_0124,2026-02-23,Instagram,Packaged Foods,Retargeting,Delhi,Premium,39,86151.47647832317,317887,11634,4628,205,213853.95312598345,8,9315.936844829896
CMP_038,CUST_0693,2026-04-13,Email,Packaged Foods,Seasonal,Bangalore,Regular,58,72578.55382777698,441563,38141,13271,1198,1695509.6200687275,6,9321.785100202529
CMP_107,CUST_0534,2026-03-08,Instagram,Personal Care,Seasonal,Pune,Premium,29,12376.32035063477,65662,2186,672,33,40927.16403990061,3,5358.197600110362
CMP_047,CUST_0752,2026-04-14,Meta Ads,Beverages,Conversion,Pune,Premium,31,54207.70773707336,196079,5988,2722,136,194756.9882038716,9,23922.226653835205
CMP_134,CUST_1191,2026-05-18,LinkedIn,Personal Care,Product Launch,Mumbai,Budget,28,9711.086232974954,24672,508,300,15,18306.32114042696,2,3059.1832924468276
CMP_145,CUST_1044,2026-05-15,Google Ads,Personal Care,Seasonal,Bangalore,Budget,49,95183.73995101315,254272,9166,5119,428,397330.90474807046,1,1937.438293078948
CMP_127,CUST_0332,2026-05-22,YouTube,Home Care,Awareness,Delhi,Premium,62,93097.82013552419,218354,3798,1846,45,51740.39523002075,8,7320.794728390877
CMP_052,CUST_0822,2026-02-21,Email,Packaged Foods,Awareness,Hyderabad,Regular,50,76707.30062970317,585819,38046,12160,1574,2138755.923860573,2,4896.029106070823
CMP_012,CUST_0340,2026-02-09,LinkedIn,Snacks,Retargeting,Mumbai,Budget,53,67950.92266321636,270109,6625,3800,151,179646.92342361694,8,9374.633117459427
CMP_011,CUST_0635,2026-08-06,Instagram,Home Care,Awareness,Bangalore,Premium,40,76269.50428647014,236787,9458,4238,216,267441.7891773293,5,5244.949597769709
CMP_134,CUST_0157,2026-06-10,Meta Ads,Home Care,Retargeting,Bangalore,Regular,24,14545.279356442185,76775,2193,993,58,47248.241780496865,2,2490.5989004078265
CMP_034,CUST_0354,2026-04-14,YouTube,Home Care,Seasonal,Delhi,Premium,41,41227.60373870721,97873,2371,953,29,31575.13282258753,8,9224.549904565449
CMP_068,CUST_1087,2026-03-21,Email,Snacks,Seasonal,Pune,Regular,28,35154.331281645806,83045,7024,2230,238,294961.7043150042,2,5008.29705200764
CMP_066,CUST_0360,2026-05-17,YouTube,Packaged Foods,Conversion,Hyderabad,Regular,59,92218.39909502739,511719,9935,5809,225,182815.5767403608,9,7354.401624750622
CMP_008,CUST_1305,2026-01-30,LinkedIn,Personal Care,Product Launch,Hyderabad,Premium,58,88528.2021095089,383313,10338,5068,188,401329.0973679271,10,43714.64925496649
CMP_004,CUST_0059,2026-02-04,Google Ads,Personal Care,Retargeting,Kolkata,Budget,19,72742.3734434676,348629,18946,9911,843,706555.4246223515,5,4878.117818788947
CMP_014,CUST_1308,2026-09-18,Instagram,Beverages,Product Launch,Chennai,Regular,60,39634.66038546745,210537,6032,3127,227,187667.4627076247,4,7345.268770657871
CMP_037,CUST_0355,2026-07-20,Email,Packaged Foods,Retargeting,Bangalore,Premium,60,46396.70749502102,151590,12081,4435,541,1067957.4637564153,7,27313.403487418247
CMP_140,CUST_1251,2026-09-29,Instagram,Beverages,Product Launch,Chennai,Premium,30,57775.207359846616,166843,5589,3234,147,195891.39594275755,2,4010.334596602567
CMP_073,CUST_0921,2026-04-15,Email,Packaged Foods,Product Launch,Kolkata,Regular,27,30431.775276427066,139220,9120,3790,454,640411.5922815388,9,14188.56527059924
CMP_073,CUST_0679,2026-01-26,Instagram,Home Care,Conversion,Mumbai,Budget,26,52349.13605900586,157768,4946,2027,90,49719.657466281926,10,5943.050473260372
CMP_026,CUST_0233,2026-06-11,YouTube,Beverages,Awareness,Hyderabad,Premium,35,88608.86121615033,450267,9129,5428,128,129895.73681515275,11,12796.36467088391
CMP_061,CUST_0242,2026-08-28,Instagram,Snacks,Seasonal,Delhi,Budget,33,81869.07945017082,280603,9871,5825,303,194130.88506371403,5,5914.056853287184
CMP_146,CUST_1215,2026-01-06,Email,Home Care,Awareness,Pune,Premium,36,58432.8182562734,212012,16455,8813,1348,2028782.4465947256,9,29079.39350626476
CMP_061,CUST_0792,2026-08-23,Instagram,Beverages,Product Launch,Chennai,Premium,21,89998.90782145824,334887,9284,3828,218,226972.84437145578,11,13669.764007256528
CMP_128,CUST_1467,2026-06-09,Email,Home Care,Product Launch,Hyderabad,Premium,52,31965.30107199211,171497,14574,5643,689,1066735.7829590295,4,15633.103780810954
CMP_075,CUST_0599,2026-03-20,Instagram,Personal Care,Product Launch,Hyderabad,Budget,33,89436.88718831293,198770,8835,4223,225,129924.64131608287,7,7104.3779176219805
CMP_110,CUST_1178,2026-01-20,Google Ads,Packaged Foods,Conversion,Bangalore,Regular,19,17524.735483462555,54227,2898,1708,137,162853.06258238552,11,26403.15077301403
CMP_118,CUST_0205,2026-05-16,Meta Ads,Packaged Foods,Conversion,Pune,Regular,47,50087.37551146091,408072,10633,5467,376,396520.92712421523,10,20041.364109755745
CMP_117,CUST_0025,2026-06-02,YouTube,Snacks,Seasonal,Bangalore,Budget,53,67144.69173574314,323019,6433,2563,88,51448.2640423225,9,8048.218418493614
CMP_020,CUST_1113,2026-02-25,Meta Ads,Snacks,Product Launch,Pune,Budget,20,71297.44117662631,226205,5356,1664,79,58542.52046412195,10,10118.978342672392
CMP_041,CUST_0230,2026-08-16,Instagram,Beverages,Conversion,Hyderabad,Premium,54,22119.780950549484,95921,3449,2056,83,94292.83351371309,3,3839.3191768495185
CMP_101,CUST_0999,2026-09-19,Meta Ads,Snacks,Awareness,Kolkata,Regular,56,29480.458324975338,79776,2730,1361,73,61927.94852934936,2,3479.3383134895294
CMP_026,CUST_1169,2026-09-17,Meta Ads,Home Care,Awareness,Kolkata,Regular,48,71600.68334074621,246112,6076,2060,105,83290.28055248219,5,7097.649753484194
CMP_037,CUST_1372,2026-05-28,Google Ads,Packaged Foods,Retargeting,Kolkata,Premium,48,30150.92101474269,79378,2976,922,57,83052.79986525375,9,28728.19766419086
CMP_129,CUST_0194,2026-04-29,Meta Ads,Home Care,Product Launch,Pune,Premium,34,98547.72985625337,301884,10080,2585,102,138682.22707161703,1,2511.591155434017
CMP_085,CUST_1313,2026-09-20,Email,Snacks,Seasonal,Bangalore,Regular,49,13629.893403661701,46138,4096,2033,210,292582.05728244927,4,5323.098405402367
CMP_060,CUST_0108,2026-04-23,Email,Beverages,Seasonal,Pune,Budget,38,67070.9825446588,234118,15445,6448,636,615517.5217354915,9,19099.17703228228
CMP_009,CUST_0654,2026-03-09,Meta Ads,Snacks,Retargeting,Chennai,Premium,42,98534.16864042146,602592,22220,9548,499,692533.8540023848,3,8253.985336642994
CMP_052,CUST_1225,2026-01-22,Email,Home Care,Product Launch,Delhi,Premium,62,51508.48840239095,118585,11757,3834,458,862994.9743236834,10,20555.15040469061
CMP_021,CUST_0923,2026-03-22,Google Ads,Home Care,Seasonal,Bangalore,Regular,49,88903.93225560202,213169,10060,3013,227,218921.63893759466,3,3456.462348080008
CMP_058,CUST_0756,2026-09-07,Meta Ads,Home Care,Retargeting,Hyderabad,Premium,44,28142.7939229313,77862,2940,1017,49,67346.9429505467,3,4675.572854788673
CMP_042,CUST_0965,2026-05-24,Google Ads,Beverages,Awareness,Pune,Regular,44,5364.232879776925,21230,1025,384,29,29901.388847946004,2,2088.736586789037
CMP_051,CUST_0413,2026-01-16,Google Ads,Home Care,Conversion,Kolkata,Budget,52,36458.01700179115,168856,6975,3176,316,287113.5494199045,4,8239.887969256835
CMP_114,CUST_0393,2026-09-24,LinkedIn,Beverages,Awareness,Pune,Budget,46,32362.00791177892,99497,2654,1491,62,66236.74724907636,3,3506.441523647478
CMP_145,CUST_1089,2026-08-20,YouTube,Beverages,Awareness,Pune,Premium,36,17809.743567181282,51747,1011,459,14,15890.77878671308,10,15468.264135182868
CMP_126,CUST_1039,2026-01-31,YouTube,Personal Care,Conversion,Kolkata,Budget,45,35174.03410369099,82946,1824,1045,42,26302.63530880743,2,1547.7864070383712
CMP_028,CUST_0996,2026-07-05,YouTube,Beverages,Seasonal,Chennai,Regular,58,32531.074596265928,141401,2608,1562,68,44883.88943316697,5,8681.055662254546
CMP_145,CUST_1097,2026-03-11,Email,Packaged Foods,Retargeting,Bangalore,Budget,23,26521.741841219322,65940,4220,1984,134,117448.26201086616,2,3742.616487601972
CMP_150,CUST_0243,2026-02-13,LinkedIn,Beverages,Seasonal,Hyderabad,Premium,55,53675.115744112954,300597,7687,4255,178,393005.7637080344,4,16016.190216660945
CMP_057,CUST_1348,2026-07-18,YouTube,Beverages,Product Launch,Kolkata,Budget,46,91193.48373128631,288062,7046,1802,55,35278.09484715459,11,10101.79843057133
CMP_070,CUST_0136,2026-06-22,Email,Packaged Foods,Product Launch,Hyderabad,Budget,32,29992.528828816867,146666,13745,6743,722,801753.3303554917,5,9495.98981964117
CMP_013,CUST_0149,2026-09-24,Instagram,Snacks,Product Launch,Kolkata,Budget,42,63691.14611573714,163086,5353,1988,105,71818.60522713936,9,5845.975569838946
CMP_075,CUST_1201,2026-02-16,LinkedIn,Personal Care,Awareness,Chennai,Budget,33,83306.68909862687,250777,7177,2934,128,125657.6367027587,4,7187.9645841154115
CMP_030,CUST_0537,2026-01-10,Meta Ads,Personal Care,Seasonal,Delhi,Premium,36,13856.066002657419,32267,667,272,8,10090.161150180069,6,8360.87780798499
CMP_099,CUST_0309,2026-04-26,LinkedIn,Beverages,Retargeting,Kolkata,Premium,23,37980.47083761305,175915,4259,1860,86,188595.9089525583,1,2829.9315030758357
CMP_038,CUST_0169,2026-01-31,Instagram,Beverages,Retargeting,Bangalore,Regular,42,84665.84594221362,247389,8658,3166,161,131164.60267346323,3,2832.4116668275674
CMP_013,CUST_1209,2026-01-12,Meta Ads,Personal Care,Awareness,Mumbai,Premium,27,83262.9948649583,240630,7307,2465,174,240518.62054436828,10,25728.3881867819
CMP_057,CUST_1239,2026-01-14,Email,Packaged Foods,Seasonal,Hyderabad,Premium,41,83649.1976586283,374577,26686,13377,1535,3049297.1329399166,2,8206.972318270298
CMP_061,CUST_0428,2026-04-19,YouTube,Beverages,Awareness,Pune,Premium,20,78142.64712805687,410269,9388,3148,129,155415.0555005201,1,2099.9905998367335
CMP_075,CUST_0510,2026-02-07,LinkedIn,Snacks,Retargeting,Delhi,Budget,28,72227.25756777727,186003,5512,2327,83,83007.99283741035,7,10774.818765704056
CMP_049,CUST_1022,2026-02-14,YouTube,Personal Care,Seasonal,Pune,Budget,18,72939.60183491268,232313,5383,3146,156,88488.09660440734,1,886.3691106276599
CMP_078,CUST_0294,2026-04-13,Email,Personal Care,Conversion,Bangalore,Regular,43,77671.1048245502,411834,27025,8849,753,854950.6727092698,4,6475.877201702322
CMP_080,CUST_0599,2026-08-30,Instagram,Home Care,Awareness,Hyderabad,Budget,58,94974.16381259188,245139,7114,1981,143,81845.72992757951,7,8205.266259545555
CMP_064,CUST_1019,2026-03-14,Instagram,Home Care,Awareness,Bangalore,Budget,24,21330.5136995946,136400,5877,2168,147,95830.04403634756,9,6537.066461117496
CMP_017,CUST_1120,2026-09-04,Instagram,Home Care,Product Launch,Bangalore,Premium,27,22999.004979871297,158446,5856,2249,103,115560.20990465429,4,6595.424581515323
CMP_099,CUST_0371,2026-02-15,YouTube,Packaged Foods,Retargeting,Pune,Budget,25,78355.40968860741,198372,3536,1909,70,36926.4741474823,7,7009.427001071925
CMP_034,CUST_0952,2026-02-27,Email,Beverages,Seasonal,Kolkata,Regular,48,68403.30136405723,172152,11377,5741,409,444603.7155659512,6,10825.016557431685
CMP_083,CUST_1391,2026-08-17,Meta Ads,Packaged Foods,Product Launch,Bangalore,Budget,34,90877.70276731774,723093,24220,6230,303,229182.88470053527,2,3240.0765113716666
CMP_085,CUST_1053,2026-01-20,Google Ads,Packaged Foods,Product Launch,Bangalore,Regular,52,74450.93636919337,209265,9670,2603,170,202762.91286535937,3,7079.75020715812
CMP_054,CUST_0262,2026-03-28,Email,Home Care,Retargeting,Pune,Premium,30,50991.11764543302,141323,10838,3052,361,550619.1168490394,1,2365.2313172988625
CMP_003,CUST_0495,2026-05-29,Email,Snacks,Conversion,Delhi,Premium,35,62120.18030476469,219216,16867,5676,900,1373410.9862351285,9,36204.61023297951
CMP_025,CUST_0768,2026-07-30,Google Ads,Personal Care,Retargeting,Kolkata,Budget,62,89084.67391625323,234574,9119,2853,259,238964.7476541606,2,1895.6990806909432
CMP_048,CUST_0544,2026-06-11,Instagram,Packaged Foods,Conversion,Bangalore,Budget,41,36331.781625418196,113036,2855,1573,66,45933.69159053394,3,3068.790995052577
CMP_146,CUST_0251,2026-04-23,Google Ads,Beverages,Retargeting,Mumbai,Premium,26,81493.3885412975,247842,9754,3248,301,509896.5505398576,10,31008.168168061067
CMP_046,CUST_0582,2026-08-14,Email,Packaged Foods,Conversion,Hyderabad,Premium,45,20893.384498142877,68148,6249,1647,241,392720.92324859585,8,21272.472236859263
CMP_146,CUST_1473,2026-08-17,Instagram,Snacks,Awareness,Kolkata,Budget,54,30907.057908319726,100489,2791,1460,66,38876.42597769755,3,4426.201035698133
CMP_023,CUST_1491,2026-02-03,LinkedIn,Packaged Foods,Product Launch,Chennai,Budget,49,16543.604826027356,78295,1881,1025,38,35579.55059849429,8,18829.895265764408
CMP_022,CUST_0869,2026-08-01,LinkedIn,Packaged Foods,Retargeting,Bangalore,Regular,59,76729.74259853462,450066,13082,3284,136,210866.49507988087,10,15920.07498228733
CMP_105,CUST_0459,2026-01-03,Instagram,Personal Care,Product Launch,Kolkata,Regular,44,72884.79968122533,164758,6254,2161,125,103935.05764540508,6,10350.383686263402
CMP_065,CUST_0779,2026-05-06,Google Ads,Snacks,Retargeting,Mumbai,Regular,55,34864.6152459546,275217,14219,4787,341,390896.7965069499,8,14698.106714379215
CMP_147,CUST_1250,2026-03-18,LinkedIn,Packaged Foods,Seasonal,Pune,Premium,63,77130.44417054154,232261,5663,2194,135,274202.387392361,1,3931.3266193702975
CMP_097,CUST_1209,2026-08-13,YouTube,Home Care,Retargeting,Delhi,Budget,44,82818.81574964983,192475,3117,1255,48,29239.745768369186,8,6234.129758297449
CMP_148,CUST_1316,2026-05-27,LinkedIn,Home Care,Retargeting,Kolkata,Regular,64,73418.0241680139,242576,6708,3319,115,176662.64936066655,7,23887.65669920507
CMP_074,CUST_1487,2026-02-17,Google Ads,Home Care,Awareness,Bangalore,Regular,60,57902.52059030475,161370,8371,3510,267,274654.33748242335,8,11452.687124892807
CMP_044,CUST_1053,2026-04-26,Instagram,Beverages,Seasonal,Chennai,Premium,20,22475.92524769534,68659,2640,1022,29,38596.16204175639,5,5179.44277900935
CMP_070,CUST_1116,2026-03-03,Meta Ads,Home Care,Conversion,Mumbai,Premium,43,54886.55048688802,158942,5072,2612,148,204055.5237846509,4,11199.174306847253
CMP_016,CUST_1459,2026-08-25,YouTube,Home Care,Product Launch,Kolkata,Budget,47,76136.19794680277,207101,4070,2167,70,42263.02519770969,7,5091.704724820232
CMP_102,CUST_0758,2026-05-15,Instagram,Snacks,Product Launch,Hyderabad,Budget,33,5494.232646324035,24988,662,322,16,10948.401500117345,9,11014.248342132423
CMP_011,CUST_0710,2026-07-03,Email,Personal Care,Seasonal,Bangalore,Regular,58,93852.13359603792,213866,13888,4423,477,603882.2345551775,10,26982.560558348345
CMP_144,CUST_0583,2026-06-29,YouTube,Packaged Foods,Conversion,Bangalore,Regular,46,65977.60905287458,199687,3986,1358,47,39420.349133836644,7,7605.866312924544
CMP_119,CUST_0361,2026-05-13,Google Ads,Home Care,Seasonal,Mumbai,Regular,60,23573.26219033964,57578,3044,1233,82,90424.43326299338,5,13272.876455956533
CMP_123,CUST_1114,2026-09-01,YouTube,Packaged Foods,Conversion,Pune,Budget,26,75261.39677722947,416524,7842,4318,138,66849.36621807545,3,3364.6817869408983
CMP_039,CUST_1175,2026-08-11,Meta Ads,Packaged Foods,Seasonal,Kolkata,Regular,54,94701.99873493124,453610,13662,5802,367,304813.32353809784,11,13268.26445295872
CMP_133,CUST_0085,2026-04-20,Instagram,Home Care,Product Launch,Pune,Regular,47,29949.21939100185,104844,3530,1985,103,87358.88207813242,3,2327.8404245073525
CMP_120,CUST_0122,2026-07-18,YouTube,Home Care,Seasonal,Pune,Premium,47,98907.90440180691,298191,6375,3348,106,127236.2774213189,2,1978.7710508187572
CMP_022,CUST_0561,2026-05-25,Email,Home Care,Seasonal,Chennai,Budget,24,84614.56695918053,274599,17389,8700,1023,1033419.4251994252,6,13629.52970291677
CMP_022,CUST_0075,2026-03-05,Google Ads,Packaged Foods,Conversion,Mumbai,Premium,30,93389.62341034159,324745,14270,7089,640,1105331.082281391,2,3805.711415455265
CMP_056,CUST_0278,2026-08-22,LinkedIn,Personal Care,Product Launch,Hyderabad,Regular,58,90195.81640571215,280614,5346,2649,165,240419.974760509,1,1975.7078162895348
CMP_033,CUST_0453,2026-06-12,Email,Home Care,Product Launch,Chennai,Premium,26,36082.58372370414,212827,20918,10426,1729,3063441.0653125616,5,17909.402878058983
CMP_083,CUST_0390,2026-09-12,Meta Ads,Beverages,Awareness,Pune,Budget,30,30572.562726891512,114245,3464,1984,94,63620.791421875125,2,3037.815682037856
CMP_013,CUST_0165,2026-05-16,Meta Ads,Packaged Foods,Awareness,Pune,Regular,35,26823.099451695245,65810,1594,758,43,35145.518111578756,9,10251.648806961706
CMP_063,CUST_0960,2026-01-14,Instagram,Home Care,Product Launch,Mumbai,Regular,59,38252.08223378618,203509,7977,4495,249,219726.18506329498,5,6643.0368391328975
CMP_093,CUST_1267,2026-06-14,Meta Ads,Packaged Foods,Seasonal,Chennai,Premium,59,10064.899317442203,28090,656,221,8,9226.740297597538,9,20285.76027803987
CMP_076,CUST_1031,2026-04-06,Email,Personal Care,Awareness,Delhi,Premium,49,62794.92799625253,333739,25772,7995,760,1363110.9648694464,4,8044.46983213547
CMP_097,CUST_1074,2026-08-11,Google Ads,Snacks,Awareness,Pune,Budget,29,93832.95845194506,264378,11635,5859,487,371200.8837580644,7,14238.057912697972
CMP_011,CUST_1214,2026-03-29,YouTube,Home Care,Product Launch,Kolkata,Budget,62,16698.527389133073,82354,1519,703,18,10220.579221426606,8,11164.598347394487
CMP_105,CUST_1214,2026-02-17,Google Ads,Packaged Foods,Product Launch,Chennai,Budget,19,78124.59180609958,604187,40058,18597,1256,1066981.0302097427,11,18032.374077821143
CMP_034,CUST_0653,2026-09-29,LinkedIn,Home Care,Product Launch,Mumbai,Premium,22,84635.21045387172,336632,7841,4586,219,422142.38975368475,1,2892.385396316331
CMP_023,CUST_0283,2026-09-06,Instagram,Beverages,Awareness,Hyderabad,Budget,35,27316.093256605764,61162,2504,957,53,39665.44226816151,1,1103.4968427981726
CMP_030,CUST_1025,2026-01-26,YouTube,Personal Care,Conversion,Chennai,Premium,54,66822.71945115458,261856,5204,2000,48,43124.30384909096,7,9407.040088526725
CMP_075,CUST_0237,2026-06-18,LinkedIn,Snacks,Seasonal,Kolkata,Premium,40,35839.384426634904,102500,2202,670,44,73170.43455541295,7,20079.49564497776
CMP_068,CUST_0678,2026-04-28,Google Ads,Beverages,Retargeting,Pune,Budget,31,31201.073374984,81941,3499,1978,184,150654.18879624316,3,2893.9503270168548
CMP_107,CUST_0612,2026-05-24,YouTube,Personal Care,Product Launch,Chennai,Regular,18,5133.374920309581,22684,514,223,13,9082.089641574414,2,2064.4281417167617
CMP_120,CUST_0987,2026-03-22,YouTube,Personal Care,Awareness,Chennai,Regular,57,72454.13258509064,188164,3558,2080,50,39241.99282544035,1,794.7543262408976
CMP_078,CUST_1497,2026-01-08,Email,Personal Care,Conversion,Delhi,Budget,60,54620.89853066407,160971,14605,5232,439,349947.5530452213,2,2113.7493309617807
CMP_075,CUST_0957,2026-03-21,Email,Packaged Foods,Retargeting,Chennai,Premium,48,43504.19492634177,109609,6949,3469,415,616765.8829315122,6,19682.826890221426
CMP_012,CUST_0261,2026-08-14,Email,Beverages,Conversion,Delhi,Premium,46,84074.55401799132,252090,18944,10960,1565,2582122.351457471,9,36050.01689123294
CMP_131,CUST_0062,2026-01-05,YouTube,Snacks,Awareness,Hyderabad,Premium,44,84131.07771027762,340871,5869,2443,89,102706.18990113573,1,2488.1686544501813
CMP_110,CUST_0489,2026-02-02,Instagram,Home Care,Product Launch,Bangalore,Premium,56,83212.9701110856,317377,11864,4035,280,376154.6224579681,9,8429.348938271643
CMP_141,CUST_1027,2026-01-27,Instagram,Beverages,Seasonal,Chennai,Premium,35,90062.28107163233,228966,7861,3134,217,264667.62269321666,4,9627.470142503305
CMP_115,CUST_0863,2026-03-31,LinkedIn,Personal Care,Product Launch,Bangalore,Budget,55,24151.9153555878,190644,3396,1890,114,141887.61391367248,8,19726.809503620418
CMP_065,CUST_0153,2026-03-19,Instagram,Snacks,Awareness,Kolkata,Premium,58,43345.612984829626,130906,3314,1939,99,128577.14468594066,9,25362.59804786233
CMP_090,CUST_0807,2026-06-08,Email,Personal Care,Product Launch,Pune,Budget,64,34974.13767438115,81105,7966,2960,377,342574.2643521818,7,7089.841194834025
CMP_143,CUST_0949,2026-04-04,LinkedIn,Home Care,Awareness,Hyderabad,Premium,46,73746.20596826801,264684,5131,1426,39,63156.143249652625,4,9065.214990420787
CMP_124,CUST_0834,2026-01-18,Google Ads,Home Care,Seasonal,Kolkata,Regular,33,35932.50136138289,178564,9204,4131,391,417139.4754867857,3,7664.101023104788
CMP_003,CUST_0518,2026-04-25,YouTube,Beverages,Conversion,Kolkata,Budget,44,87705.88014644397,307505,6461,2153,63,36282.26861714925,8,9624.459556574051
CMP_029,CUST_0734,2026-01-11,Google Ads,Snacks,Retargeting,Pune,Budget,32,89883.35570283745,478934,20253,10657,915,702742.4401350465,2,2744.2125508458676
CMP_122,CUST_0789,2026-08-04,Google Ads,Home Care,Seasonal,Hyderabad,Regular,46,33397.64901946679,78815,3982,1629,138,132826.91519319706,6,9708.268239190147
CMP_107,CUST_1226,2026-08-14,Google Ads,Snacks,Conversion,Hyderabad,Budget,26,18227.574354509554,117310,4640,2145,115,102928.89036227144,1,805.7988232140202
CMP_140,CUST_0558,2026-09-29,Google Ads,Beverages,Product Launch,Pune,Premium,60,52591.257374277746,142278,7771,3723,320,461536.4592206684,11,32626.433252440067
CMP_129,CUST_1361,2026-03-07,Instagram,Packaged Foods,Seasonal,Bangalore,Budget,62,36548.89422993726,95275,3053,1605,78,49159.64788656923,11,12410.6927783675
CMP_108,CUST_0598,2026-03-03,Meta Ads,Packaged Foods,Retargeting,Delhi,Regular,59,86737.73410151758,257827,8861,2282,114,88544.95315487805,8,14682.054834602155
CMP_087,CUST_0834,2026-07-07,YouTube,Personal Care,Conversion,Bangalore,Budget,37,50693.28323596383,196874,4031,2108,59,31828.298205142328,10,7011.645983977578
CMP_060,CUST_0115,2026-01-14,LinkedIn,Snacks,Awareness,Mumbai,Budget,19,90950.55982275495,434714,13004,6971,401,497765.62688018946,4,3920.331757423515
CMP_016,CUST_0142,2026-03-07,LinkedIn,Personal Care,Seasonal,Mumbai,Regular,60,97383.42429029675,376127,9616,2922,133,186236.89892748007,8,22548.608740893476
CMP_124,CUST_0329,2026-06-19,Google Ads,Home Care,Retargeting,Hyderabad,Budget,25,95166.18282008206,615532,25000,10932,653,492005.60913895234,7,6650.071620645701
CMP_066,CUST_0979,2026-04-05,Google Ads,Personal Care,Seasonal,Chennai,Budget,55,22076.997991699045,151190,5319,2947,205,189823.97584057835,10,6734.952711364407
CMP_015,CUST_0474,2026-02-16,LinkedIn,Home Care,Conversion,Mumbai,Premium,40,32935.27275330036,248139,5848,3055,144,321065.0093470004,2,8630.162795547156
CMP_127,CUST_1166,2026-08-25,LinkedIn,Packaged Foods,Conversion,Mumbai,Regular,33,38540.81380603052,104535,2280,852,27,43545.422364030936,2,3262.1398674954157
CMP_038,CUST_1203,2026-05-31,Email,Home Care,Retargeting,Bangalore,Regular,22,67083.47354611746,178653,10746,6159,522,773786.370734347,2,3536.576002879894
CMP_131,CUST_0530,2026-02-18,Google Ads,Personal Care,Retargeting,Pune,Regular,28,68125.85060530182,193180,7625,3963,230,225118.86559891948,9,8718.336235988963
CMP_070,CUST_0042,2026-07-31,Instagram,Snacks,Seasonal,Bangalore,Premium,26,84087.31340335422,301340,9892,3846,139,182544.77530296936,8,11018.580198877353
CMP_036,CUST_1121,2026-05-16,Email,Personal Care,Awareness,Hyderabad,Premium,48,26341.948008890406,60406,3202,1153,135,253371.80231408542,4,7934.295644939171
CMP_146,CUST_0945,2026-06-30,Instagram,Home Care,Awareness,Chennai,Premium,60,54076.41899805086,233706,7563,3853,166,175285.63290860082,1,1177.0573607668364
CMP_119,CUST_0001,2026-08-18,Instagram,Personal Care,Product Launch,Chennai,Budget,21,25023.224957066403,62597,1695,714,25,18192.13801453514,7,8702.753367285786
CMP_046,CUST_1230,2026-07-14,LinkedIn,Personal Care,Seasonal,Pune,Premium,60,34611.486176065184,130948,2266,771,28,50755.81306878186,3,12590.304612476191
CMP_030,CUST_0601,2026-07-19,Google Ads,Home Care,Product Launch,Bangalore,Regular,41,49683.36199313373,217479,10196,5871,510,551309.4626763072,4,5306.348537248472
CMP_016,CUST_1284,2026-01-24,Email,Personal Care,Seasonal,Mumbai,Regular,23,71159.3347782666,228631,16950,10101,972,1392165.9962697814,3,7907.077793966394
CMP_029,CUST_0079,2026-07-02,Google Ads,Beverages,Product Launch,Kolkata,Regular,31,30215.818838545965,89390,3743,1805,110,104403.4994212105,2,2845.2352211208936
CMP_102,CUST_0785,2026-08-16,Email,Home Care,Seasonal,Chennai,Premium,30,55800.980039446884,152852,12755,4969,513,964936.8784520271,10,13624.067026419481
CMP_098,CUST_0320,2026-05-15,Google Ads,Beverages,Conversion,Hyderabad,Budget,47,60578.03195124931,208438,9560,5538,425,337649.2516031772,9,9973.42283513911
CMP_070,CUST_0797,2026-01-22,Meta Ads,Snacks,Retargeting,Pune,Premium,55,63324.28607186357,158716,3687,1818,136,159837.21181037862,5,8535.009352062794
CMP_102,CUST_0503,2026-06-12,Instagram,Personal Care,Awareness,Kolkata,Premium,36,57186.59854567443,187613,6787,3606,120,130055.88046952296,1,2762.6205290499393
CMP_074,CUST_0662,2026-09-09,LinkedIn,Packaged Foods,Product Launch,Mumbai,Budget,62,22583.646333503886,69571,1795,927,40,39056.571878917355,8,7241.555012577627
CMP_150,CUST_0061,2026-08-31,Google Ads,Packaged Foods,Awareness,Delhi,Premium,31,58368.3130570358,213831,9128,5294,469,807307.5297087563,8,10706.670051964478
CMP_053,CUST_1183,2026-05-24,Instagram,Snacks,Retargeting,Chennai,Premium,19,99202.1252110089,304459,7977,3240,213,285123.87769953033,2,2060.7413427176075
CMP_015,CUST_0135,2026-05-11,Google Ads,Home Care,Product Launch,Mumbai,Regular,27,87203.75803848683,362870,15518,7454,646,810019.4506257253,3,3069.318770361801
CMP_120,CUST_0176,2026-01-28,Email,Packaged Foods,Conversion,Delhi,Budget,22,55755.80024802538,162369,12732,3272,270,229859.65492269286,2,3739.7412464196236
CMP_132,CUST_0229,2026-06-15,LinkedIn,Personal Care,Seasonal,Kolkata,Budget,55,94807.9054854529,262030,6031,1732,94,104295.99453508404,6,7139.310947136192
CMP_110,CUST_0113,2026-03-15,Meta Ads,Personal Care,Product Launch,Delhi,Regular,42,31963.944987912702,263794,8520,4811,201,159320.32894149915,1,1112.3231735534973
CMP_095,CUST_1239,2026-04-16,Email,Packaged Foods,Seasonal,Mumbai,Budget,64,97593.06218109508,670781,61198,22134,2353,2630569.076071769,9,15030.13409375846
CMP_088,CUST_0097,2026-03-17,Meta Ads,Snacks,Product Launch,Mumbai,Regular,62,20695.918921112734,93945,3508,1646,87,74675.7161327345,2,3290.793704648144
CMP_122,CUST_1395,2026-06-26,Google Ads,Personal Care,Awareness,Pune,Regular,38,56393.058895609465,306120,15299,8145,537,665561.8950851102,3,5647.806616772371
CMP_138,CUST_0579,2026-05-16,Google Ads,Snacks,Product Launch,Mumbai,Budget,44,6574.755247562916,18508,953,299,17,11988.020008100752,4,7713.675325943902
CMP_015,CUST_0494,2026-03-14,Meta Ads,Snacks,Product Launch,Mumbai,Regular,27,70751.86321191148,285281,10221,3800,187,183428.4333210533,2,2965.5964175365866
CMP_053,CUST_1458,2026-07-19,Instagram,Packaged Foods,Conversion,Delhi,Budget,23,8937.21938366667,31208,1266,542,12,7213.344255993915,4,6262.832766354683
CMP_024,CUST_0496,2026-07-01,LinkedIn,Snacks,Conversion,Pune,Regular,29,29018.47306369874,161808,3615,1089,47,75982.25649208308,3,5806.736428585329
CMP_125,CUST_0233,2026-07-24,Google Ads,Personal Care,Product Launch,Chennai,Premium,42,86056.62929659286,226687,11796,6047,350,623326.5654032839,10,19872.444475676948
CMP_146,CUST_1048,2026-03-06,Instagram,Beverages,Retargeting,Chennai,Premium,28,58744.418890398476,187191,6285,3323,154,176867.37690955962,10,9691.833531976343
CMP_104,CUST_0363,2026-02-06,LinkedIn,Beverages,Seasonal,Chennai,Premium,62,72362.72375961444,425731,8617,2474,162,320955.411882621,7,17335.53332144473
CMP_001,CUST_0021,2026-06-21,YouTube,Beverages,Conversion,Kolkata,Premium,37,42641.17864558702,169179,3893,2258,96,99533.71801482572,4,4761.983233734572
CMP_013,CUST_0214,2026-05-15,LinkedIn,Packaged Foods,Seasonal,Pune,Premium,49,32219.421938836233,222117,4602,2232,120,264962.9726326145,10,37909.94341039487
CMP_120,CUST_0677,2026-08-31,Email,Snacks,Retargeting,Mumbai,Premium,50,25783.733507494184,113652,10749,4190,464,919904.1328585377,10,33375.29689129614
CMP_092,CUST_0847,2026-09-12,Instagram,Snacks,Conversion,Delhi,Budget,59,29474.107704643084,127570,4654,1462,94,61355.0606032725,6,7808.094112803968
CMP_084,CUST_0474,2026-03-03,Google Ads,Beverages,Conversion,Bangalore,Premium,52,95489.67540900363,664016,26847,11799,1014,1337925.9904108571,7,10397.895491446703
CMP_141,CUST_0803,2026-02-18,LinkedIn,Personal Care,Conversion,Hyderabad,Regular,57,72866.32416012861,432070,10941,3407,156,240535.51702264667,3,7533.8318542475245
CMP_069,CUST_1145,2026-06-10,Google Ads,Personal Care,Product Launch,Delhi,Budget,40,34540.551348082794,84642,4493,1227,118,101881.4744239198,2,2509.518947994853
CMP_082,CUST_1124,2026-09-10,Google Ads,Snacks,Product Launch,Pune,Premium,50,45701.81084312933,139660,6093,2733,163,259454.2193228458,8,21727.853406327842
CMP_127,CUST_0501,2026-03-13,Instagram,Home Care,Awareness,Pune,Regular,25,97678.795428687,417990,19034,8169,350,342805.7233282331,3,2916.3837418364574
CMP_100,CUST_0081,2026-05-24,Email,Snacks,Seasonal,Chennai,Premium,52,77508.25950580995,299116,27417,8205,942,1479644.7265709045,9,14479.64275356801
CMP_123,CUST_0464,2026-05-28,Email,Home Care,Seasonal,Pune,Budget,46,26186.42109623733,72653,6299,1686,210,181839.44407691224,3,6181.555850730684
CMP_106,CUST_1112,2026-06-12,Email,Snacks,Awareness,Chennai,Regular,33,85106.29094842137,201091,13782,5712,465,495934.46790935285,5,6724.374176615194
CMP_082,CUST_0941,2026-07-05,Instagram,Personal Care,Retargeting,Delhi,Premium,55,66695.2617925008,185595,7427,1909,106,108650.9043311291,6,14967.319796173655
CMP_148,CUST_1254,2026-02-13,LinkedIn,Beverages,Product Launch,Delhi,Budget,23,94156.4403068117,284170,5261,1922,118,132829.99025425932,9,11594.914624363222
CMP_097,CUST_1014,2026-04-18,Email,Beverages,Retargeting,Delhi,Regular,59,15103.76608506119,33714,3276,1840,188,263773.7455729034,3,4729.942049156161
CMP_042,CUST_0786,2026-05-05,YouTube,Packaged Foods,Awareness,Hyderabad,Premium,23,36853.61355404187,182202,3178,1480,51,57526.725839270766,10,15950.27370061751
CMP_139,CUST_0360,2026-07-29,Google Ads,Snacks,Product Launch,Delhi,Premium,33,79736.13163190846,465242,18904,5012,342,514128.45746962784,3,3903.2575616068575
CMP_004,CUST_1148,2026-05-17,YouTube,Beverages,Seasonal,Chennai,Premium,44,80699.50740036479,231740,6236,2417,104,121378.66398365158,1,1234.4974846214027
CMP_030,CUST_0472,2026-04-16,YouTube,Beverages,Conversion,Bangalore,Premium,39,81502.66122447271,266407,5363,2083,85,85504.37221282447,7,12551.721648540144
CMP_063,CUST_1228,2026-09-19,Email,Personal Care,Product Launch,Bangalore,Regular,20,21165.48256530914,69042,5551,2955,375,455573.20977387537,7,16200.028769490278
CMP_052,CUST_1476,2026-05-20,YouTube,Home Care,Product Launch,Delhi,Regular,49,51674.972380212654,133914,3055,1628,61,49856.07265287639,2,2271.1943086039687
CMP_002,CUST_0786,2026-06-12,Google Ads,Personal Care,Product Launch,Delhi,Regular,27,50342.79093163818,187103,9292,2544,215,280948.6798896421,11,17183.329917954892
CMP_100,CUST_0007,2026-09-23,Email,Home Care,Retargeting,Bangalore,Budget,23,34182.509574440235,88794,7966,2460,245,219011.8731833109,5,9449.688594154286
CMP_080,CUST_1152,2026-07-26,Instagram,Snacks,Retargeting,Mumbai,Premium,28,36249.6426928341,173829,5906,3506,175,240053.692794267,5,10278.359256031415
CMP_031,CUST_0234,2026-07-30,Meta Ads,Personal Care,Retargeting,Hyderabad,Budget,46,13970.21601869548,56434,1679,740,50,40128.053987725965,6,8681.431688321274
CMP_034,CUST_1471,2026-05-16,YouTube,Personal Care,Product Launch,Hyderabad,Regular,43,71965.92376950882,217200,3592,1419,47,35212.334306719305,8,5220.328611104477
CMP_080,CUST_0843,2026-01-26,Email,Home Care,Product Launch,Kolkata,Premium,64,85897.61081445364,317857,31988,9332,1445,2655598.4876672477,4,7837.515533064114
CMP_133,CUST_1352,2026-02-12,YouTube,Snacks,Conversion,Kolkata,Budget,60,94314.31350493165,235411,4259,1947,68,41097.96765625106,9,8587.925982372839
CMP_121,CUST_1273,2026-07-20,YouTube,Beverages,Seasonal,Bangalore,Budget,60,79307.08488301242,415653,5368,1721,47,25920.85416347164,2,1440.4232929130967
CMP_017,CUST_0713,2026-03-09,Instagram,Beverages,Awareness,Hyderabad,Premium,27,72909.16138604724,559287,17201,9891,517,620673.8360293404,6,12607.822578724834
CMP_029,CUST_0980,2026-08-20,Google Ads,Packaged Foods,Seasonal,Delhi,Budget,30,14568.667243300948,34337,1814,819,73,55121.903930524095,3,4379.7970544611535
CMP_124,CUST_1237,2026-06-25,Email,Personal Care,Product Launch,Hyderabad,Premium,58,23057.252996832234,168730,13794,4019,432,873132.0734830542,1,2473.274844255403
CMP_049,CUST_0192,2026-06-22,Google Ads,Beverages,Conversion,Delhi,Budget,56,16106.984063709382,67812,2808,1230,91,85202.20563699858,7,7366.346478117718
CMP_010,CUST_1260,2026-04-26,YouTube,Snacks,Product Launch,Chennai,Budget,55,81434.9285155637,291381,5672,3345,124,76568.1133093259,10,7331.516132223288
CMP_028,CUST_0925,2026-08-11,Email,Beverages,Retargeting,Mumbai,Budget,19,89761.93615064028,228553,18259,6959,973,1093378.2301807888,2,4040.855075646795
CMP_020,CUST_1261,2026-05-31,YouTube,Personal Care,Product Launch,Delhi,Regular,57,25646.52886865504,72989,1820,938,27,20919.47329766954,9,13156.012625426269
CMP_126,CUST_0569,2026-08-11,Email,Beverages,Conversion,Bangalore,Premium,18,73756.71656725495,173075,16808,9424,1304,2412734.5518229,2,7853.833154739126
CMP_077,CUST_0879,2026-09-20,Instagram,Home Care,Retargeting,Chennai,Premium,26,83067.09373260071,199050,8522,2365,92,114531.11272686663,1,2630.8397195953953
CMP_078,CUST_1480,2026-01-07,YouTube,Home Care,Awareness,Chennai,Budget,34,48048.179012905195,178929,4192,1640,57,37396.950848701934,2,1716.4382707357456
CMP_122,CUST_1252,2026-02-02,LinkedIn,Home Care,Product Launch,Bangalore,Premium,34,61758.05390096724,168480,4472,1206,39,74100.34055895144,7,20596.284056224173
CMP_088,CUST_0724,2026-09-16,Meta Ads,Snacks,Awareness,Bangalore,Regular,19,50361.360545619216,199095,6400,2043,132,106699.88264808182,2,2264.7229876931183
CMP_031,CUST_0322,2026-08-03,Google Ads,Snacks,Conversion,Chennai,Premium,27,11924.062160862308,26861,1129,588,40,51730.075284152204,5,14591.888452754434
CMP_150,CUST_0970,2026-05-12,Instagram,Home Care,Seasonal,Chennai,Premium,61,84332.6713208745,234622,9026,2654,107,119182.22667489103,7,20040.376704765367
CMP_147,CUST_1493,2026-04-27,Email,Home Care,Product Launch,Hyderabad,Budget,52,93629.6357510646,307079,26725,14409,1450,1438170.9606888827,3,5701.164551716246
CMP_133,CUST_1414,2026-06-07,Meta Ads,Packaged Foods,Conversion,Bangalore,Regular,50,67602.73481248948,266961,11444,5939,326,298810.5342141686,9,14684.360794320564
CMP_011,CUST_0247,2026-02-25,YouTube,Snacks,Retargeting,Delhi,Premium,48,17130.134711723105,51237,1175,612,26,30343.99584397503,9,13228.442196334994
CMP_027,CUST_0653,2026-03-18,YouTube,Personal Care,Product Launch,Bangalore,Regular,48,7017.195163439212,38837,834,377,9,6781.852586202097,7,4684.422487645752
CMP_091,CUST_1309,2026-08-24,LinkedIn,Packaged Foods,Retargeting,Chennai,Budget,63,39805.93547148346,136296,3499,1429,59,54095.18485480175,8,19961.563651707234
CMP_009,CUST_0373,2026-02-07,YouTube,Snacks,Product Launch,Mumbai,Premium,49,79847.54059944442,355301,5350,2726,106,104720.21315729695,7,13844.18321688661
CMP_122,CUST_1158,2026-07-25,Email,Beverages,Conversion,Chennai,Premium,41,14903.580700621276,42254,3710,1073,135,219236.0057485137,6,12795.833660841721
CMP_007,CUST_0739,2026-04-10,Google Ads,Beverages,Retargeting,Kolkata,Regular,26,92609.53291152099,501069,18972,10703,549,579837.3300132862,5,6530.891103970861
CMP_052,CUST_0164,2026-04-09,Meta Ads,Snacks,Product Launch,Delhi,Regular,55,8676.479915904187,37064,1208,481,24,21266.804884635167,3,6285.663285161741
CMP_022,CUST_0283,2026-03-17,YouTube,Snacks,Seasonal,Hyderabad,Regular,47,80251.12591121752,323751,6417,3670,148,131571.28117098953,10,13631.55805367811
CMP_022,CUST_0494,2026-09-30,YouTube,Home Care,Retargeting,Bangalore,Regular,60,45994.8140955691,337134,6538,3703,128,99364.84788405866,6,6074.7436371437625
CMP_087,CUST_0825,2026-08-16,Email,Snacks,Seasonal,Bangalore,Regular,46,11395.251894940331,94220,9258,3172,454,552707.1445531378,10,29966.594114828815
CMP_040,CUST_0375,2026-07-29,LinkedIn,Snacks,Conversion,Pune,Regular,34,17783.520651619794,53070,1657,981,53,64286.875016071965,9,13858.35858774596
CMP_047,CUST_0190,2026-07-24,Email,Beverages,Retargeting,Pune,Budget,19,26611.901816645895,66585,5036,1907,148,156081.35315170482,10,12567.623668512646
CMP_107,CUST_1172,2026-07-01,Google Ads,Packaged Foods,Retargeting,Kolkata,Premium,43,20979.76148002292,46994,2478,1300,103,154552.78902870815,7,20374.90214337452
CMP_054,CUST_1355,2026-04-08,Email,Beverages,Conversion,Delhi,Budget,44,8758.798024457381,30814,2011,1199,156,158871.83455162583,5,4919.181151937861
CMP_100,CUST_1287,2026-03-18,Google Ads,Personal Care,Conversion,Mumbai,Regular,41,81128.88514641613,180600,6123,3563,304,304211.16671976564,6,6683.772035607009
CMP_128,CUST_0423,2026-02-07,Google Ads,Personal Care,Product Launch,Delhi,Regular,30,40495.76356655697,246009,11268,3706,272,309173.47380675666,3,7411.778633577889
CMP_132,CUST_1400,2026-08-07,Google Ads,Snacks,Product Launch,Delhi,Premium,20,6449.488022274303,22060,922,245,14,23447.95406947926,3,4888.732224619949
CMP_050,CUST_0607,2026-02-01,Email,Packaged Foods,Awareness,Chennai,Premium,44,60327.23923421221,149667,11792,6206,812,1316956.8474664355,8,11190.89293612861
CMP_084,CUST_0810,2026-06-27,Instagram,Personal Care,Conversion,Mumbai,Premium,19,91912.86947579813,233831,6704,2435,136,136169.31914280038,9,11556.969329918558
CMP_088,CUST_1139,2026-04-05,Email,Beverages,Conversion,Bangalore,Regular,57,53845.508304992094,207801,12802,7165,826,910704.9421796526,2,3632.917124502974
CMP_019,CUST_0483,2026-04-30,Email,Beverages,Seasonal,Kolkata,Premium,47,39865.63315890774,184918,16828,7141,658,952294.887148455,10,38994.41613819436
CMP_095,CUST_0464,2026-08-04,LinkedIn,Packaged Foods,Product Launch,Kolkata,Regular,59,21657.77407235714,67029,1678,743,42,61896.50289240416,11,24618.768951672453
CMP_056,CUST_1110,2026-07-03,YouTube,Home Care,Product Launch,Delhi,Regular,18,38047.94739461966,100539,2115,1152,37,26413.66127555008,10,15628.917267417675
CMP_125,CUST_0360,2026-06-22,Meta Ads,Personal Care,Retargeting,Mumbai,Budget,43,51001.187334104834,164706,6155,1727,122,70358.90553303846,10,13809.295624023154
CMP_119,CUST_0231,2026-05-10,LinkedIn,Beverages,Seasonal,Pune,Premium,38,50608.881052420205,145921,3236,1918,90,152940.89680412755,11,44757.19001988461
CMP_014,CUST_0889,2026-03-11,Google Ads,Home Care,Product Launch,Bangalore,Regular,52,19313.249811786387,58980,2795,1055,70,91557.72286836413,9,10036.866871324246
CMP_117,CUST_1067,2026-04-05,Google Ads,Beverages,Conversion,Mumbai,Budget,25,78983.9769351983,336949,19024,5429,382,346583.25444556755,9,13182.617621700227
CMP_058,CUST_0424,2026-05-26,YouTube,Packaged Foods,Product Launch,Pune,Budget,33,94756.56704163004,452957,8302,3951,134,81675.86903580592,3,3987.3231142611344
CMP_001,CUST_1232,2026-02-19,Google Ads,Packaged Foods,Retargeting,Hyderabad,Budget,25,47814.9197255877,135873,5238,2960,249,241405.79270791428,10,10056.291117905452
CMP_129,CUST_0079,2026-06-06,Email,Personal Care,Product Launch,Chennai,Premium,21,46394.44647817284,113434,12052,6199,646,944918.800607728,5,16615.616289171747
CMP_007,CUST_0871,2026-09-01,Email,Personal Care,Seasonal,Pune,Regular,44,52012.95892915079,249207,22328,11575,1143,1699334.6121055752,10,30678.357783119387
CMP_092,CUST_0679,2026-02-28,LinkedIn,Snacks,Conversion,Delhi,Budget,54,36968.87974272541,185437,5486,2682,125,128127.07380811629,1,1196.9839523453186
CMP_119,CUST_1035,2026-05-25,Instagram,Snacks,Awareness,Kolkata,Regular,46,69722.40136272635,279402,9880,4001,230,206486.78097010445,11,20799.65633185375
CMP_030,CUST_1075,2026-08-30,Instagram,Personal Care,Awareness,Kolkata,Premium,46,69119.28258943083,158585,6642,3779,171,213310.94384748244,1,2679.281589441297
CMP_075,CUST_1164,2026-02-06,LinkedIn,Home Care,Retargeting,Pune,Premium,56,81329.29271948774,318123,8476,2478,114,245054.38949354063,10,30498.97328449724
CMP_085,CUST_0134,2026-04-18,Email,Personal Care,Retargeting,Delhi,Regular,18,88484.73774721115,445503,32816,18735,2194,2948898.8335417192,3,4521.200595566629
CMP_001,CUST_0566,2026-03-28,LinkedIn,Packaged Foods,Seasonal,Kolkata,Premium,42,39862.02996722592,195170,5455,2208,114,235281.96888471206,5,21929.28794950534
CMP_038,CUST_0699,2026-03-03,Meta Ads,Beverages,Conversion,Mumbai,Premium,22,40718.62622925157,131611,4236,1222,80,82635.12646108265,7,10674.971041000617
CMP_142,CUST_0756,2026-03-03,Instagram,Personal Care,Seasonal,Chennai,Budget,58,93424.880061385,233383,7355,2711,152,95687.71058727016,9,12299.152015390235
CMP_136,CUST_0457,2026-04-08,Instagram,Beverages,Awareness,Hyderabad,Regular,37,23713.530203925584,63057,1417,588,35,33153.400544293705,2,2399.0622086590383
CMP_022,CUST_0930,2026-05-24,YouTube,Personal Care,Retargeting,Hyderabad,Regular,19,49606.086770327005,192214,4439,1151,53,39628.2786491015,2,1503.3744918857356
CMP_027,CUST_0272,2026-01-25,Email,Snacks,Retargeting,Chennai,Regular,51,71889.87737680257,168499,14031,5337,364,469288.45553360507,5,14347.693989087857
CMP_042,CUST_0295,2026-01-30,Google Ads,Snacks,Retargeting,Delhi,Premium,27,79425.55128111702,185081,5423,1776,150,236470.27015084962,3,5557.00218060272
CMP_033,CUST_0538,2026-06-21,YouTube,Beverages,Conversion,Kolkata,Regular,50,38562.77045307542,244297,4897,1377,45,29340.640349978232,2,2927.004559940914
CMP_115,CUST_0936,2026-09-18,LinkedIn,Packaged Foods,Awareness,Chennai,Budget,55,84941.38451068893,219064,6732,1822,67,81145.0896301819,8,6970.7384003529
CMP_049,CUST_0582,2026-05-25,LinkedIn,Beverages,Seasonal,Hyderabad,Budget,61,48266.42442039451,108086,2766,1482,74,73668.96783460295,8,12838.380588505433
CMP_008,CUST_0020,2026-07-12,Meta Ads,Beverages,Awareness,Bangalore,Premium,51,78408.03802799278,270074,8398,2525,152,180830.06840132215,7,10293.615705809838
CMP_134,CUST_0643,2026-04-27,Email,Beverages,Awareness,Pune,Regular,59,36958.364736503936,118926,10676,2710,200,299396.98172179784,9,14566.273192201023
CMP_106,CUST_1204,2026-05-30,Meta Ads,Home Care,Awareness,Mumbai,Regular,35,71061.75421559784,210260,5949,1934,124,100695.2379697239,5,4318.674855126983
CMP_055,CUST_0940,2026-04-11,Instagram,Beverages,Seasonal,Kolkata,Premium,21,7891.2202745294135,41852,1345,543,26,33050.06016439835,1,2767.2379602179944
CMP_126,CUST_1411,2026-02-25,LinkedIn,Personal Care,Retargeting,Delhi,Regular,57,59391.08848190127,215173,6354,1770,86,105131.50003357817,11,31617.6424369261
CMP_031,CUST_1365,2026-04-29,Google Ads,Beverages,Conversion,Bangalore,Regular,39,92483.2635553701,250164,11123,6669,603,672424.4828599145,7,16656.189294764845
CMP_008,CUST_1220,2026-02-28,Email,Personal Care,Conversion,Hyderabad,Budget,37,33660.05064846395,106646,7067,1776,149,128327.67757540249,5,7404.487364093597
CMP_149,CUST_0263,2026-07-13,Google Ads,Beverages,Retargeting,Pune,Budget,33,17145.22880481873,126170,5882,3018,177,155398.1931604156,10,10856.431906446054
CMP_092,CUST_1076,2026-05-04,LinkedIn,Home Care,Product Launch,Hyderabad,Premium,26,77391.88887077804,340043,7024,1886,91,193548.05112794135,11,38650.99465923383
CMP_090,CUST_1281,2026-09-01,Google Ads,Personal Care,Conversion,Delhi,Premium,25,52628.758418222125,248624,10733,5892,306,413771.1277827778,2,5466.698366773449
CMP_059,CUST_1068,2026-03-06,YouTube,Beverages,Conversion,Chennai,Regular,47,10347.721973923644,48418,913,479,22,19560.920488028292,11,19805.742081083416
CMP_045,CUST_0199,2026-03-27,LinkedIn,Home Care,Conversion,Pune,Premium,18,47939.71256299364,349677,9701,5106,218,393199.45950977213,7,25608.471343155354
CMP_112,CUST_1271,2026-08-15,Instagram,Snacks,Seasonal,Hyderabad,Regular,61,48018.85105142421,239765,9186,4123,236,184839.53941189114,4,7205.716793645619
CMP_070,CUST_1470,2026-03-14,Email,Home Care,Seasonal,Chennai,Budget,40,70043.18054867747,215153,11621,3890,334,350580.4259081849,8,16461.85578745494
CMP_053,CUST_0926,2026-06-10,Meta Ads,Packaged Foods,Retargeting,Pune,Premium,61,87445.13635440616,423794,13274,4105,154,223345.25599883517,4,4234.547956542157
CMP_146,CUST_0033,2026-03-31,Meta Ads,Packaged Foods,Conversion,Mumbai,Regular,40,61333.68691850548,235563,8125,3304,198,193098.03201047657,7,13819.410551358198
CMP_114,CUST_1056,2026-09-05,Instagram,Beverages,Product Launch,Mumbai,Budget,20,7441.2861403797415,40230,1438,786,44,31025.711373454964,5,7872.59918157824
CMP_084,CUST_0182,2026-08-26,YouTube,Personal Care,Conversion,Hyderabad,Premium,31,95762.41730968175,336167,7435,2917,168,192364.09369620506,11,23171.76589031027
CMP_134,CUST_1402,2026-02-17,YouTube,Personal Care,Seasonal,Bangalore,Premium,55,35965.68198092401,110188,1930,531,27,26121.62334381744,6,6737.937737401429
CMP_126,CUST_0733,2026-09-09,LinkedIn,Personal Care,Product Launch,Pune,Premium,24,19069.665186893275,67730,1646,945,32,56541.55291101339,6,11350.067948244683
CMP_062,CUST_0022,2026-01-27,LinkedIn,Beverages,Conversion,Chennai,Premium,49,74177.03983531827,198891,4826,1781,69,115230.8842436001,5,15927.127382780232
CMP_094,CUST_0803,2026-05-22,LinkedIn,Personal Care,Awareness,Delhi,Budget,35,69251.87528421264,209584,5205,2986,78,71167.2279866244,1,1318.7032464291628
CMP_090,CUST_1306,2026-02-05,Meta Ads,Home Care,Seasonal,Kolkata,Budget,58,95709.12707329728,361367,11545,4169,262,198109.8716065675,5,4000.3844966862243
CMP_065,CUST_0427,2026-09-09,LinkedIn,Snacks,Retargeting,Bangalore,Premium,24,88739.16644999136,246343,5545,1902,96,158680.97170323585,6,25160.952250391827
CMP_142,CUST_0563,2026-01-31,Email,Packaged Foods,Product Launch,Pune,Budget,32,61167.37976610906,260016,18705,6824,614,670480.8117559188,8,9522.005951963149
CMP_062,CUST_0020,2026-02-23,Email,Home Care,Conversion,Bangalore,Premium,34,21770.109213280433,103996,7661,2503,311,574511.0439255661,4,8887.488382517788
CMP_101,CUST_1358,2026-05-10,Email,Snacks,Awareness,Pune,Premium,44,27443.112976907414,64424,5170,1697,187,298284.1876128157,3,6223.797097456497
CMP_033,CUST_0055,2026-05-01,Google Ads,Packaged Foods,Product Launch,Hyderabad,Regular,58,60957.36161896472,163140,7545,3261,296,312416.76987493486,1,2384.8818788244153
CMP_068,CUST_1229,2026-02-07,Email,Beverages,Product Launch,Chennai,Regular,20,58114.77368329148,460918,37364,18855,2292,2896540.759296752,2,5528.206409817011
CMP_096,CUST_0929,2026-09-09,Email,Home Care,Product Launch,Delhi,Budget,54,94902.72010725884,248856,16562,6422,766,826874.8904431381,10,12885.957108480081
CMP_079,CUST_1356,2026-05-30,Email,Beverages,Awareness,Mumbai,Budget,47,60279.23652583242,459893,40443,13051,1062,967054.8047286338,1,1774.5528987124653
CMP_106,CUST_0357,2026-04-17,YouTube,Home Care,Conversion,Delhi,Budget,41,17256.515546355567,70214,1599,819,9,4538.006944905896,5,6124.788327645229
CMP_006,CUST_0947,2026-09-23,Meta Ads,Home Care,Retargeting,Chennai,Budget,21,90370.88100881409,251354,7719,3792,126,76629.94884803369,1,731.9879303699408
CMP_084,CUST_1009,2026-09-15,Instagram,Personal Care,Product Launch,Kolkata,Budget,36,79250.61217234618,297837,11749,6256,268,159954.89641781495,4,6057.884978266627
CMP_039,CUST_0843,2026-02-02,YouTube,Home Care,Product Launch,Pune,Regular,64,75416.21612797263,213294,3502,1236,49,35900.067495532094,2,2419.253667721056
CMP_090,CUST_0463,2026-09-22,YouTube,Packaged Foods,Seasonal,Chennai,Regular,23,65815.95734770273,233574,6001,2966,75,49213.93851183338,5,3077.650976919727
CMP_031,CUST_1350,2026-03-31,Google Ads,Personal Care,Conversion,Pune,Budget,47,95251.05617805343,737048,34508,11194,1154,1004807.2125614731,9,18125.273392286468
CMP_114,CUST_1251,2026-09-20,LinkedIn,Snacks,Retargeting,Chennai,Regular,42,19451.995031895578,77487,1872,656,33,44198.69474729434,3,6736.911548968753
CMP_122,CUST_0315,2026-01-02,LinkedIn,Home Care,Conversion,Delhi,Regular,40,14793.425115942502,57862,1414,420,9,12693.32858934218,5,7696.157414840175
CMP_007,CUST_1200,2026-03-26,Instagram,Packaged Foods,Awareness,Delhi,Budget,43,84808.4683566452,206570,7610,4159,230,163383.4361819726,2,2724.434361660389
CMP_058,CUST_1203,2026-06-17,Instagram,Snacks,Awareness,Chennai,Regular,45,93539.44629779531,517363,19759,8783,417,391989.34294781886,9,18186.997766744706
CMP_099,CUST_0497,2026-06-06,Meta Ads,Beverages,Retargeting,Mumbai,Premium,49,52446.91000882037,128347,3744,2122,117,165272.71525858497,8,14432.913496451956
CMP_035,CUST_0464,2026-04-14,Email,Personal Care,Seasonal,Pune,Budget,60,7832.368609787451,22985,2101,1001,104,114077.62835906415,1,1992.069347886995
CMP_098,CUST_0035,2026-06-29,LinkedIn,Packaged Foods,Retargeting,Mumbai,Regular,46,12463.525452139213,30134,689,203,21,30786.425685050814,1,2075.574795034941
CMP_119,CUST_0758,2026-06-25,Instagram,Personal Care,Seasonal,Chennai,Premium,34,76217.54217848672,254498,11067,3994,153,163523.64871887647,10,23269.537266001924
CMP_114,CUST_0463,2026-08-03,YouTube,Packaged Foods,Product Launch,Mumbai,Budget,60,53606.83989718224,136272,2780,1577,89,59680.6894945592,1,512.1227187898214
CMP_035,CUST_1087,2026-04-04,Google Ads,Packaged Foods,Awareness,Kolkata,Budget,61,82881.25384766946,573702,29352,16970,1615,1342578.958628865,4,3620.3154185629596
CMP_123,CUST_0135,2026-03-31,Meta Ads,Home Care,Product Launch,Kolkata,Premium,26,16819.389041305047,69562,2298,943,41,43547.46200804455,1,2166.5056344806085
CMP_037,CUST_0310,2026-04-12,Meta Ads,Personal Care,Retargeting,Delhi,Premium,19,96377.50392634435,509177,14027,6427,467,494774.3205088231,4,11907.271292880441
CMP_035,CUST_1366,2026-05-24,Meta Ads,Packaged Foods,Product Launch,Hyderabad,Regular,26,23807.00298098428,91891,2616,976,80,73820.83233644665,6,9499.139361775706
CMP_081,CUST_1360,2026-07-15,Google Ads,Home Care,Seasonal,Kolkata,Budget,19,67989.50017586353,197999,7183,3231,266,208645.45286804697,9,16655.077645515146
CMP_136,CUST_0189,2026-03-13,Email,Personal Care,Awareness,Hyderabad,Premium,26,79319.12209220261,388258,27609,15015,1990,3063175.4147200864,4,10317.264464291518
CMP_078,CUST_0820,2026-07-03,LinkedIn,Home Care,Product Launch,Kolkata,Budget,29,27066.606949183002,119989,2751,1534,44,46155.048544449404,1,1134.3763717750703
CMP_078,CUST_0237,2026-05-22,Instagram,Snacks,Product Launch,Mumbai,Regular,48,63865.89201438008,144418,3054,1824,115,96112.12243553625,4,5770.164671064346
CMP_012,CUST_0361,2026-03-11,LinkedIn,Personal Care,Conversion,Hyderabad,Premium,56,50803.47239230034,142977,3768,2024,119,216989.18242841272,4,15149.390855705398
CMP_150,CUST_0178,2026-04-27,LinkedIn,Beverages,Awareness,Kolkata,Premium,35,5412.348812455007,27577,727,425,17,31564.557004028084,11,50721.59505944809
CMP_143,CUST_1085,2026-05-27,LinkedIn,Snacks,Product Launch,Mumbai,Regular,18,80237.18755474093,382649,11525,6638,296,363288.1498082388,11,20870.297246205017
CMP_083,CUST_1021,2026-03-03,YouTube,Packaged Foods,Seasonal,Delhi,Regular,57,92464.94850636196,260370,5218,1306,52,43806.82151104939,10,17813.373520803903
CMP_063,CUST_1139,2026-07-26,LinkedIn,Personal Care,Conversion,Chennai,Premium,26,57712.744824225556,134749,3396,910,25,40329.41693082833,10,37114.18584733823
CMP_061,CUST_0091,2026-08-16,Email,Snacks,Seasonal,Pune,Premium,36,26340.993356875737,78026,7232,3499,254,438338.4578203291,1,4111.817405739481
CMP_035,CUST_0701,2026-02-07,LinkedIn,Snacks,Seasonal,Pune,Premium,59,77570.13527695372,383823,8609,4004,177,301902.3670438216,9,13739.25493681933
CMP_077,CUST_1028,2026-04-30,Google Ads,Personal Care,Product Launch,Hyderabad,Budget,32,55399.5046064328,155062,6791,3800,309,301976.2054344859,7,8313.413446239474
CMP_148,CUST_0778,2026-02-27,Instagram,Home Care,Product Launch,Chennai,Regular,28,28653.348309551773,84025,2486,1477,84,68002.052543415,7,11483.628576100957
CMP_010,CUST_0019,2026-04-27,Google Ads,Beverages,Awareness,Chennai,Premium,26,6550.231721058013,14557,732,333,16,21744.628366626705,5,6110.477501902446
CMP_026,CUST_0118,2026-08-18,Email,Packaged Foods,Conversion,Kolkata,Budget,35,58930.77171482904,176228,12059,6971,776,729479.2261619343,8,15008.193976465152
CMP_008,CUST_0330,2026-06-24,Instagram,Home Care,Seasonal,Delhi,Premium,55,35546.49712476166,255918,8704,5012,240,320556.55670050613,1,1639.4125499030608
CMP_138,CUST_0794,2026-08-13,LinkedIn,Snacks,Product Launch,Kolkata,Regular,39,95372.66051388925,372370,9541,5449,205,264735.81516549987,7,16900.342543207546
CMP_077,CUST_0503,2026-02-16,Google Ads,Personal Care,Retargeting,Chennai,Regular,57,29915.311904243892,87122,3159,1167,87,92303.11994633738,6,9040.72445075783
CMP_039,CUST_0338,2026-01-25,Google Ads,Packaged Foods,Awareness,Kolkata,Premium,58,25923.72225369141,117244,4910,1747,115,175093.44200422044,4,11279.320798140136
CMP_128,CUST_0156,2026-02-12,LinkedIn,Personal Care,Retargeting,Pune,Regular,18,18402.390075462892,70189,1688,461,23,31607.457240816282,1,2373.5595246413272
CMP_060,CUST_0205,2026-09-02,YouTube,Packaged Foods,Product Launch,Kolkata,Regular,24,52608.25682952623,259765,5016,2350,84,67228.29945854258,6,6029.752090092173
CMP_015,CUST_1422,2026-09-24,YouTube,Snacks,Awareness,Chennai,Regular,35,54461.32899145733,151501,2683,690,21,17747.4457950333,5,8811.590521249509
CMP_006,CUST_1182,2026-03-15,Email,Personal Care,Product Launch,Bangalore,Budget,53,63013.039086583965,217389,15798,7057,580,593395.2697744517,8,17060.377674605683
CMP_018,CUST_0069,2026-03-03,Google Ads,Packaged Foods,Seasonal,Mumbai,Budget,63,47829.43340466677,216854,8770,2970,208,163467.74441404876,5,7329.6289665074255
CMP_130,CUST_1238,2026-04-18,Google Ads,Home Care,Conversion,Hyderabad,Budget,31,17957.513762871127,65942,2480,1451,97,76879.12861054776,6,9693.155139055629
CMP_128,CUST_0012,2026-08-09,LinkedIn,Packaged Foods,Retargeting,Kolkata,Premium,55,7192.589858047197,20128,476,259,9,17693.46332081181,3,14051.887188700854
CMP_143,CUST_0410,2026-05-16,Email,Beverages,Seasonal,Delhi,Budget,61,37812.88674755608,92639,6657,2458,297,325100.5913274934,6,10418.457295613498
CMP_044,CUST_1327,2026-01-21,Email,Personal Care,Conversion,Hyderabad,Premium,39,77383.70836849035,392884,20930,10024,1146,2308660.3926176075,3,4435.74508764241
CMP_011,CUST_0699,2026-08-20,Instagram,Snacks,Product Launch,Pune,Premium,19,50598.518953330364,126689,4327,1168,66,77483.61874524932,6,12517.032819616812
CMP_135,CUST_0956,2026-06-07,LinkedIn,Packaged Foods,Retargeting,Delhi,Budget,35,75785.77178874017,351738,8184,4470,186,189724.66684338267,10,13738.54046401965
CMP_085,CUST_1169,2026-09-18,LinkedIn,Beverages,Retargeting,Delhi,Premium,48,43544.654338815446,198672,4554,2538,79,131363.493789478,5,7656.279798823775
CMP_110,CUST_0189,2026-05-29,LinkedIn,Packaged Foods,Retargeting,Chennai,Budget,51,6541.395523996665,20473,437,187,8,7364.198928334898,3,6102.603290177557
CMP_060,CUST_0819,2026-08-21,Email,Beverages,Seasonal,Hyderabad,Premium,52,46426.94208259135,111913,7748,4340,526,910292.9433398398,6,23836.286898246348
CMP_004,CUST_0028,2026-03-05,Instagram,Beverages,Product Launch,Mumbai,Premium,39,87611.29832953148,505564,15662,4128,235,240943.61819337524,2,5127.482918615608
CMP_019,CUST_0748,2026-01-18,Instagram,Personal Care,Awareness,Bangalore,Budget,32,54071.727194533676,146247,5581,2007,83,47355.836927495475,4,2657.8813614404676
CMP_064,CUST_0945,2026-04-28,Email,Beverages,Seasonal,Mumbai,Regular,23,80013.51889647625,188230,16895,10125,1057,1173375.0602520795,2,5437.266822679352
CMP_064,CUST_0766,2026-01-30,YouTube,Snacks,Retargeting,Chennai,Budget,29,73207.73863764858,219875,4614,1718,71,40115.00554569254,1,1141.4221384500806
CMP_048,CUST_0358,2026-08-21,Instagram,Snacks,Conversion,Mumbai,Regular,27,93596.18972554668,239376,6366,3744,126,101937.52875137534,1,1638.099486219955
CMP_103,CUST_0970,2026-01-10,Email,Home Care,Awareness,Chennai,Regular,36,49387.16309861372,110840,8091,2411,303,348484.8224754265,8,21632.62503633202
CMP_018,CUST_0627,2026-07-29,Meta Ads,Home Care,Retargeting,Mumbai,Budget,41,82375.08380566385,240726,6507,2113,68,53911.42403114345,8,10856.362380969162
CMP_024,CUST_0563,2026-07-29,Meta Ads,Snacks,Awareness,Pune,Budget,38,97431.3505325513,305420,8133,3619,165,101425.17389252504,5,4990.994898612966
CMP_126,CUST_0971,2026-05-17,Google Ads,Personal Care,Awareness,Delhi,Budget,43,84707.42852497807,234477,11344,3697,227,166633.4768634529,5,5589.8637758679215
CMP_031,CUST_0399,2026-06-16,YouTube,Home Care,Retargeting,Hyderabad,Premium,49,69845.30650031242,478639,9654,4936,166,172192.2271810154,3,3959.7420391367978
CMP_020,CUST_0273,2026-01-25,Meta Ads,Beverages,Awareness,Bangalore,Premium,24,78162.14608546822,304484,9521,4515,272,345403.5986217132,10,12711.084067087733
CMP_136,CUST_1399,2026-08-04,LinkedIn,Beverages,Awareness,Hyderabad,Premium,40,41829.37519619484,102375,2329,1081,80,140568.49125589937,3,10502.689932146728
CMP_129,CUST_0426,2026-05-16,Meta Ads,Snacks,Retargeting,Hyderabad,Regular,53,38311.75547961432,94700,3322,980,59,59726.58469352538,8,15315.144762398764
CMP_031,CUST_1126,2026-09-12,Meta Ads,Personal Care,Conversion,Kolkata,Regular,36,47438.9400576723,120707,3053,1258,76,65587.33384366118,5,6750.829782053521
CMP_129,CUST_1251,2026-04-15,Email,Packaged Foods,Retargeting,Bangalore,Premium,63,89719.6247998045,482759,44660,26471,2677,4607627.121671945,6,21015.828048565225
CMP_146,CUST_0939,2026-08-12,Google Ads,Beverages,Conversion,Kolkata,Premium,33,5977.913243438994,18504,808,225,11,17838.993212051588,9,19869.35063381239
CMP_144,CUST_0297,2026-04-06,Meta Ads,Snacks,Seasonal,Pune,Budget,40,90466.55990992356,422403,10501,6058,325,188781.90399695293,3,4933.824741153357
CMP_031,CUST_0072,2026-08-10,Instagram,Home Care,Conversion,Kolkata,Premium,42,75303.75319709734,168868,5978,1845,149,191372.09321446338,1,1153.7357423223232
CMP_143,CUST_1357,2026-05-17,Email,Packaged Foods,Seasonal,Delhi,Regular,41,14243.86673747478,88436,7971,3867,324,414077.5755993305,8,13839.585154926051
CMP_078,CUST_0405,2026-09-12,Instagram,Packaged Foods,Retargeting,Chennai,Premium,45,39661.57078278281,114748,3424,1261,91,92039.49170890072,7,18675.930263496623
CMP_002,CUST_0153,2026-08-20,LinkedIn,Snacks,Product Launch,Kolkata,Budget,18,63200.477247845316,179080,5271,1425,66,73606.67660121729,8,12244.432051742628
CMP_130,CUST_0906,2026-03-13,Meta Ads,Beverages,Product Launch,Bangalore,Budget,25,99074.6528042729,420813,12355,3682,141,99569.95344602849,10,9751.92622149284
CMP_116,CUST_1434,2026-05-20,Google Ads,Snacks,Seasonal,Mumbai,Regular,28,54464.151769775,176558,7209,2072,183,214153.05713629062,5,12032.120900090622
CMP_004,CUST_0771,2026-02-28,Instagram,Packaged Foods,Conversion,Hyderabad,Budget,40,32397.022230282015,91292,2951,1759,40,30092.74777279013,5,3444.3818598861985
CMP_061,CUST_0328,2026-01-23,Google Ads,Packaged Foods,Seasonal,Mumbai,Budget,25,16146.140413199224,97853,4110,1748,120,94961.14398617005,8,10502.972701653129
CMP_094,CUST_1407,2026-07-12,Meta Ads,Home Care,Product Launch,Delhi,Premium,46,90820.74086130562,244105,5659,2698,128,169077.32370634453,5,14700.354790633342
CMP_106,CUST_1046,2026-03-15,Google Ads,Packaged Foods,Awareness,Bangalore,Premium,49,37404.10758556485,96663,3520,1518,171,258253.33981169842,7,25905.359100195255
CMP_051,CUST_0090,2026-04-30,Instagram,Snacks,Retargeting,Mumbai,Regular,24,96988.39941872898,736188,26299,13344,635,540306.1087463489,8,9833.813788192678
CMP_126,CUST_0726,2026-03-31,YouTube,Snacks,Seasonal,Hyderabad,Premium,34,70939.74187080322,510845,8274,4108,163,170426.71120947017,9,11018.801901992101
CMP_031,CUST_0185,2026-03-19,YouTube,Snacks,Retargeting,Mumbai,Premium,45,72877.27915886829,220927,4568,1413,59,61544.22360799261,3,5135.650033020634
CMP_078,CUST_1038,2026-07-12,Instagram,Personal Care,Retargeting,Kolkata,Regular,26,82445.85275579059,187591,6256,3296,161,162896.82943340382,6,12297.7311907716
CMP_039,CUST_0965,2026-07-29,YouTube,Beverages,Awareness,Mumbai,Premium,30,55140.909555075,173985,3490,880,23,19805.008961286512,1,1340.3426978526006
CMP_148,CUST_0695,2026-06-04,Google Ads,Home Care,Awareness,Kolkata,Budget,60,15788.470740103343,64583,3196,993,49,39164.81901933618,11,17865.175973051133
CMP_076,CUST_1110,2026-07-31,YouTube,Beverages,Seasonal,Chennai,Regular,49,89413.27120460875,705469,11474,6452,265,199611.11017820347,7,6503.222594212744
CMP_076,CUST_1370,2026-07-21,Instagram,Packaged Foods,Awareness,Kolkata,Premium,22,8628.875748564253,69386,1995,535,24,32939.93752053493,1,1995.0342943766111
CMP_106,CUST_1239,2026-07-24,Instagram,Personal Care,Retargeting,Chennai,Regular,33,44966.72529425288,104911,4145,1855,114,83616.28158178228,11,19776.17643631094
CMP_137,CUST_0220,2026-09-27,LinkedIn,Packaged Foods,Conversion,Pune,Regular,45,84782.5367765199,465450,8909,2615,89,135755.96320831726,6,20651.481811180995
CMP_112,CUST_0475,2026-03-26,YouTube,Beverages,Product Launch,Chennai,Regular,22,5201.531561599657,16848,272,131,4,2696.561547067636,8,9965.20814529849
CMP_032,CUST_1477,2026-03-25,Instagram,Snacks,Awareness,Pune,Premium,63,95662.37255217042,712363,19030,10172,420,495519.04590264265,2,4684.742473475951
CMP_098,CUST_0480,2026-04-09,Meta Ads,Beverages,Conversion,Bangalore,Regular,22,46404.277771877365,179875,4726,2802,103,102011.31311847121,5,6451.401504036378
CMP_064,CUST_1041,2026-05-29,Google Ads,Home Care,Awareness,Delhi,Regular,24,87014.69196683272,277560,11839,3286,209,221311.0170348317,11,27157.95902596911
CMP_109,CUST_1488,2026-09-23,Meta Ads,Beverages,Seasonal,Delhi,Regular,60,24937.8808986842,65688,2072,793,42,41122.80500397498,1,1269.4194695992155
CMP_129,CUST_0820,2026-04-03,LinkedIn,Snacks,Conversion,Hyderabad,Premium,26,17280.848716768138,139625,3726,1907,70,158723.5182759946,7,30713.596401848084
CMP_072,CUST_0477,2026-09-28,Google Ads,Packaged Foods,Product Launch,Mumbai,Budget,25,56223.98013097791,301359,12921,3860,319,229665.07963096525,5,8950.554466192796
CMP_134,CUST_0917,2026-06-26,YouTube,Snacks,Awareness,Mumbai,Regular,56,8547.199886633924,52808,735,258,5,3892.4874147287983,1,1843.2752150544668
CMP_106,CUST_0874,2026-08-14,Instagram,Personal Care,Product Launch,Chennai,Budget,46,61105.27094853711,150313,5320,2555,167,121242.15937449505,7,7977.641559302743
CMP_083,CUST_0345,2026-08-27,Instagram,Snacks,Seasonal,Kolkata,Premium,35,94435.7789294561,467661,16283,7664,409,470837.60433849343,10,27239.62036135211
CMP_128,CUST_1478,2026-09-26,LinkedIn,Personal Care,Retargeting,Chennai,Premium,45,22076.211311180337,128017,4219,2097,81,130253.41750065942,7,30145.596001849666
CMP_071,CUST_0406,2026-05-17,Email,Snacks,Seasonal,Bangalore,Regular,18,46459.304932973406,138676,12317,6890,1025,1480045.4360958124,10,18124.267866130347
CMP_058,CUST_1029,2026-02-11,YouTube,Personal Care,Retargeting,Bangalore,Premium,24,19572.298345902367,81949,1841,742,25,22942.075515220793,4,7153.249373614264
CMP_018,CUST_0688,2026-01-11,YouTube,Home Care,Seasonal,Delhi,Premium,47,77747.27982476848,189212,4803,1344,50,49767.91734629256,8,15262.583662816065
CMP_009,CUST_1395,2026-06-28,Instagram,Beverages,Seasonal,Bangalore,Budget,62,90775.75218160253,356697,10011,4444,219,136619.21121269494,2,2013.2806502380345
CMP_122,CUST_1198,2026-03-28,LinkedIn,Personal Care,Conversion,Kolkata,Budget,33,14738.574068361697,35165,941,545,17,15698.355062813667,5,6525.289081804034
CMP_136,CUST_0366,2026-05-29,Meta Ads,Home Care,Product Launch,Delhi,Premium,48,86874.81956068397,197506,6366,2607,108,146660.7264956572,1,2275.142324805156
CMP_012,CUST_1229,2026-01-05,Email,Packaged Foods,Product Launch,Pune,Budget,39,60048.305425686456,143288,9615,2567,282,248454.20451406552,9,14075.266830923814
CMP_027,CUST_0466,2026-01-13,LinkedIn,Personal Care,Retargeting,Chennai,Regular,59,20173.753621776566,48987,1184,703,27,37799.62238771255,8,27094.0847010878
CMP_028,CUST_0127,2026-02-04,LinkedIn,Packaged Foods,Awareness,Mumbai,Premium,30,90876.29911390986,317357,6594,2358,132,264200.8093808654,10,41218.96892873006
CMP_114,CUST_0683,2026-09-16,Instagram,Home Care,Retargeting,Bangalore,Premium,64,71120.57952007711,201865,7355,4327,166,187821.60092990857,6,15270.750249047325
CMP_117,CUST_1377,2026-09-07,Meta Ads,Personal Care,Product Launch,Pune,Budget,32,95835.2511901574,238509,5662,3018,199,142175.5354796429,11,11481.665231688912
CMP_022,CUST_0222,2026-08-28,Email,Home Care,Product Launch,Delhi,Regular,60,44815.48271518145,119778,10547,5171,543,668691.9071561364,3,5073.795996473044
CMP_052,CUST_0350,2026-05-07,LinkedIn,Personal Care,Seasonal,Pune,Regular,28,92947.96828414769,590348,14019,7969,389,603060.7495081507,10,21444.516757124387
CMP_065,CUST_1010,2026-03-04,Google Ads,Home Care,Awareness,Chennai,Premium,48,29639.468144435225,74541,3794,2092,180,273470.9715977739,5,7278.860799679449
CMP_042,CUST_1343,2026-01-02,Email,Snacks,Retargeting,Kolkata,Premium,34,45523.607782062776,165258,10431,4716,523,969967.0264784311,4,12291.997575904346
CMP_114,CUST_1410,2026-03-30,Google Ads,Packaged Foods,Seasonal,Pune,Budget,49,88406.04811327622,200730,8389,4423,374,285717.84325531346,5,5190.725177925692
CMP_040,CUST_1283,2026-01-01,LinkedIn,Packaged Foods,Conversion,Mumbai,Budget,22,89418.79857387062,278426,8435,2212,133,120315.15661691883,6,5577.981250333581
CMP_074,CUST_0626,2026-05-20,Google Ads,Personal Care,Conversion,Kolkata,Regular,45,35495.3473825909,84346,4448,2277,145,167554.17631689023,5,9953.835551392762
CMP_058,CUST_0713,2026-01-20,Google Ads,Personal Care,Conversion,Pune,Premium,24,59128.43881647716,229600,12101,5206,495,767330.2998523455,2,5257.344391675211
CMP_121,CUST_0829,2026-08-01,LinkedIn,Home Care,Product Launch,Kolkata,Premium,53,29679.448286659113,196377,4457,1785,69,142682.35326008726,9,21593.552076210137
CMP_021,CUST_0351,2026-09-20,LinkedIn,Packaged Foods,Seasonal,Delhi,Premium,45,14594.302722166896,118308,3199,1422,81,134297.8801616667,7,32193.61192558129
CMP_124,CUST_0666,2026-08-24,YouTube,Personal Care,Seasonal,Hyderabad,Regular,49,13808.562239244136,109866,2283,956,38,25812.839050795723,11,16375.614961405472
CMP_007,CUST_0627,2026-01-06,YouTube,Beverages,Product Launch,Delhi,Regular,19,71179.44735525822,191668,2736,1436,57,49845.08128158123,2,1972.1689008220037
CMP_039,CUST_0738,2026-01-26,Meta Ads,Beverages,Conversion,Kolkata,Premium,35,88815.10962473652,290860,8195,2693,125,164233.36725777842,4,8290.787117669657
CMP_090,CUST_1029,2026-01-14,LinkedIn,Home Care,Retargeting,Pune,Budget,45,76913.57240841199,383893,10710,4929,279,287160.5378327096,1,978.6011772911737
CMP_117,CUST_1080,2026-08-22,Google Ads,Packaged Foods,Seasonal,Chennai,Premium,31,14809.253462685512,44487,1291,441,36,60612.53830666489,5,15679.739326693785
CMP_139,CUST_1425,2026-09-25,Email,Snacks,Seasonal,Chennai,Regular,26,86297.76451081614,519511,50802,16240,1839,2272880.1272199997,7,12710.127897507162
CMP_050,CUST_0147,2026-02-12,LinkedIn,Packaged Foods,Seasonal,Pune,Premium,33,57952.4776475275,228821,5788,3309,149,317704.02505632146,3,5782.084257842477
CMP_134,CUST_1126,2026-03-23,Meta Ads,Packaged Foods,Awareness,Mumbai,Premium,18,93158.51638755291,225327,8461,4291,241,299761.7091727071,9,21565.52867350423
CMP_019,CUST_0353,2026-05-13,Google Ads,Snacks,Conversion,Kolkata,Budget,33,55623.11522479746,264943,11055,6520,362,325315.943679826,7,6727.684840889975
CMP_117,CUST_1233,2026-06-09,Instagram,Personal Care,Retargeting,Bangalore,Regular,28,99814.54581793612,345980,10959,5326,166,161314.4140070235,9,9475.66944141574
CMP_041,CUST_0854,2026-02-10,YouTube,Beverages,Conversion,Kolkata,Budget,26,56754.40135341889,433250,8194,4751,219,109046.48402988039,5,4278.232569069674
CMP_070,CUST_1301,2026-09-06,YouTube,Snacks,Awareness,Mumbai,Premium,23,64129.265533393,165581,3386,1806,80,70341.5503655856,9,11568.62527782774
CMP_090,CUST_0453,2026-02-03,LinkedIn,Snacks,Retargeting,Bangalore,Budget,32,16843.046265651945,55174,1423,423,14,16463.234926930243,3,3886.9491770196105
CMP_032,CUST_0865,2026-04-21,Google Ads,Home Care,Seasonal,Hyderabad,Premium,19,67394.69450099787,327249,18874,7109,796,1177300.2494557982,3,4507.108445453
CMP_094,CUST_0140,2026-07-02,Instagram,Beverages,Retargeting,Mumbai,Premium,37,67266.9440458942,164533,5685,2292,113,114311.20034504462,6,15068.895570559178
CMP_137,CUST_0538,2026-01-01,Email,Personal Care,Conversion,Mumbai,Premium,43,48758.57918458858,156251,10960,5479,878,1769968.6230014614,2,7174.752631101882
CMP_130,CUST_1427,2026-09-06,Google Ads,Packaged Foods,Retargeting,Kolkata,Regular,63,34637.53627791613,159076,6270,3178,173,174701.12687630425,5,9940.983681913029
CMP_138,CUST_1239,2026-02-22,YouTube,Packaged Foods,Conversion,Hyderabad,Premium,32,15842.382482812174,44513,782,404,22,22653.722842187984,5,8342.634380067613
CMP_149,CUST_0463,2026-06-30,Email,Snacks,Product Launch,Bangalore,Premium,22,88389.14720478501,386225,38376,19220,2100,3377150.1164954985,1,1366.478184303609
CMP_104,CUST_0378,2026-07-16,Meta Ads,Packaged Foods,Seasonal,Delhi,Regular,36,33309.95276511112,151977,5208,1940,131,121030.84525663078,7,8628.19527959463
CMP_003,CUST_1477,2026-05-20,Email,Snacks,Retargeting,Mumbai,Regular,47,74187.6483611822,182266,14242,7018,907,1092958.6715935369,10,13451.699386989898
CMP_020,CUST_1483,2026-07-08,Google Ads,Home Care,Seasonal,Hyderabad,Premium,55,9445.515158945538,26732,1142,416,30,38832.43632285796,8,22248.474436400855
CMP_110,CUST_1176,2026-07-09,Meta Ads,Home Care,Seasonal,Kolkata,Budget,40,24009.871940952602,59988,1564,693,46,36711.009693674256,1,1359.71029176818
CMP_081,CUST_1096,2026-03-02,Email,Personal Care,Seasonal,Pune,Regular,59,56494.32015112223,438900,36906,9507,1270,1680837.7183035673,11,16651.18502330701
CMP_120,CUST_0674,2026-06-27,Google Ads,Home Care,Seasonal,Mumbai,Budget,44,8687.085960656856,70292,3304,835,41,38252.146753442066,11,15665.34024086093
CMP_063,CUST_0712,2026-06-16,Email,Personal Care,Retargeting,Chennai,Budget,18,86146.6646252213,491100,31231,10052,769,613740.1042072399,4,9288.789546191447
CMP_013,CUST_0738,2026-09-02,Email,Home Care,Product Launch,Hyderabad,Regular,40,83065.85849385003,505496,41165,22431,2093,2654947.013831461,8,10718.456480485438
CMP_143,CUST_1311,2026-02-16,Meta Ads,Personal Care,Awareness,Hyderabad,Regular,62,34206.51093991761,139084,4047,1667,91,72153.11959365582,7,9117.603245254924
CMP_035,CUST_0628,2026-09-02,YouTube,Snacks,Awareness,Delhi,Regular,30,99092.12412223541,352110,8084,3405,118,93286.98557512136,8,8828.541030388657
CMP_121,CUST_0088,2026-01-26,Google Ads,Beverages,Awareness,Mumbai,Budget,27,27126.613439802142,61785,2964,1671,117,115581.07122626125,2,3533.2000184074573
CMP_079,CUST_0767,2026-05-12,Email,Beverages,Conversion,Pune,Premium,24,50329.903811236945,400533,31455,7947,723,1305588.3454138336,9,33453.662620557785
CMP_077,CUST_0987,2026-07-08,Google Ads,Home Care,Conversion,Hyderabad,Budget,57,88235.62777315752,337904,19835,8031,433,404562.3851292752,5,10252.947883156543
CMP_039,CUST_1414,2026-01-12,Meta Ads,Packaged Foods,Conversion,Chennai,Budget,18,66567.1120500543,188310,6283,2408,134,95639.49891835303,9,9950.648114957765
CMP_066,CUST_1239,2026-06-25,YouTube,Home Care,Product Launch,Hyderabad,Budget,37,30376.64406008549,78914,1773,975,20,10136.61661545542,3,2031.3900978681536
CMP_100,CUST_0532,2026-06-02,Email,Beverages,Conversion,Chennai,Regular,56,33539.420298419675,84183,7049,2857,271,370675.6933806897,4,7248.199591057094
CMP_077,CUST_0422,2026-06-13,Google Ads,Packaged Foods,Seasonal,Chennai,Premium,60,14685.558375860137,61341,2640,770,73,125120.09114462056,5,9135.90331325742
CMP_060,CUST_0381,2026-02-15,Meta Ads,Beverages,Retargeting,Mumbai,Regular,38,89736.72156355121,376388,11230,5387,444,400677.49688230903,9,18006.676245586466
CMP_033,CUST_0302,2026-03-06,YouTube,Snacks,Conversion,Kolkata,Regular,26,64500.475080191936,512392,10251,4972,193,143584.3866877202,5,4138.479618751364
CMP_034,CUST_0856,2026-09-21,Meta Ads,Personal Care,Awareness,Pune,Budget,44,71365.40207455012,215419,8216,3082,107,77316.72276808685,1,1283.5775288273435
CMP_116,CUST_0295,2026-08-15,YouTube,Snacks,Product Launch,Bangalore,Budget,55,20885.137244968017,96082,1895,613,21,12015.815704094404,5,6532.367707420514
CMP_012,CUST_0584,2026-04-19,YouTube,Packaged Foods,Retargeting,Mumbai,Premium,48,45201.743859482944,158843,2989,972,22,23084.239032423015,3,6163.8219249480635
CMP_128,CUST_1170,2026-06-21,YouTube,Snacks,Retargeting,Bangalore,Premium,45,56623.793832780306,388348,6618,3389,144,150147.69112039186,8,14021.573625400415
CMP_013,CUST_0061,2026-06-14,Google Ads,Packaged Foods,Awareness,Kolkata,Regular,19,93199.80065834803,286523,12615,6364,574,677040.440915985,9,15411.777158485354
CMP_136,CUST_0206,2026-05-17,Email,Beverages,Retargeting,Kolkata,Premium,51,90152.38924662938,277837,19686,10430,945,1677655.6173040469,3,11116.30289504089
CMP_083,CUST_0632,2026-08-21,YouTube,Beverages,Awareness,Chennai,Regular,46,74713.35343092399,305548,6709,3514,82,68880.90128534411,4,5427.670873299677
CMP_043,CUST_0795,2026-08-08,Email,Packaged Foods,Product Launch,Kolkata,Premium,43,97289.79864932137,234240,18907,5706,747,1281544.4184695885,8,14529.386028116418
CMP_031,CUST_0929,2026-07-15,LinkedIn,Packaged Foods,Product Launch,Mumbai,Budget,57,36555.727883452055,99527,2138,823,29,26522.35882080411,3,6183.241190921813
CMP_080,CUST_0960,2026-07-02,Instagram,Packaged Foods,Retargeting,Kolkata,Budget,57,9197.355241472145,21426,840,280,23,17567.959912376773,3,4129.634572178405
CMP_055,CUST_0488,2026-03-28,Meta Ads,Packaged Foods,Conversion,Kolkata,Premium,46,41271.52849431659,293333,9292,3275,195,214154.2376977373,10,29772.55887350143
CMP_122,CUST_0521,2026-07-31,Google Ads,Packaged Foods,Awareness,Bangalore,Regular,28,10848.758164042352,27398,1081,526,53,67521.7723949959,8,18836.6835657847
CMP_117,CUST_0546,2026-02-16,Email,Personal Care,Conversion,Chennai,Premium,31,26135.566185477855,158830,10712,5584,552,906473.6757971257,1,3218.410198667874
CMP_035,CUST_1022,2026-08-05,YouTube,Home Care,Conversion,Delhi,Budget,63,39440.12579690044,131467,2524,756,24,13647.491666915388,9,12653.007304373346
CMP_019,CUST_1256,2026-08-12,Meta Ads,Snacks,Product Launch,Hyderabad,Regular,44,84561.78608834937,666258,20044,7107,443,353927.92194863333,3,2726.9611939332476
CMP_123,CUST_0104,2026-05-03,Instagram,Personal Care,Awareness,Pune,Regular,42,41743.169198725336,93306,3321,1788,79,69059.2493506022,3,2880.7641617124114
CMP_082,CUST_0682,2026-08-05,Email,Packaged Foods,Retargeting,Kolkata,Premium,54,9469.4979992142,23974,2333,880,99,181259.96628867104,3,9235.098496834831
CMP_145,CUST_0682,2026-07-14,Google Ads,Beverages,Conversion,Hyderabad,Premium,60,51246.635102211556,129363,7348,3557,390,505740.00060201855,10,23920.144624015782
CMP_105,CUST_1273,2026-04-01,Google Ads,Home Care,Awareness,Kolkata,Budget,53,92608.77144173504,320346,14687,6997,540,498651.44674688665,7,7841.320797212497
CMP_090,CUST_0937,2026-07-23,YouTube,Packaged Foods,Awareness,Bangalore,Budget,21,56802.273261264585,246935,3911,1501,45,29180.034486246852,11,10002.754386382732
CMP_089,CUST_1351,2026-01-29,Email,Home Care,Conversion,Hyderabad,Budget,31,66043.22594775865,540741,47687,27655,3763,3746500.100797002,7,12456.395496142208
CMP_060,CUST_0655,2026-02-11,Meta Ads,Home Care,Seasonal,Kolkata,Budget,50,91442.06713422478,378343,12029,6506,420,332682.8004672869,8,4589.403607251358
CMP_069,CUST_0441,2026-02-04,Instagram,Home Care,Seasonal,Bangalore,Premium,45,64196.65987661657,311243,12806,5688,291,297269.82865241583,11,27510.139177958376
CMP_064,CUST_0954,2026-09-08,LinkedIn,Personal Care,Seasonal,Kolkata,Budget,37,46942.34975729596,112234,3220,1335,71,67974.46711683909,3,6342.155045622498
CMP_036,CUST_1413,2026-02-20,LinkedIn,Personal Care,Conversion,Mumbai,Regular,23,76378.08111506472,292798,8813,3052,143,214993.48401904432,9,11167.720064247991
CMP_053,CUST_0723,2026-02-14,Google Ads,Personal Care,Product Launch,Bangalore,Regular,22,76062.66595106946,551291,20785,8686,474,529110.2574037223,9,10543.545444050615
CMP_103,CUST_0340,2026-05-23,Email,Beverages,Conversion,Pune,Regular,22,94943.37111939346,248637,13955,7834,590,800271.9573709469,8,9607.399016020827
CMP_149,CUST_0095,2026-03-21,LinkedIn,Snacks,Awareness,Bangalore,Premium,34,47684.39504338741,154344,3490,2004,82,139452.9572703718,6,25211.33304933053
CMP_133,CUST_0630,2026-04-22,Email,Snacks,Seasonal,Kolkata,Premium,18,99299.09061053152,296311,24916,10337,1078,2006008.7480310476,8,23616.27869364964
CMP_123,CUST_0915,2026-07-15,LinkedIn,Snacks,Retargeting,Mumbai,Regular,26,50683.235581087436,186959,4428,2581,167,234993.26654870628,5,17478.116978123944
CMP_003,CUST_0152,2026-06-05,Google Ads,Packaged Foods,Retargeting,Chennai,Regular,35,41661.785401445224,100268,5563,1945,158,172484.70175552185,3,2743.1072970064174
CMP_140,CUST_1168,2026-08-08,Instagram,Packaged Foods,Retargeting,Hyderabad,Premium,61,47567.700598970514,372241,15154,5584,277,285110.6073061326,6,5926.601734948022
CMP_092,CUST_0843,2026-03-15,Meta Ads,Snacks,Conversion,Bangalore,Budget,61,74253.67427028166,197321,4585,2443,134,100020.23654152719,3,4238.07475069043
CMP_004,CUST_0923,2026-02-11,Instagram,Home Care,Conversion,Kolkata,Premium,46,47648.51547639838,167754,6543,3480,213,257123.90326761518,6,13788.76406077229
CMP_033,CUST_0772,2026-03-15,Email,Packaged Foods,Seasonal,Pune,Regular,57,21718.29953414366,173032,14853,4680,536,776720.1996422377,3,3644.873202304788
CMP_016,CUST_1092,2026-03-29,LinkedIn,Beverages,Product Launch,Pune,Regular,32,15197.924640168645,41143,805,403,14,20976.575735747163,5,8300.461479027965
CMP_145,CUST_0028,2026-01-06,YouTube,Beverages,Awareness,Bangalore,Premium,52,70751.76504376337,194816,3596,1878,63,58713.56979051441,6,10724.720369380759
CMP_084,CUST_1065,2026-07-07,Meta Ads,Personal Care,Seasonal,Mumbai,Budget,47,29353.481908638816,113586,3082,799,42,26393.934753865327,3,1813.1999242527927
CMP_088,CUST_0144,2026-01-31,Google Ads,Personal Care,Retargeting,Delhi,Regular,31,5080.025485541688,21441,902,380,25,24549.909020754698,2,2624.246568028851
CMP_025,CUST_0224,2026-08-11,Google Ads,Home Care,Awareness,Pune,Premium,27,27148.078901786943,60345,2569,1256,75,103993.72657792647,2,2577.5345165871367
CMP_101,CUST_1218,2026-02-17,Google Ads,Packaged Foods,Awareness,Delhi,Premium,44,67473.17432044593,208610,8986,2788,212,336780.32983632106,5,15232.94727868348
CMP_118,CUST_0727,2026-05-21,Google Ads,Packaged Foods,Retargeting,Chennai,Budget,48,96595.0431774731,351329,17694,8598,538,394355.5595887658,10,10235.511197736467
CMP_131,CUST_0952,2026-06-24,Google Ads,Packaged Foods,Awareness,Delhi,Regular,61,36230.855292259024,89882,3923,1841,107,116405.93043678378,1,1876.9747456497578
CMP_081,CUST_1177,2026-02-08,Instagram,Beverages,Product Launch,Bangalore,Budget,32,29743.098355583697,112214,5016,2468,128,74154.33025856597,10,7339.074911118499
CMP_075,CUST_1377,2026-02-26,Google Ads,Personal Care,Conversion,Kolkata,Regular,29,36434.710644391336,93772,4408,2304,150,182041.6666291492,8,19988.16530532708
CMP_027,CUST_1131,2026-09-20,LinkedIn,Packaged Foods,Conversion,Kolkata,Premium,18,87471.45749169012,339510,7026,3921,173,328584.3817914669,3,6571.215214940465
CMP_085,CUST_1312,2026-05-28,Meta Ads,Snacks,Product Launch,Bangalore,Budget,63,57365.88854349189,138863,4957,1319,64,44226.32259710733,11,17373.848530327887
CMP_066,CUST_0771,2026-06-20,Google Ads,Beverages,Awareness,Bangalore,Budget,59,84566.39449320146,191981,8646,3707,320,312339.1557364458,8,5486.803421751432
CMP_001,CUST_0425,2026-03-13,LinkedIn,Packaged Foods,Seasonal,Delhi,Regular,27,35613.829992086874,190223,4035,1614,66,90046.41108935457,4,5616.230897293199
CMP_066,CUST_0968,2026-05-31,LinkedIn,Personal Care,Seasonal,Chennai,Budget,41,37449.22067605664,211858,4236,2228,96,89169.49835373404,10,19916.885838897553
CMP_063,CUST_1071,2026-06-28,Meta Ads,Personal Care,Seasonal,Kolkata,Regular,57,68175.56712965979,193634,6016,3377,153,159196.653087092,4,8643.138769400024
CMP_149,CUST_0745,2026-06-09,YouTube,Personal Care,Product Launch,Pune,Budget,34,88447.95705562932,330867,7084,1941,59,29010.934725840856,1,559.1050568875171
CMP_060,CUST_1336,2026-05-20,Instagram,Personal Care,Product Launch,Mumbai,Regular,34,52573.07982062966,154165,6104,3438,163,127665.13986803945,2,3120.2980375808456
CMP_113,CUST_0121,2026-02-18,LinkedIn,Personal Care,Retargeting,Mumbai,Budget,36,9700.532527719186,22706,503,234,16,15044.185948917955,8,11855.272028380128
CMP_096,CUST_1433,2026-03-26,Instagram,Snacks,Awareness,Bangalore,Budget,27,14362.959125984382,35095,1316,583,29,15964.433813286738,2,1284.360786350027
CMP_149,CUST_1419,2026-01-06,YouTube,Home Care,Conversion,Chennai,Budget,43,22593.984926257133,107304,1886,1010,54,35622.946377926135,5,3535.48074065497
CMP_060,CUST_0907,2026-05-28,Instagram,Beverages,Retargeting,Delhi,Budget,50,94599.70038514778,412453,15979,4885,229,138125.2527006602,6,5429.495104073331
CMP_037,CUST_0360,2026-06-28,LinkedIn,Packaged Foods,Product Launch,Delhi,Premium,41,81492.1981835275,256279,8367,3148,137,256320.4063755453,8,28770.734034140394
CMP_129,CUST_0602,2026-07-14,YouTube,Home Care,Retargeting,Hyderabad,Premium,41,62335.71747151559,175276,3178,808,25,27624.80386416446,1,1653.5912788905407
CMP_136,CUST_0083,2026-06-08,Email,Snacks,Conversion,Mumbai,Premium,30,84606.6608165388,221666,12397,6817,872,1383226.9331884207,3,8478.200673405277
CMP_139,CUST_0732,2026-02-14,Meta Ads,Packaged Foods,Conversion,Mumbai,Regular,28,53182.68803525206,118710,2423,1006,88,90974.2600724094,1,1161.933858586272
CMP_065,CUST_0654,2026-03-10,Google Ads,Packaged Foods,Awareness,Chennai,Regular,34,97683.66143681668,673117,27807,10456,595,737460.3391643404,3,5255.422874397663
CMP_130,CUST_0655,2026-07-10,Instagram,Snacks,Retargeting,Bangalore,Regular,46,56438.6616650657,358989,9463,2917,139,127095.9204063745,5,5051.247075401148
CMP_022,CUST_0503,2026-05-06,YouTube,Home Care,Product Launch,Chennai,Budget,49,69077.00226493613,219907,4940,1256,33,21889.178839844186,2,1471.6825357843295
CMP_044,CUST_0169,2026-03-03,Instagram,Home Care,Conversion,Mumbai,Budget,61,52333.43565348021,268966,9607,5209,224,150906.09210464888,6,4017.796309514116
CMP_035,CUST_1190,2026-04-11,LinkedIn,Beverages,Seasonal,Pune,Regular,23,58071.92206257204,131783,3768,2180,65,82051.11293965786,8,12126.439039580393
CMP_113,CUST_0012,2026-01-31,Instagram,Personal Care,Seasonal,Hyderabad,Premium,22,26733.959019159858,202683,7947,2029,69,72178.18537212531,2,5712.588423012816
CMP_135,CUST_1426,2026-07-31,YouTube,Home Care,Product Launch,Bangalore,Premium,51,18402.62384248507,65425,1313,507,11,12599.504037925704,8,9094.436784972748
CMP_124,CUST_0338,2026-04-29,Instagram,Home Care,Awareness,Kolkata,Premium,60,67366.27639259088,292899,8296,2624,155,165865.54218150032,2,5098.766573274645
CMP_049,CUST_0098,2026-03-10,Google Ads,Packaged Foods,Seasonal,Mumbai,Premium,60,48344.710324463194,183007,7834,4638,441,562260.8953666467,3,6346.709538906009
CMP_089,CUST_0591,2026-04-26,Instagram,Beverages,Seasonal,Mumbai,Budget,45,80010.68865320193,192461,7175,4034,184,128954.39604770506,5,7952.189178870307
CMP_118,CUST_0795,2026-06-08,Meta Ads,Snacks,Retargeting,Chennai,Regular,56,19653.97074771028,67200,1838,912,57,44702.98029620531,2,1958.0032777650058
CMP_068,CUST_1285,2026-06-12,Instagram,Home Care,Product Launch,Hyderabad,Budget,19,93986.25294645444,319950,8641,4020,265,189256.2616685484,5,4670.773341868183
CMP_131,CUST_1383,2026-01-30,Meta Ads,Packaged Foods,Product Launch,Mumbai,Regular,44,82609.06585668425,355159,10484,5729,361,312991.0303578118,1,725.3781721136419
CMP_051,CUST_0332,2026-07-21,Meta Ads,Packaged Foods,Product Launch,Delhi,Budget,33,25425.410754888664,87619,3169,1581,89,62551.4625742919,2,2508.2981371574783
CMP_038,CUST_0083,2026-06-18,LinkedIn,Packaged Foods,Seasonal,Bangalore,Premium,52,82134.82362063903,539772,17950,9222,386,778731.3810567639,10,16770.000824781393
CMP_111,CUST_0219,2026-08-10,Email,Home Care,Seasonal,Hyderabad,Budget,36,95440.3456985127,227766,16942,4516,363,296820.789392876,9,19996.951211096675
CMP_119,CUST_1127,2026-08-13,Instagram,Packaged Foods,Product Launch,Bangalore,Regular,53,81888.39356821225,203869,7133,1849,83,84415.42027032933,10,17363.4984184336
CMP_022,CUST_0189,2026-07-06,YouTube,Packaged Foods,Awareness,Chennai,Budget,50,37242.72189824887,103026,1980,914,38,21296.308597506468,7,9589.974919362025
CMP_058,CUST_0320,2026-06-11,Email,Snacks,Product Launch,Pune,Premium,36,89246.31375784332,315490,27342,15144,1430,2240752.1567101665,4,6263.689529290802
CMP_098,CUST_1415,2026-02-24,Email,Personal Care,Retargeting,Hyderabad,Budget,25,70259.99810862048,181040,11979,4452,390,405414.7591181364,11,12734.330023868997
CMP_098,CUST_0530,2026-01-10,LinkedIn,Packaged Foods,Conversion,Mumbai,Regular,44,52468.19878805204,134908,4267,2448,68,99905.29273499666,6,8902.110287432852
CMP_086,CUST_0149,2026-08-22,LinkedIn,Packaged Foods,Conversion,Kolkata,Premium,20,93345.95359736143,688984,11392,5446,224,479755.6834067268,2,4536.00645603648
CMP_019,CUST_0560,2026-08-10,Meta Ads,Personal Care,Retargeting,Chennai,Regular,31,9527.82778712585,22725,751,210,18,15500.85532370086,10,14658.731619190927
CMP_094,CUST_0889,2026-04-28,YouTube,Home Care,Seasonal,Kolkata,Budget,57,7818.176619538079,37059,851,249,5,2995.2966473915226,1,1365.4129313009412
CMP_114,CUST_0935,2026-08-13,Meta Ads,Beverages,Product Launch,Delhi,Budget,53,14864.83153524947,107979,3854,1090,89,58264.48151152562,5,7431.465189301737
CMP_053,CUST_1475,2026-08-15,Instagram,Personal Care,Conversion,Hyderabad,Budget,54,86445.74061361664,388039,12001,6208,322,219331.20411932422,10,9033.819077193677
CMP_056,CUST_1162,2026-09-12,Instagram,Beverages,Conversion,Kolkata,Regular,19,15878.187423673087,35376,1225,705,38,36363.778476274114,9,8692.84800681686
CMP_028,CUST_0117,2026-05-19,Google Ads,Packaged Foods,Product Launch,Chennai,Premium,21,39442.29324293475,138777,7193,2298,139,221059.13482903366,6,17158.35034392592
CMP_087,CUST_1289,2026-02-05,Email,Packaged Foods,Conversion,Chennai,Budget,42,27526.88500811897,227818,17939,7766,901,984756.6785117657,5,8355.460352766571
CMP_068,CUST_0056,2026-02-13,YouTube,Personal Care,Product Launch,Kolkata,Budget,38,72151.82789274391,292193,6072,2077,75,47420.3812988826,10,13394.01439220115
CMP_034,CUST_0179,2026-05-29,YouTube,Personal Care,Retargeting,Bangalore,Premium,60,70829.56273806895,438357,10144,5240,173,179853.16179515285,4,5178.026911004587
CMP_063,CUST_0541,2026-06-22,Google Ads,Home Care,Conversion,Delhi,Budget,49,68057.52923804818,229938,9419,5633,501,442785.26981519035,5,9322.618652794512
CMP_075,CUST_0544,2026-08-08,Google Ads,Packaged Foods,Retargeting,Pune,Regular,46,42283.26336851291,295598,15550,6757,539,556010.0944957722,11,19673.573563579175
CMP_108,CUST_0854,2026-05-03,YouTube,Home Care,Retargeting,Bangalore,Premium,19,45683.841664542655,207199,3670,1633,63,71036.67438721692,7,6146.104088692456
CMP_140,CUST_1091,2026-08-23,Meta Ads,Home Care,Seasonal,Hyderabad,Premium,24,53971.44205855067,341693,8545,3196,136,162210.1079049887,10,23944.186517147304
CMP_100,CUST_1379,2026-01-12,Instagram,Snacks,Conversion,Chennai,Premium,53,77537.15386467816,332929,11246,4130,199,215940.96810605848,9,25321.48392517883
CMP_053,CUST_0749,2026-06-27,Email,Snacks,Awareness,Hyderabad,Regular,50,63007.98535130528,161240,11860,3688,266,350043.45307086763,4,6802.608546668596
CMP_131,CUST_1034,2026-08-10,Email,Home Care,Retargeting,Kolkata,Regular,30,31187.332521047425,108530,5729,3136,270,388960.3966994933,1,2280.847351895616
CMP_030,CUST_1001,2026-08-26,YouTube,Beverages,Seasonal,Delhi,Premium,61,75538.7458332196,204579,4407,2486,69,82632.96105808037,7,16809.341575728868
CMP_067,CUST_0764,2026-03-08,YouTube,Personal Care,Awareness,Hyderabad,Budget,43,30092.62489637058,81093,2006,652,15,8275.724954637915,9,7338.332297393764
CMP_113,CUST_0040,2026-01-11,Instagram,Packaged Foods,Awareness,Hyderabad,Budget,21,78803.05770017818,306118,9060,2976,158,92097.72382256841,11,13016.906536674433
CMP_074,CUST_0738,2026-09-04,Google Ads,Snacks,Retargeting,Bangalore,Premium,51,91892.20807670236,232762,12279,3324,270,430744.5876489183,8,19894.324924016237
